# Blender 4.5.1 LTS
# www.blender.org
mtllib kandiSign.mtl
o kandilogo
v -8.261447 0.939821 -2.185927
v -8.261258 0.948564 -2.185856
v -8.260717 0.957154 -2.185654
v -8.259807 0.965583 -2.185313
v -8.258546 0.973841 -2.184841
v -8.256943 0.981922 -2.184241
v -8.254996 0.989816 -2.183512
v -8.252718 0.997517 -2.182659
v -8.250105 1.005015 -2.181682
v -8.247169 1.012302 -2.180583
v -8.243917 1.019372 -2.179365
v -8.240349 1.026214 -2.178030
v -8.236476 1.032822 -2.176580
v -8.232296 1.039187 -2.175016
v -8.227819 1.045300 -2.173340
v -8.223054 1.051154 -2.171556
v -8.218000 1.056741 -2.169665
v -8.212667 1.062052 -2.167668
v -8.207064 1.067080 -2.165571
v -8.201191 1.071816 -2.163373
v -8.195056 1.076252 -2.161077
v -8.188661 1.080380 -2.158683
v -8.182012 1.084191 -2.156194
v -8.175121 1.087678 -2.153615
v -8.167986 1.090833 -2.150944
v -8.160618 1.093646 -2.148186
v -8.153015 1.096112 -2.145340
v -8.145195 1.098220 -2.142414
v -8.137151 1.099964 -2.139403
v -8.128900 1.101334 -2.136314
v -8.120432 1.102322 -2.133145
v -8.111775 1.102922 -2.129904
v -8.102911 1.103123 -2.126586
v -6.863390 1.103123 -1.662631
v -6.852688 1.102836 -1.658625
v -6.841986 1.101985 -1.654619
v -6.831293 1.100582 -1.650617
v -6.820637 1.098642 -1.646628
v -6.810025 1.096180 -1.642656
v -6.799485 1.093209 -1.638711
v -6.789018 1.089741 -1.634793
v -6.778649 1.085793 -1.630912
v -6.768389 1.081377 -1.627072
v -6.758264 1.076507 -1.623282
v -6.748283 1.071197 -1.619546
v -6.738464 1.065461 -1.615870
v -6.728816 1.059313 -1.612259
v -6.719375 1.052766 -1.608726
v -6.710142 1.045835 -1.605269
v -6.701134 1.038533 -1.601898
v -6.692378 1.030874 -1.598620
v -6.683874 1.022873 -1.595437
v -6.675658 1.014542 -1.592362
v -6.667731 1.005896 -1.589395
v -6.660110 0.996949 -1.586542
v -6.652822 0.987714 -1.583815
v -6.645868 0.978206 -1.581212
v -6.639283 0.968437 -1.578747
v -6.633077 0.958423 -1.576424
v -6.627257 0.948176 -1.574245
v -6.621843 0.937711 -1.572219
v -6.616862 0.927042 -1.570354
v -6.612322 0.916183 -1.568655
v -6.608241 0.905146 -1.567128
v -6.604629 0.893947 -1.565776
v -6.601512 0.882599 -1.564609
v -6.490828 0.441543 -1.523180
v -6.487585 0.426818 -1.521966
v -6.485297 0.412351 -1.521109
v -6.483936 0.398174 -1.520600
v -6.483486 0.384318 -1.520432
v -6.483675 0.375575 -1.520503
v -6.484225 0.366984 -1.520708
v -6.485126 0.358556 -1.521045
v -6.486387 0.350297 -1.521518
v -6.487990 0.342216 -1.522118
v -6.489936 0.334321 -1.522846
v -6.492215 0.326620 -1.523699
v -6.494827 0.319122 -1.524677
v -6.497764 0.311833 -1.525776
v -6.501016 0.304765 -1.526993
v -6.504583 0.297922 -1.528328
v -6.508466 0.291314 -1.529782
v -6.512646 0.284948 -1.531346
v -6.517114 0.278835 -1.533019
v -6.521879 0.272981 -1.534802
v -6.526933 0.267394 -1.536694
v -6.532266 0.262082 -1.538690
v -6.537869 0.257054 -1.540787
v -6.543742 0.252318 -1.542986
v -6.549886 0.247882 -1.545285
v -6.556282 0.243754 -1.547679
v -6.562921 0.239942 -1.550164
v -6.569821 0.236455 -1.552747
v -6.576955 0.233301 -1.555418
v -6.584324 0.230486 -1.558176
v -6.591918 0.228021 -1.561018
v -6.599746 0.225913 -1.563948
v -6.607781 0.224170 -1.566956
v -6.616042 0.222799 -1.570048
v -6.624501 0.221810 -1.573214
v -6.633167 0.221211 -1.576458
v -6.642022 0.221010 -1.579772
v -6.763029 0.221010 -1.625065
v -6.773335 0.221280 -1.628923
v -6.783703 0.222088 -1.632804
v -6.794116 0.223424 -1.636701
v -6.804566 0.225282 -1.640613
v -6.815016 0.227653 -1.644524
v -6.825456 0.230532 -1.648432
v -6.835870 0.233910 -1.652330
v -6.846238 0.237779 -1.656211
v -6.856534 0.242132 -1.660064
v -6.866750 0.246963 -1.663888
v -6.876857 0.252263 -1.667671
v -6.886847 0.258023 -1.671411
v -6.896693 0.264239 -1.675096
v -6.906386 0.270901 -1.678724
v -6.915890 0.278002 -1.682281
v -6.925204 0.285535 -1.685768
v -7.295955 0.597542 -1.824541
v -7.305261 0.605075 -1.828024
v -7.314774 0.612177 -1.831585
v -7.324457 0.618839 -1.835209
v -7.334303 0.625055 -1.838895
v -7.344293 0.630816 -1.842634
v -7.354409 0.636115 -1.846421
v -7.364625 0.640945 -1.850244
v -7.374921 0.645299 -1.854098
v -7.385290 0.649167 -1.857979
v -7.395703 0.652544 -1.861877
v -7.406144 0.655423 -1.865785
v -7.416594 0.657795 -1.869696
v -7.427043 0.659653 -1.873607
v -7.437456 0.660989 -1.877505
v -7.447824 0.661796 -1.881386
v -7.458130 0.662067 -1.885243
v -7.992227 0.662067 -2.085157
v -8.002930 0.662353 -2.089163
v -8.013631 0.663205 -2.093169
v -8.024323 0.664607 -2.097171
v -8.034980 0.666547 -2.101160
v -8.045591 0.669010 -2.105132
v -8.056131 0.671981 -2.109077
v -8.066599 0.675448 -2.112995
v -8.076976 0.679397 -2.116879
v -8.087228 0.683813 -2.120716
v -8.097353 0.688683 -2.124506
v -8.107333 0.693994 -2.128242
v -8.117153 0.699730 -2.131917
v -8.126801 0.705878 -2.135528
v -8.136241 0.712425 -2.139062
v -8.145474 0.719357 -2.142518
v -8.154483 0.726658 -2.145890
v -8.163239 0.734318 -2.149167
v -8.171743 0.742319 -2.152350
v -8.179967 0.750651 -2.155429
v -8.187895 0.759297 -2.158396
v -8.195506 0.768244 -2.161245
v -8.202804 0.777480 -2.163976
v -8.209748 0.786989 -2.166576
v -8.216333 0.796758 -2.169041
v -8.222548 0.806773 -2.171367
v -8.228360 0.817019 -2.173542
v -8.233774 0.827484 -2.175569
v -8.238754 0.838154 -2.177433
v -8.243295 0.849013 -2.179132
v -8.247385 0.860051 -2.180664
v -8.250988 0.871251 -2.182012
v -8.254105 0.882599 -2.183179
v -8.257348 0.897323 -2.184393
v -8.259636 0.911789 -2.185249
v -8.260997 0.925965 -2.185758
v -7.666325 0.939821 -3.775877
v -7.666136 0.948564 -3.775806
v -7.665595 0.957154 -3.775604
v -7.664685 0.965582 -3.775263
v -7.663424 0.973841 -3.774791
v -7.661820 0.981921 -3.774191
v -7.659874 0.989816 -3.773463
v -7.657596 0.997517 -3.772609
v -7.654983 1.005015 -3.771632
v -7.652047 1.012302 -3.770533
v -7.648795 1.019372 -3.769315
v -7.645227 1.026214 -3.767980
v -7.641354 1.032822 -3.766530
v -7.637174 1.039187 -3.764966
v -7.632697 1.045300 -3.763290
v -7.627932 1.051154 -3.761506
v -7.622878 1.056741 -3.759615
v -7.617545 1.062052 -3.757618
v -7.611942 1.067080 -3.755521
v -7.606069 1.071816 -3.753323
v -7.599934 1.076252 -3.751027
v -7.593538 1.080380 -3.748633
v -7.586890 1.084191 -3.746144
v -7.579999 1.087678 -3.743565
v -7.572864 1.090833 -3.740894
v -7.565496 1.093646 -3.738136
v -7.557893 1.096112 -3.735291
v -7.550073 1.098220 -3.732364
v -7.542029 1.099964 -3.729353
v -7.533777 1.101334 -3.726264
v -7.525310 1.102322 -3.723095
v -7.516653 1.102922 -3.719854
v -7.507789 1.103123 -3.716537
v -6.268268 1.103123 -3.252581
v -6.257565 1.102836 -3.248575
v -6.246863 1.101985 -3.244569
v -6.236171 1.100582 -3.240567
v -6.225514 1.098642 -3.236578
v -6.214902 1.096180 -3.232606
v -6.204363 1.093209 -3.228661
v -6.193895 1.089741 -3.224743
v -6.183527 1.085793 -3.220862
v -6.173266 1.081377 -3.217022
v -6.163141 1.076507 -3.213232
v -6.153161 1.071197 -3.209496
v -6.143342 1.065461 -3.205821
v -6.133693 1.059313 -3.202209
v -6.124253 1.052766 -3.198676
v -6.115019 1.045835 -3.195220
v -6.106011 1.038533 -3.191848
v -6.097255 1.030874 -3.188570
v -6.088751 1.022873 -3.185387
v -6.080536 1.014542 -3.182312
v -6.072608 1.005896 -3.179345
v -6.064988 0.996949 -3.176492
v -6.057700 0.987714 -3.173765
v -6.050745 0.978205 -3.171162
v -6.044161 0.968437 -3.168697
v -6.037954 0.958423 -3.166374
v -6.032135 0.948176 -3.164196
v -6.026721 0.937711 -3.162169
v -6.021739 0.927042 -3.160305
v -6.017200 0.916183 -3.158605
v -6.013118 0.905146 -3.157078
v -6.009506 0.893947 -3.155726
v -6.006390 0.882599 -3.154559
v -5.895706 0.441543 -3.113130
v -5.892463 0.426818 -3.111916
v -5.890174 0.412351 -3.111059
v -5.888814 0.398174 -3.110550
v -5.888364 0.384318 -3.110382
v -5.888553 0.375575 -3.110453
v -5.889102 0.366984 -3.110658
v -5.890003 0.358555 -3.110996
v -5.891264 0.350297 -3.111468
v -5.892868 0.342215 -3.112068
v -5.894814 0.334321 -3.112796
v -5.897093 0.326620 -3.113649
v -5.899705 0.319122 -3.114627
v -5.902642 0.311833 -3.115726
v -5.905894 0.304765 -3.116943
v -5.909461 0.297922 -3.118279
v -5.913343 0.291314 -3.119732
v -5.917523 0.284948 -3.121296
v -5.921992 0.278835 -3.122969
v -5.926756 0.272981 -3.124752
v -5.931810 0.267393 -3.126644
v -5.937143 0.262082 -3.128640
v -5.942747 0.257054 -3.130737
v -5.948619 0.252318 -3.132936
v -5.954763 0.247882 -3.135235
v -5.961159 0.243754 -3.137629
v -5.967798 0.239942 -3.140114
v -5.974699 0.236455 -3.142697
v -5.981833 0.233300 -3.145368
v -5.989202 0.230486 -3.148126
v -5.996796 0.228021 -3.150968
v -6.004624 0.225912 -3.153898
v -6.012659 0.224170 -3.156906
v -6.020920 0.222799 -3.159998
v -6.029378 0.221810 -3.163164
v -6.038044 0.221211 -3.166408
v -6.046899 0.221010 -3.169722
v -6.167907 0.221010 -3.215015
v -6.178212 0.221280 -3.218873
v -6.188581 0.222088 -3.222754
v -6.198994 0.223424 -3.226651
v -6.209444 0.225281 -3.230563
v -6.219893 0.227653 -3.234474
v -6.230334 0.230532 -3.238382
v -6.240747 0.233910 -3.242280
v -6.251116 0.237779 -3.246161
v -6.261412 0.242132 -3.250015
v -6.271627 0.246963 -3.253838
v -6.281734 0.252263 -3.257622
v -6.291725 0.258023 -3.261361
v -6.301570 0.264239 -3.265046
v -6.311264 0.270900 -3.268674
v -6.320767 0.278002 -3.272232
v -6.330081 0.285535 -3.275718
v -6.700833 0.597542 -3.414491
v -6.710138 0.605075 -3.417974
v -6.719651 0.612177 -3.421535
v -6.729335 0.618839 -3.425159
v -6.739181 0.625054 -3.428845
v -6.749171 0.630816 -3.432584
v -6.759287 0.636115 -3.436371
v -6.769503 0.640945 -3.440194
v -6.779799 0.645299 -3.444048
v -6.790167 0.649167 -3.447929
v -6.800581 0.652544 -3.451827
v -6.811021 0.655423 -3.455735
v -6.821471 0.657795 -3.459646
v -6.831921 0.659652 -3.463557
v -6.842334 0.660989 -3.467455
v -6.852702 0.661795 -3.471336
v -6.863008 0.662067 -3.475193
v -7.397105 0.662067 -3.675107
v -7.407807 0.662353 -3.679113
v -7.418509 0.663205 -3.683119
v -7.429201 0.664607 -3.687121
v -7.439858 0.666547 -3.691110
v -7.450469 0.669009 -3.695082
v -7.461009 0.671981 -3.699027
v -7.471477 0.675448 -3.702945
v -7.481854 0.679397 -3.706829
v -7.492105 0.683813 -3.710666
v -7.502231 0.688683 -3.714456
v -7.512211 0.693994 -3.718192
v -7.522031 0.699730 -3.721867
v -7.531679 0.705878 -3.725478
v -7.541119 0.712425 -3.729012
v -7.550353 0.719357 -3.732468
v -7.559361 0.726658 -3.735840
v -7.568117 0.734318 -3.739117
v -7.576621 0.742319 -3.742301
v -7.584845 0.750651 -3.745379
v -7.592773 0.759297 -3.748346
v -7.600384 0.768244 -3.751195
v -7.607681 0.777480 -3.753927
v -7.614626 0.786989 -3.756526
v -7.621211 0.796758 -3.758991
v -7.627427 0.806772 -3.761317
v -7.633238 0.817019 -3.763492
v -7.638652 0.827484 -3.765519
v -7.643632 0.838154 -3.767383
v -7.648173 0.849013 -3.769083
v -7.652263 0.860051 -3.770614
v -7.655866 0.871251 -3.771962
v -7.658983 0.882599 -3.773129
v -7.662226 0.897323 -3.774343
v -7.664514 0.911788 -3.775199
v -7.665874 0.925965 -3.775708
v -7.963796 0.944193 -2.980868
v -7.963426 0.952859 -2.980730
v -7.962697 0.961368 -2.980457
v -7.961615 0.969712 -2.980052
v -7.960183 0.977881 -2.979516
v -7.958409 0.985869 -2.978852
v -7.956301 0.993666 -2.978063
v -7.953851 1.001266 -2.977146
v -7.951076 1.008659 -2.976107
v -7.947987 1.015837 -2.974951
v -7.944572 1.022793 -2.973673
v -7.940852 1.029518 -2.972280
v -7.936825 1.036004 -2.970773
v -7.932492 1.042243 -2.969151
v -7.927871 1.048227 -2.967422
v -7.922961 1.053948 -2.965584
v -7.917772 1.059397 -2.963641
v -7.912304 1.064566 -2.961595
v -7.906567 1.069448 -2.959447
v -7.900558 1.074034 -2.957198
v -7.894297 1.078315 -2.954854
v -7.887775 1.082285 -2.952414
v -7.881001 1.085934 -2.949878
v -7.873992 1.089256 -2.947254
v -7.866741 1.092240 -2.944540
v -7.859255 1.094880 -2.941738
v -7.851544 1.097166 -2.938852
v -7.843608 1.099092 -2.935882
v -7.835464 1.100649 -2.932833
v -7.827105 1.101828 -2.929704
v -7.818547 1.102622 -2.926501
v -7.809782 1.103022 -2.923220
v -7.185594 1.103123 -2.689585
v -6.560478 1.102979 -2.455603
v -6.549776 1.102410 -2.451597
v -6.539083 1.101284 -2.447595
v -6.528409 1.099612 -2.443599
v -6.517770 1.097411 -2.439617
v -6.507194 1.094695 -2.435658
v -6.496690 1.091476 -2.431727
v -6.486268 1.087768 -2.427826
v -6.475954 1.083586 -2.423965
v -6.465765 1.078942 -2.420152
v -6.455712 1.073852 -2.416389
v -6.445812 1.068329 -2.412683
v -6.436083 1.062387 -2.409042
v -6.426534 1.056039 -2.405468
v -6.417193 1.049301 -2.401971
v -6.408077 1.042184 -2.398559
v -6.399195 1.034704 -2.395234
v -6.390564 1.026874 -2.392004
v -6.382205 1.018708 -2.388875
v -6.374134 1.010219 -2.385854
v -6.366359 1.001423 -2.382944
v -6.358901 0.992331 -2.380152
v -6.351784 0.982960 -2.377488
v -6.345019 0.973321 -2.374956
v -6.338614 0.963430 -2.372559
v -6.332606 0.953299 -2.370310
v -6.326985 0.942944 -2.368206
v -6.321796 0.932377 -2.366264
v -6.317030 0.921612 -2.364480
v -6.312716 0.910664 -2.362865
v -6.308869 0.899547 -2.361425
v -6.305509 0.888273 -2.360168
v -6.248613 0.662071 -2.338871
v -6.191645 0.434180 -2.317548
v -6.188880 0.419584 -2.316513
v -6.187060 0.405263 -2.315832
v -6.186150 0.391246 -2.315491
v -6.186024 0.379946 -2.315444
v -6.186384 0.371279 -2.315579
v -6.187114 0.362769 -2.315852
v -6.188195 0.354426 -2.316257
v -6.189627 0.346256 -2.316792
v -6.191402 0.338268 -2.317457
v -6.193510 0.330470 -2.318246
v -6.195960 0.322871 -2.319163
v -6.198734 0.315478 -2.320201
v -6.201834 0.308299 -2.321362
v -6.205239 0.301343 -2.322636
v -6.208968 0.294618 -2.324032
v -6.212995 0.288131 -2.325539
v -6.217319 0.281892 -2.327157
v -6.221940 0.275908 -2.328887
v -6.226849 0.270187 -2.330725
v -6.232038 0.264738 -2.332667
v -6.237506 0.259568 -2.334714
v -6.243244 0.254686 -2.336862
v -6.249253 0.250100 -2.339111
v -6.255523 0.245818 -2.341457
v -6.262035 0.241849 -2.343895
v -6.268810 0.238198 -2.346431
v -6.275827 0.234878 -2.349057
v -6.283079 0.231893 -2.351772
v -6.290555 0.229254 -2.354570
v -6.298266 0.226967 -2.357456
v -6.306203 0.225041 -2.360427
v -6.314346 0.223484 -2.363475
v -6.322706 0.222305 -2.366604
v -6.331273 0.221511 -2.369811
v -6.340029 0.221111 -2.373088
v -6.404969 0.221010 -2.397395
v -6.470621 0.221145 -2.421969
v -6.480962 0.221684 -2.425840
v -6.491348 0.222756 -2.429728
v -6.501780 0.224353 -2.433632
v -6.512229 0.226468 -2.437543
v -6.522670 0.229093 -2.441451
v -6.533102 0.232221 -2.445356
v -6.543488 0.235845 -2.449244
v -6.553821 0.239956 -2.453111
v -6.564081 0.244548 -2.456951
v -6.574242 0.249613 -2.460755
v -6.584295 0.255142 -2.464518
v -6.594213 0.261131 -2.468230
v -6.603978 0.267570 -2.471885
v -6.613572 0.274451 -2.475476
v -6.622985 0.281769 -2.479000
v -6.813014 0.441538 -2.550128
v -7.003042 0.601308 -2.621256
v -7.012456 0.608626 -2.624779
v -7.022049 0.615508 -2.628370
v -7.031824 0.621947 -2.632029
v -7.041741 0.627935 -2.635741
v -7.051785 0.633465 -2.639501
v -7.061956 0.638530 -2.643307
v -7.072207 0.643122 -2.647145
v -7.082540 0.647233 -2.651012
v -7.092935 0.650856 -2.654903
v -7.103358 0.653984 -2.658804
v -7.113807 0.656609 -2.662715
v -7.124257 0.658723 -2.666627
v -7.134688 0.660320 -2.670531
v -7.145075 0.661393 -2.674419
v -7.155416 0.661931 -2.678290
v -7.427618 0.662067 -2.780175
v -7.700017 0.662210 -2.882135
v -7.710719 0.662780 -2.886141
v -7.721412 0.663906 -2.890143
v -7.732086 0.665577 -2.894139
v -7.742725 0.667778 -2.898121
v -7.753300 0.670496 -2.902079
v -7.763804 0.673715 -2.906011
v -7.774227 0.677423 -2.909912
v -7.784541 0.681605 -2.913773
v -7.794729 0.686248 -2.917586
v -7.804782 0.691338 -2.921349
v -7.814682 0.696862 -2.925055
v -7.824420 0.702804 -2.928699
v -7.833961 0.709152 -2.932271
v -7.843301 0.715891 -2.935767
v -7.852418 0.723008 -2.939179
v -7.861300 0.730489 -2.942504
v -7.869930 0.738319 -2.945734
v -7.878290 0.746485 -2.948863
v -7.886370 0.754974 -2.951888
v -7.894135 0.763771 -2.954794
v -7.901594 0.772862 -2.957586
v -7.908711 0.782234 -2.960250
v -7.915475 0.791873 -2.962782
v -7.921881 0.801765 -2.965179
v -7.927889 0.811895 -2.967428
v -7.933510 0.822252 -2.969532
v -7.938708 0.832819 -2.971478
v -7.943464 0.843584 -2.973258
v -7.947779 0.854533 -2.974873
v -7.951626 0.865651 -2.976313
v -7.954986 0.876925 -2.977571
v -7.958165 0.889961 -2.978760
v -7.960931 0.904556 -2.979796
v -7.962759 0.918877 -2.980480
v -7.963661 0.932893 -2.980818
v -8.064508 0.142998 -2.112212
v -8.064959 0.156855 -2.112381
v -8.064230 0.174189 -2.112108
v -8.062068 0.190876 -2.111299
v -8.058518 0.206851 -2.109970
v -8.053627 0.222050 -2.108139
v -8.047429 0.236407 -2.105819
v -8.039989 0.249858 -2.103034
v -8.031332 0.262336 -2.099794
v -8.021522 0.273777 -2.096122
v -8.010586 0.284116 -2.092029
v -7.998569 0.293289 -2.087531
v -7.985525 0.301228 -2.082649
v -7.971499 0.307869 -2.077399
v -7.956537 0.313149 -2.071798
v -7.940664 0.317000 -2.065857
v -7.923954 0.319359 -2.059602
v -7.906425 0.320160 -2.053041
v -7.626412 0.320160 -1.948232
v -7.616107 0.319889 -1.944375
v -7.605739 0.319082 -1.940494
v -7.595325 0.317745 -1.936596
v -7.584876 0.315887 -1.932684
v -7.574426 0.313514 -1.928773
v -7.563976 0.310634 -1.924862
v -7.553563 0.307255 -1.920964
v -7.543195 0.303384 -1.917083
v -7.532899 0.299029 -1.913229
v -7.522674 0.294197 -1.909402
v -7.512567 0.288896 -1.905619
v -7.502576 0.283132 -1.901880
v -7.492731 0.276915 -1.898195
v -7.483038 0.270250 -1.894567
v -7.473525 0.263146 -1.891006
v -7.464220 0.255610 -1.887523
v -7.093595 -0.056356 -1.748797
v -7.084289 -0.063887 -1.745314
v -7.074776 -0.070996 -1.741753
v -7.065084 -0.077661 -1.738125
v -7.055237 -0.083875 -1.734440
v -7.045248 -0.089636 -1.730700
v -7.035141 -0.094936 -1.726917
v -7.024916 -0.099765 -1.723090
v -7.014620 -0.104122 -1.719236
v -7.004251 -0.107998 -1.715355
v -6.993837 -0.111374 -1.711457
v -6.983388 -0.114250 -1.707546
v -6.972939 -0.116626 -1.703635
v -6.962489 -0.118483 -1.699724
v -6.952075 -0.119819 -1.695826
v -6.941707 -0.120627 -1.691945
v -6.931393 -0.120897 -1.688084
v -6.556219 -0.120897 -1.547656
v -6.545517 -0.121185 -1.543650
v -6.534815 -0.122032 -1.539644
v -6.524131 -0.123436 -1.535645
v -6.513474 -0.125379 -1.531657
v -6.502863 -0.127841 -1.527684
v -6.492314 -0.130814 -1.523736
v -6.481855 -0.134276 -1.519821
v -6.471478 -0.138229 -1.515937
v -6.461227 -0.142644 -1.512100
v -6.451092 -0.147511 -1.508307
v -6.441112 -0.152821 -1.504571
v -6.431293 -0.158563 -1.500896
v -6.421654 -0.164709 -1.497288
v -6.412213 -0.171260 -1.493754
v -6.402979 -0.178185 -1.490298
v -6.393971 -0.185485 -1.486926
v -6.385207 -0.193151 -1.483645
v -6.376711 -0.201154 -1.480466
v -6.368487 -0.209484 -1.477387
v -6.360560 -0.218131 -1.474420
v -6.352939 -0.227076 -1.471568
v -6.345652 -0.236310 -1.468840
v -6.338706 -0.245823 -1.466240
v -6.332121 -0.255586 -1.463775
v -6.325905 -0.265599 -1.461449
v -6.320086 -0.275852 -1.459271
v -6.314682 -0.286317 -1.457248
v -6.309690 -0.296984 -1.455379
v -6.305151 -0.307843 -1.453680
v -6.301070 -0.318886 -1.452153
v -6.297457 -0.330082 -1.450801
v -6.294341 -0.341431 -1.449634
v -6.072901 -1.223878 -1.366749
v -6.069657 -1.238604 -1.365535
v -6.067369 -1.253070 -1.364678
v -6.066010 -1.267248 -1.364169
v -6.065559 -1.281109 -1.364001
v -6.066288 -1.298441 -1.364274
v -6.068450 -1.315130 -1.365083
v -6.072009 -1.331106 -1.366415
v -6.076900 -1.346303 -1.368246
v -6.083089 -1.360664 -1.370562
v -6.090529 -1.374111 -1.373347
v -6.099186 -1.386595 -1.376587
v -6.109005 -1.398032 -1.380263
v -6.119941 -1.408372 -1.384356
v -6.131949 -1.417539 -1.388851
v -6.144993 -1.425483 -1.393733
v -6.159019 -1.432120 -1.398983
v -6.173991 -1.437401 -1.404587
v -6.189854 -1.441258 -1.410525
v -6.206573 -1.443614 -1.416783
v -6.224094 -1.444413 -1.423341
v -7.463616 -1.444413 -1.887297
v -7.474318 -1.444124 -1.891302
v -7.485020 -1.443278 -1.895308
v -7.495712 -1.441874 -1.899310
v -7.506369 -1.439930 -1.903299
v -7.516981 -1.437468 -1.907271
v -7.527521 -1.434496 -1.911216
v -7.537988 -1.431033 -1.915134
v -7.548357 -1.427080 -1.919015
v -7.558617 -1.422665 -1.922856
v -7.568742 -1.417798 -1.926646
v -7.578723 -1.412489 -1.930382
v -7.588542 -1.406747 -1.934057
v -7.598190 -1.400600 -1.937668
v -7.607630 -1.394060 -1.941202
v -7.616864 -1.387125 -1.944658
v -7.625872 -1.379824 -1.948030
v -7.634628 -1.372168 -1.951307
v -7.643132 -1.364165 -1.954490
v -7.651348 -1.355826 -1.957565
v -7.659284 -1.347188 -1.960536
v -7.666895 -1.338233 -1.963385
v -7.674183 -1.328999 -1.966112
v -7.681138 -1.319496 -1.968715
v -7.687722 -1.309724 -1.971180
v -7.693929 -1.299711 -1.973504
v -7.699749 -1.289458 -1.975682
v -7.705163 -1.278993 -1.977708
v -7.710144 -1.268326 -1.979573
v -7.714684 -1.257466 -1.981272
v -7.718765 -1.246434 -1.982800
v -7.722377 -1.235228 -1.984152
v -7.725494 -1.223878 -1.985318
v -8.057618 0.099627 -2.109633
v -8.060861 0.114353 -2.110847
v -8.063148 0.128820 -2.111703
v -7.469387 0.142997 -3.702163
v -7.469837 0.156855 -3.702331
v -7.469108 0.174189 -3.702058
v -7.466946 0.190876 -3.701249
v -7.463396 0.206851 -3.699920
v -7.458505 0.222050 -3.698089
v -7.452307 0.236407 -3.695770
v -7.444867 0.249858 -3.692985
v -7.436210 0.262336 -3.689744
v -7.426400 0.273777 -3.686072
v -7.415463 0.284116 -3.681979
v -7.403446 0.293289 -3.677481
v -7.390403 0.301228 -3.672599
v -7.376377 0.307869 -3.667349
v -7.361414 0.313149 -3.661748
v -7.345542 0.317000 -3.655807
v -7.328832 0.319359 -3.649553
v -7.311302 0.320160 -3.642991
v -7.031290 0.320160 -3.538182
v -7.020985 0.319889 -3.534325
v -7.010616 0.319082 -3.530444
v -7.000203 0.317745 -3.526546
v -6.989753 0.315886 -3.522635
v -6.979304 0.313514 -3.518723
v -6.968854 0.310634 -3.514812
v -6.958441 0.307255 -3.510914
v -6.948072 0.303384 -3.507033
v -6.937777 0.299029 -3.503180
v -6.927551 0.294197 -3.499352
v -6.917444 0.288896 -3.495569
v -6.907454 0.283132 -3.491830
v -6.897609 0.276915 -3.488145
v -6.887916 0.270250 -3.484517
v -6.878403 0.263146 -3.480956
v -6.869097 0.255610 -3.477473
v -6.498472 -0.056356 -3.338747
v -6.489167 -0.063887 -3.335264
v -6.479654 -0.070996 -3.331703
v -6.469961 -0.077661 -3.328075
v -6.460115 -0.083875 -3.324390
v -6.450125 -0.089636 -3.320651
v -6.440018 -0.094936 -3.316867
v -6.429793 -0.099765 -3.313040
v -6.419497 -0.104122 -3.309186
v -6.409129 -0.107998 -3.305305
v -6.398715 -0.111374 -3.301408
v -6.388266 -0.114250 -3.297496
v -6.377816 -0.116626 -3.293585
v -6.367366 -0.118483 -3.289674
v -6.356953 -0.119820 -3.285776
v -6.346585 -0.120627 -3.281895
v -6.336270 -0.120897 -3.278034
v -5.961096 -0.120897 -3.137606
v -5.950395 -0.121185 -3.133600
v -5.939693 -0.122032 -3.129594
v -5.929008 -0.123436 -3.125595
v -5.918352 -0.125379 -3.121607
v -5.907741 -0.127841 -3.117635
v -5.897192 -0.130814 -3.113686
v -5.886733 -0.134276 -3.109771
v -5.876356 -0.138230 -3.105887
v -5.866105 -0.142644 -3.102050
v -5.855970 -0.147511 -3.098257
v -5.845989 -0.152821 -3.094521
v -5.836170 -0.158563 -3.090846
v -5.826531 -0.164709 -3.087238
v -5.817091 -0.171260 -3.083704
v -5.807857 -0.178185 -3.080248
v -5.798849 -0.185486 -3.076876
v -5.790084 -0.193152 -3.073596
v -5.781589 -0.201154 -3.070416
v -5.773365 -0.209484 -3.067337
v -5.765438 -0.218131 -3.064370
v -5.757817 -0.227076 -3.061518
v -5.750529 -0.236310 -3.058790
v -5.743584 -0.245823 -3.056190
v -5.736999 -0.255586 -3.053725
v -5.730783 -0.265599 -3.051399
v -5.724964 -0.275852 -3.049221
v -5.719559 -0.286317 -3.047198
v -5.714568 -0.296984 -3.045330
v -5.710028 -0.307843 -3.043630
v -5.705947 -0.318886 -3.042103
v -5.702335 -0.330082 -3.040751
v -5.699218 -0.341431 -3.039584
v -5.477778 -1.223878 -2.956699
v -5.474535 -1.238604 -2.955485
v -5.472247 -1.253070 -2.954628
v -5.470887 -1.267248 -2.954119
v -5.470437 -1.281109 -2.953951
v -5.471166 -1.298441 -2.954224
v -5.473328 -1.315130 -2.955033
v -5.476887 -1.331106 -2.956365
v -5.481778 -1.346303 -2.958196
v -5.487967 -1.360664 -2.960512
v -5.495407 -1.374111 -2.963297
v -5.504064 -1.386595 -2.966537
v -5.513883 -1.398032 -2.970213
v -5.524819 -1.408372 -2.974306
v -5.536827 -1.417539 -2.978801
v -5.549871 -1.425483 -2.983683
v -5.563897 -1.432120 -2.988933
v -5.578868 -1.437401 -2.994537
v -5.594732 -1.441258 -3.000475
v -5.611451 -1.443614 -3.006733
v -5.628972 -1.444413 -3.013291
v -6.868494 -1.444413 -3.477247
v -6.879195 -1.444124 -3.481252
v -6.889897 -1.443278 -3.485258
v -6.900590 -1.441874 -3.489260
v -6.911247 -1.439930 -3.493249
v -6.921858 -1.437468 -3.497221
v -6.932398 -1.434496 -3.501167
v -6.942866 -1.431033 -3.505085
v -6.953234 -1.427080 -3.508965
v -6.963494 -1.422665 -3.512806
v -6.973619 -1.417798 -3.516596
v -6.983601 -1.412489 -3.520332
v -6.993420 -1.406747 -3.524007
v -7.003067 -1.400600 -3.527618
v -7.012508 -1.394060 -3.531152
v -7.021741 -1.387125 -3.534608
v -7.030750 -1.379824 -3.537980
v -7.039505 -1.372168 -3.541257
v -7.048010 -1.364165 -3.544440
v -7.056225 -1.355826 -3.547515
v -7.064161 -1.347188 -3.550486
v -7.071773 -1.338233 -3.553335
v -7.079061 -1.328999 -3.556062
v -7.086015 -1.319496 -3.558666
v -7.092600 -1.309724 -3.561130
v -7.098807 -1.299711 -3.563454
v -7.104626 -1.289458 -3.565632
v -7.110040 -1.278993 -3.567658
v -7.115021 -1.268326 -3.569523
v -7.119562 -1.257466 -3.571222
v -7.123642 -1.246434 -3.572750
v -7.127255 -1.235228 -3.574102
v -7.130372 -1.223878 -3.575268
v -7.462496 0.099627 -3.699583
v -7.465738 0.114353 -3.700797
v -7.468027 0.128820 -3.701653
v -7.767173 0.149927 -2.907272
v -7.767038 0.165522 -2.907221
v -7.765588 0.182532 -2.906678
v -7.762733 0.198863 -2.905610
v -7.758507 0.214451 -2.904028
v -7.752967 0.229229 -2.901954
v -7.746149 0.243133 -2.899402
v -7.738104 0.256097 -2.896391
v -7.728870 0.268056 -2.892935
v -7.718493 0.278946 -2.889050
v -7.707016 0.288703 -2.884755
v -7.694486 0.297258 -2.880065
v -7.680955 0.304549 -2.875000
v -7.666452 0.310509 -2.869572
v -7.651040 0.315075 -2.863803
v -7.634753 0.318180 -2.857707
v -7.617628 0.319760 -2.851297
v -7.468857 0.320160 -2.795611
v -7.323699 0.320024 -2.741278
v -7.313366 0.319485 -2.737411
v -7.302971 0.318413 -2.733520
v -7.292539 0.316816 -2.729615
v -7.282090 0.314700 -2.725704
v -7.271640 0.312074 -2.721793
v -7.261209 0.308944 -2.717888
v -7.250823 0.305320 -2.714000
v -7.240481 0.301207 -2.710130
v -7.230229 0.296613 -2.706292
v -7.220059 0.291547 -2.702486
v -7.210006 0.286014 -2.698723
v -7.200088 0.280024 -2.695011
v -7.190323 0.273582 -2.691355
v -7.180720 0.266698 -2.687761
v -7.171307 0.259378 -2.684238
v -6.981341 0.099627 -2.613133
v -6.791376 -0.060127 -2.542029
v -6.781971 -0.067446 -2.538508
v -6.772369 -0.074324 -2.534914
v -6.762604 -0.080768 -2.531259
v -6.752686 -0.086761 -2.527547
v -6.742633 -0.092291 -2.523784
v -6.732471 -0.097351 -2.519980
v -6.722211 -0.101948 -2.516140
v -6.711870 -0.106055 -2.512269
v -6.701483 -0.109682 -2.508382
v -6.691052 -0.112808 -2.504477
v -6.680602 -0.115433 -2.500566
v -6.670153 -0.117550 -2.496654
v -6.659721 -0.119146 -2.492750
v -6.649326 -0.120223 -2.488859
v -6.638984 -0.120762 -2.484988
v -6.446244 -0.120897 -2.412845
v -6.253306 -0.121041 -2.340628
v -6.242605 -0.121609 -2.336622
v -6.231912 -0.122734 -2.332620
v -6.221237 -0.124408 -2.328624
v -6.210608 -0.126610 -2.324646
v -6.200032 -0.129323 -2.320687
v -6.189519 -0.132545 -2.316752
v -6.179106 -0.136258 -2.312854
v -6.168791 -0.140432 -2.308994
v -6.158603 -0.145078 -2.305180
v -6.148541 -0.150166 -2.301414
v -6.138641 -0.155697 -2.297708
v -6.128912 -0.161631 -2.294067
v -6.119372 -0.167980 -2.290496
v -6.110031 -0.174722 -2.286999
v -6.100914 -0.181840 -2.283587
v -6.092032 -0.189323 -2.280262
v -6.083403 -0.197153 -2.277032
v -6.075043 -0.205319 -2.273903
v -6.066962 -0.213803 -2.270879
v -6.059188 -0.222604 -2.267969
v -6.051738 -0.231693 -2.265180
v -6.044613 -0.241062 -2.262513
v -6.037848 -0.250699 -2.259981
v -6.031452 -0.260597 -2.257587
v -6.025434 -0.270725 -2.255335
v -6.019823 -0.281085 -2.253234
v -6.014625 -0.291646 -2.251289
v -6.009860 -0.302419 -2.249505
v -6.005553 -0.313365 -2.247893
v -6.001707 -0.324484 -2.246454
v -5.998338 -0.335757 -2.245193
v -5.886059 -0.782655 -2.203166
v -5.773718 -1.231246 -2.161117
v -5.770953 -1.245837 -2.160082
v -5.769124 -1.260159 -2.159397
v -5.768223 -1.274183 -2.159060
v -5.768367 -1.289775 -2.159114
v -5.769808 -1.306790 -2.159653
v -5.772673 -1.323123 -2.160726
v -5.776889 -1.338705 -2.162303
v -5.782429 -1.353479 -2.164377
v -5.789248 -1.367387 -2.166930
v -5.797302 -1.380353 -2.169944
v -5.806535 -1.392309 -2.173400
v -5.816913 -1.403197 -2.177284
v -5.828389 -1.412960 -2.181580
v -5.840910 -1.421511 -2.186267
v -5.854450 -1.428802 -2.191335
v -5.868944 -1.434765 -2.196760
v -5.884357 -1.439334 -2.202529
v -5.900653 -1.442431 -2.208629
v -5.917768 -1.444018 -2.215035
v -6.546299 -1.444413 -2.450296
v -7.171406 -1.444269 -2.684275
v -7.182107 -1.443701 -2.688280
v -7.192801 -1.442576 -2.692283
v -7.203475 -1.440902 -2.696278
v -7.214114 -1.438699 -2.700260
v -7.224689 -1.435987 -2.704219
v -7.235193 -1.432765 -2.708150
v -7.245615 -1.429062 -2.712052
v -7.255930 -1.424878 -2.715912
v -7.266118 -1.420232 -2.719726
v -7.276171 -1.415143 -2.723489
v -7.286071 -1.409622 -2.727194
v -7.295800 -1.403678 -2.730836
v -7.305349 -1.397330 -2.734410
v -7.314691 -1.390587 -2.737907
v -7.323807 -1.383470 -2.741319
v -7.332689 -1.375996 -2.744643
v -7.341319 -1.368166 -2.747874
v -7.349678 -1.360000 -2.751003
v -7.357759 -1.351507 -2.754027
v -7.365524 -1.342706 -2.756934
v -7.372983 -1.333616 -2.759725
v -7.380099 -1.324248 -2.762389
v -7.386865 -1.314610 -2.764921
v -7.393270 -1.304713 -2.767319
v -7.399278 -1.294584 -2.769568
v -7.404899 -1.284225 -2.771672
v -7.410088 -1.273664 -2.773614
v -7.414853 -1.262901 -2.775398
v -7.419168 -1.251945 -2.777012
v -7.423015 -1.240826 -2.778452
v -7.426374 -1.229553 -2.779710
v -7.593999 -0.562130 -2.842453
v -7.761678 0.106990 -2.905215
v -7.764444 0.121587 -2.906250
v -7.766273 0.135909 -2.906935
v -0.702355 2.524567 0.643460
v -0.702014 2.532253 0.643587
v -0.701003 2.539851 0.643966
v -0.699343 2.547306 0.644587
v -0.697050 2.554577 0.645445
v -0.694143 2.561589 0.646533
v -0.690640 2.568293 0.647844
v -0.686561 2.574623 0.649371
v -0.681924 2.580538 0.651107
v -0.676747 2.585963 0.653045
v -0.671049 2.590849 0.655177
v -0.664849 2.595149 0.657498
v -0.658164 2.598784 0.660000
v -0.651014 2.601718 0.662677
v -0.643417 2.603882 0.665520
v -0.635391 2.605229 0.668524
v -0.626956 2.605681 0.671682
v 0.245398 2.605681 0.998206
v 0.257705 2.606075 1.002813
v 0.269891 2.607239 1.007374
v 0.281930 2.609163 1.011880
v 0.293790 2.611817 1.016319
v 0.305447 2.615213 1.020682
v 0.316870 2.619310 1.024958
v 0.328033 2.624100 1.029136
v 0.338907 2.629583 1.033207
v 0.349465 2.635720 1.037158
v 0.359677 2.642520 1.040981
v 0.369518 2.649946 1.044664
v 0.378957 2.657996 1.048198
v 0.387967 2.666653 1.051570
v 0.396522 2.675896 1.054772
v 0.404591 2.685717 1.057792
v 0.412148 2.696095 1.060621
v 0.875065 3.372454 1.233892
v 0.881164 3.380332 1.236175
v 0.887848 3.387094 1.238676
v 0.895036 3.392769 1.241367
v 0.902639 3.397376 1.244213
v 0.910576 3.400925 1.247183
v 0.918746 3.403446 1.250242
v 0.927079 3.404946 1.253361
v 0.935483 3.405437 1.256506
v 0.947392 3.404446 1.260964
v 0.959004 3.401512 1.265310
v 0.970084 3.396684 1.269458
v 0.980362 3.390008 1.273305
v 0.989596 3.381534 1.276761
v 0.997532 3.371320 1.279731
v 1.003928 3.359402 1.282125
v 1.008513 3.345849 1.283842
v 1.270075 2.303523 1.381745
v 1.275030 2.286546 1.383600
v 1.281219 2.270127 1.385916
v 1.288596 2.254343 1.388678
v 1.297118 2.239261 1.391867
v 1.306730 2.224949 1.395465
v 1.317405 2.211492 1.399461
v 1.329097 2.198940 1.403837
v 1.341745 2.187378 1.408571
v 2.188499 1.475029 1.725513
v 2.195453 1.468466 1.728117
v 2.201408 1.461398 1.730345
v 2.206371 1.453904 1.732203
v 2.210380 1.446058 1.733704
v 2.213461 1.437936 1.734857
v 2.215623 1.429616 1.735666
v 2.216902 1.421172 1.736145
v 2.217325 1.412683 1.736303
v 2.216983 1.405002 1.736175
v 2.215974 1.397401 1.735797
v 2.214317 1.389940 1.735177
v 2.212020 1.382675 1.734317
v 2.209110 1.375663 1.733228
v 2.205615 1.368962 1.731920
v 2.201534 1.362628 1.730392
v 2.196895 1.356717 1.728656
v 2.191715 1.351290 1.726717
v 2.186022 1.346400 1.724586
v 2.179815 1.342106 1.722263
v 2.173131 1.338464 1.719761
v 2.165987 1.335533 1.717087
v 2.158385 1.333368 1.714242
v 2.150358 1.332028 1.711237
v 2.141927 1.331568 1.708081
v 1.269580 1.331568 1.381560
v 1.257275 1.331176 1.376954
v 1.245087 1.330013 1.372392
v 1.233052 1.328094 1.367887
v 1.221188 1.325432 1.363446
v 1.209531 1.322043 1.359083
v 1.198109 1.317944 1.354808
v 1.186948 1.313147 1.350630
v 1.176075 1.307670 1.346560
v 1.165517 1.301528 1.342609
v 1.155302 1.294734 1.338785
v 1.145465 1.287306 1.335103
v 1.136024 1.279256 1.331569
v 1.127007 1.270601 1.328194
v 1.118458 1.261357 1.324995
v 1.110387 1.251537 1.321973
v 1.102829 1.241159 1.319144
v 0.639906 0.564789 1.145871
v 0.633807 0.556919 1.143589
v 0.627126 0.550155 1.141088
v 0.619937 0.544479 1.138397
v 0.612333 0.539873 1.135551
v 0.604399 0.536322 1.132581
v 0.596223 0.533807 1.129521
v 0.587891 0.532310 1.126402
v 0.579492 0.531815 1.123258
v 0.567585 0.532805 1.118801
v 0.555969 0.535740 1.114453
v 0.544895 0.540572 1.110308
v 0.534615 0.547248 1.106461
v 0.525380 0.555720 1.103004
v 0.517443 0.565938 1.100033
v 0.511054 0.577850 1.097642
v 0.506466 0.591407 1.095924
v 0.244901 1.633722 0.998020
v 0.239944 1.650701 0.996165
v 0.233756 1.667118 0.993848
v 0.226379 1.682904 0.991087
v 0.217859 1.697988 0.987898
v 0.208239 1.712297 0.984297
v 0.197563 1.725761 0.980301
v 0.185876 1.738309 0.975927
v 0.173221 1.749870 0.971190
v -0.673528 2.462220 0.654250
v -0.680486 2.468780 0.651645
v -0.686437 2.475849 0.649418
v -0.691404 2.483342 0.647559
v -0.695412 2.491191 0.646058
v -0.698487 2.499309 0.644908
v -0.700652 2.507629 0.644097
v -0.701933 2.516074 0.643618
v -0.107232 2.524567 -0.946490
v -0.106892 2.532253 -0.946363
v -0.105881 2.539851 -0.945985
v -0.104221 2.547306 -0.945363
v -0.101927 2.554577 -0.944505
v -0.099021 2.561589 -0.943417
v -0.095518 2.568293 -0.942106
v -0.091439 2.574623 -0.940579
v -0.086802 2.580538 -0.938843
v -0.081625 2.585963 -0.936905
v -0.075927 2.590849 -0.934773
v -0.069727 2.595149 -0.932452
v -0.063042 2.598784 -0.929950
v -0.055892 2.601718 -0.927274
v -0.048294 2.603882 -0.924430
v -0.040269 2.605229 -0.921426
v -0.031834 2.605681 -0.918269
v 0.840520 2.605681 -0.591744
v 0.852827 2.606075 -0.587138
v 0.865014 2.607239 -0.582576
v 0.877052 2.609163 -0.578070
v 0.888912 2.611817 -0.573631
v 0.900569 2.615213 -0.569268
v 0.911992 2.619310 -0.564992
v 0.923155 2.624100 -0.560814
v 0.934029 2.629583 -0.556744
v 0.944587 2.635720 -0.552792
v 0.954800 2.642520 -0.548969
v 0.964640 2.649946 -0.545286
v 0.974080 2.657996 -0.541753
v 0.983090 2.666653 -0.538380
v 0.991644 2.675896 -0.535178
v 0.999713 2.685717 -0.532158
v 1.007270 2.696095 -0.529329
v 1.470188 3.372454 -0.356058
v 1.476286 3.380332 -0.353776
v 1.482970 3.387094 -0.351274
v 1.490159 3.392769 -0.348583
v 1.497762 3.397376 -0.345737
v 1.505698 3.400925 -0.342767
v 1.513868 3.403446 -0.339709
v 1.522201 3.404946 -0.336590
v 1.530606 3.405437 -0.333444
v 1.542514 3.404446 -0.328986
v 1.554126 3.401512 -0.324640
v 1.565206 3.396684 -0.320493
v 1.575485 3.390008 -0.316645
v 1.584718 3.381534 -0.313189
v 1.592654 3.371320 -0.310219
v 1.599050 3.359402 -0.307825
v 1.603635 3.345849 -0.306109
v 1.865198 2.303523 -0.208205
v 1.870152 2.286546 -0.206351
v 1.876341 2.270127 -0.204034
v 1.883719 2.254343 -0.201273
v 1.892240 2.239261 -0.198083
v 1.901852 2.224949 -0.194485
v 1.912527 2.211492 -0.190490
v 1.924220 2.198940 -0.186113
v 1.936867 2.187378 -0.181379
v 2.783621 1.475029 0.135563
v 2.790576 1.468466 0.138166
v 2.796530 1.461398 0.140395
v 2.801494 1.453904 0.142253
v 2.805502 1.446058 0.143753
v 2.808583 1.437936 0.144906
v 2.810745 1.429616 0.145716
v 2.812024 1.421172 0.146195
v 2.812448 1.412683 0.146353
v 2.812105 1.405002 0.146225
v 2.811096 1.397401 0.145847
v 2.809439 1.389940 0.145227
v 2.807142 1.382675 0.144367
v 2.804232 1.375663 0.143278
v 2.800737 1.368962 0.141970
v 2.796656 1.362628 0.140442
v 2.792017 1.356717 0.138706
v 2.786837 1.351290 0.136767
v 2.781144 1.346400 0.134636
v 2.774937 1.342106 0.132313
v 2.768253 1.338464 0.129811
v 2.761110 1.335533 0.127137
v 2.753507 1.333368 0.124291
v 2.745481 1.332028 0.121287
v 2.737049 1.331568 0.118131
v 1.864702 1.331568 -0.208390
v 1.852397 1.331176 -0.212996
v 1.840209 1.330013 -0.217558
v 1.828174 1.328094 -0.222063
v 1.816310 1.325432 -0.226504
v 1.804654 1.322043 -0.230867
v 1.793231 1.317944 -0.235142
v 1.782070 1.313147 -0.239320
v 1.771197 1.307670 -0.243390
v 1.760639 1.301528 -0.247341
v 1.750424 1.294734 -0.251165
v 1.740587 1.287306 -0.254847
v 1.731146 1.279256 -0.258381
v 1.722129 1.270601 -0.261756
v 1.713580 1.261357 -0.264956
v 1.705509 1.251537 -0.267977
v 1.697951 1.241159 -0.270806
v 1.235028 0.564789 -0.444079
v 1.228929 0.556919 -0.446362
v 1.222248 0.550155 -0.448863
v 1.215059 0.544479 -0.451553
v 1.207456 0.539873 -0.454399
v 1.199521 0.536322 -0.457369
v 1.191345 0.533807 -0.460430
v 1.183014 0.532310 -0.463548
v 1.174614 0.531815 -0.466692
v 1.162707 0.532805 -0.471149
v 1.151091 0.535740 -0.475497
v 1.140017 0.540572 -0.479642
v 1.129737 0.547248 -0.483490
v 1.120502 0.555720 -0.486946
v 1.112565 0.565938 -0.489917
v 1.106176 0.577849 -0.492309
v 1.101588 0.591407 -0.494026
v 0.840023 1.633722 -0.591930
v 0.835067 1.650701 -0.593786
v 0.828878 1.667118 -0.596102
v 0.821501 1.682904 -0.598863
v 0.812981 1.697988 -0.602052
v 0.803361 1.712297 -0.605653
v 0.792686 1.725761 -0.609649
v 0.780998 1.738309 -0.614023
v 0.768344 1.749870 -0.618760
v -0.078406 2.462220 -0.935701
v -0.085364 2.468780 -0.938305
v -0.091315 2.475849 -0.940532
v -0.096282 2.483342 -0.942392
v -0.100290 2.491191 -0.943892
v -0.103364 2.499309 -0.945043
v -0.105530 2.507629 -0.945853
v -0.106811 2.516074 -0.946333
v -0.404623 2.528405 -0.151452
v -0.403948 2.536052 -0.151199
v -0.402612 2.543583 -0.150699
v -0.400635 2.550942 -0.149959
v -0.398035 2.558079 -0.148985
v -0.394830 2.564936 -0.147786
v -0.391040 2.571458 -0.146367
v -0.386682 2.577575 -0.144736
v -0.381775 2.583250 -0.142899
v -0.376337 2.588406 -0.140864
v -0.370388 2.593004 -0.138637
v -0.363946 2.596966 -0.136226
v -0.357028 2.600256 -0.133637
v -0.349654 2.602805 -0.130877
v -0.341843 2.604555 -0.127953
v -0.333612 2.605459 -0.124872
v 0.106782 2.605681 0.039969
v 0.549113 2.605883 0.205534
v 0.561359 2.606662 0.210118
v 0.573472 2.608201 0.214652
v 0.585421 2.610490 0.219124
v 0.597180 2.613510 0.223526
v 0.608720 2.617262 0.227845
v 0.620013 2.621705 0.232072
v 0.631032 2.626842 0.236197
v 0.641747 2.632651 0.240207
v 0.652132 2.639125 0.244095
v 0.662159 2.646233 0.247847
v 0.671798 2.653976 0.251456
v 0.681024 2.662325 0.254909
v 0.689806 2.671270 0.258196
v 0.698118 2.680802 0.261307
v 0.705931 2.690902 0.264232
v 0.941169 3.034275 0.352282
v 1.175671 3.376398 0.440056
v 1.182067 3.383708 0.442450
v 1.189003 3.389931 0.445047
v 1.196399 3.395077 0.447815
v 1.204164 3.399155 0.450721
v 1.212226 3.402185 0.453739
v 1.220478 3.404196 0.456828
v 1.228847 3.405186 0.459960
v 1.238999 3.404946 0.463760
v 1.250755 3.402984 0.468160
v 1.262105 3.399098 0.472409
v 1.272780 3.393346 0.476404
v 1.282545 3.385767 0.480059
v 1.291129 3.376427 0.483273
v 1.298291 3.365356 0.485953
v 1.303777 3.352631 0.488007
v 1.436855 2.824686 0.537818
v 1.570114 2.295039 0.587697
v 1.575690 2.278342 0.589784
v 1.582473 2.262240 0.592323
v 1.590418 2.246802 0.595297
v 1.599490 2.232105 0.598693
v 1.609633 2.218225 0.602489
v 1.620812 2.205211 0.606674
v 1.632982 2.193159 0.611229
v 2.062683 1.831205 0.772067
v 2.489537 1.471748 0.931840
v 2.495996 1.464932 0.934257
v 2.501455 1.457651 0.936301
v 2.505941 1.449981 0.937980
v 2.509481 1.441997 0.939305
v 2.512103 1.433776 0.940286
v 2.513824 1.425394 0.940930
v 2.514679 1.416928 0.941251
v 2.514715 1.408842 0.941264
v 2.514040 1.401201 0.941011
v 2.512707 1.393671 0.940512
v 2.510725 1.386308 0.939770
v 2.508130 1.379169 0.938799
v 2.504923 1.372313 0.937599
v 2.501131 1.365794 0.936179
v 2.496771 1.359672 0.934547
v 2.491871 1.354004 0.932713
v 2.486429 1.348845 0.930677
v 2.480484 1.344253 0.928451
v 2.474034 1.340285 0.926037
v 2.467125 1.336998 0.923451
v 2.459747 1.334450 0.920689
v 2.451937 1.332698 0.917766
v 2.443704 1.331798 0.914684
v 2.003310 1.331568 0.749844
v 1.560989 1.331372 0.584282
v 1.548737 1.330595 0.579696
v 1.536630 1.329053 0.575164
v 1.524676 1.326762 0.570690
v 1.512921 1.323737 0.566290
v 1.501381 1.319994 0.561971
v 1.490085 1.315546 0.557742
v 1.479068 1.310409 0.553619
v 1.468357 1.304599 0.549610
v 1.457970 1.298132 0.545722
v 1.447944 1.291020 0.541969
v 1.438306 1.283281 0.538361
v 1.429081 1.274929 0.534908
v 1.420298 1.265980 0.531621
v 1.411984 1.256448 0.528509
v 1.404173 1.246348 0.525585
v 1.168924 0.902974 0.437531
v 0.934422 0.560854 0.349756
v 0.928026 0.553537 0.347362
v 0.921093 0.547317 0.344767
v 0.913697 0.542176 0.341999
v 0.905927 0.538098 0.339091
v 0.897872 0.535064 0.336076
v 0.889618 0.533059 0.332986
v 0.881253 0.532063 0.329855
v 0.871100 0.532310 0.326055
v 0.859338 0.534272 0.321652
v 0.847993 0.538155 0.317406
v 0.837316 0.543909 0.313409
v 0.827558 0.551484 0.309757
v 0.818973 0.560828 0.306543
v 0.811809 0.571894 0.303862
v 0.806322 0.584629 0.301808
v 0.673245 1.112564 0.251997
v 0.539984 1.642211 0.202117
v 0.534411 1.658910 0.200031
v 0.527628 1.675012 0.197492
v 0.519680 1.690446 0.194517
v 0.510610 1.705143 0.191122
v 0.500462 1.719029 0.187324
v 0.489281 1.732035 0.183139
v 0.477110 1.744089 0.178583
v 0.047408 2.106044 0.017745
v -0.379446 2.465500 -0.142028
v -0.385901 2.472319 -0.144444
v -0.391360 2.479600 -0.146487
v -0.395847 2.487266 -0.148167
v -0.399389 2.495250 -0.149492
v -0.402008 2.503474 -0.150473
v -0.403731 2.511852 -0.151118
v -0.404583 2.520326 -0.151436
v -4.593139 -0.284220 -0.812870
v -4.592689 -0.298032 -0.812702
v -4.591337 -0.312172 -0.812196
v -4.589049 -0.326590 -0.811339
v -4.585815 -0.341268 -0.810129
v -4.579041 -0.363843 -0.807593
v -4.570384 -0.385754 -0.804353
v -4.559961 -0.406905 -0.800452
v -4.547917 -0.427181 -0.795944
v -4.534369 -0.446476 -0.790872
v -4.519461 -0.464674 -0.785292
v -4.503309 -0.481661 -0.779247
v -4.486049 -0.497329 -0.772786
v -4.467817 -0.511574 -0.765962
v -4.448737 -0.524281 -0.758820
v -4.428937 -0.535332 -0.751409
v -4.408561 -0.544624 -0.743782
v -4.387724 -0.552049 -0.735983
v -4.366564 -0.557484 -0.728063
v -4.345206 -0.560831 -0.720068
v -4.323793 -0.561966 -0.712053
v -3.910722 -0.561966 -0.557440
v -3.893227 -0.561168 -0.550891
v -3.876526 -0.558811 -0.544640
v -3.860681 -0.554964 -0.538709
v -3.845736 -0.549683 -0.533115
v -3.831719 -0.543046 -0.527869
v -3.818693 -0.535111 -0.522993
v -3.806694 -0.525945 -0.518502
v -3.795767 -0.515624 -0.514412
v -3.785966 -0.504197 -0.510743
v -3.777319 -0.491741 -0.507507
v -3.769878 -0.478313 -0.504721
v -3.763689 -0.463991 -0.502405
v -3.758807 -0.448832 -0.500578
v -3.755258 -0.432904 -0.499249
v -3.753096 -0.416264 -0.498440
v -3.752366 -0.398989 -0.498167
v -3.752789 -0.385061 -0.498325
v -3.754113 -0.370768 -0.498821
v -3.756384 -0.356167 -0.499671
v -3.759681 -0.341268 -0.500905
v -3.766392 -0.318770 -0.503417
v -3.775004 -0.296907 -0.506640
v -3.785381 -0.275804 -0.510524
v -3.797398 -0.255566 -0.515022
v -3.810910 -0.236300 -0.520080
v -3.825801 -0.218131 -0.525654
v -3.841926 -0.201164 -0.531689
v -3.859167 -0.185514 -0.538143
v -3.877391 -0.171279 -0.544964
v -3.896461 -0.158592 -0.552102
v -3.916243 -0.147540 -0.559506
v -3.936620 -0.138249 -0.567133
v -3.957456 -0.130833 -0.574932
v -3.978616 -0.125398 -0.582853
v -3.999966 -0.122051 -0.590844
v -4.021387 -0.120916 -0.598862
v -4.434450 -0.120916 -0.753473
v -4.451998 -0.121714 -0.760041
v -4.468727 -0.124081 -0.766302
v -4.484608 -0.127928 -0.772247
v -4.499588 -0.133218 -0.777854
v -4.513632 -0.139865 -0.783111
v -4.526685 -0.147810 -0.787996
v -4.538711 -0.156986 -0.792498
v -4.549656 -0.167326 -0.796594
v -4.559484 -0.178772 -0.800273
v -4.568141 -0.191257 -0.803513
v -4.575591 -0.204703 -0.806302
v -4.581789 -0.219064 -0.808622
v -4.586689 -0.234252 -0.810456
v -4.590238 -0.250219 -0.811784
v -4.592400 -0.266897 -0.812594
v -3.998016 -0.284220 -2.402820
v -3.997566 -0.298032 -2.402652
v -3.996215 -0.312172 -2.402146
v -3.993927 -0.326590 -2.401289
v -3.990693 -0.341268 -2.400079
v -3.983919 -0.363843 -2.397543
v -3.975262 -0.385754 -2.394303
v -3.964839 -0.406905 -2.390402
v -3.952795 -0.427181 -2.385894
v -3.939247 -0.446476 -2.380823
v -3.924338 -0.464674 -2.375242
v -3.908186 -0.481661 -2.369197
v -3.890927 -0.497329 -2.362736
v -3.872694 -0.511575 -2.355912
v -3.853615 -0.524281 -2.348770
v -3.833815 -0.535332 -2.341359
v -3.813438 -0.544624 -2.333732
v -3.792602 -0.552050 -2.325933
v -3.771442 -0.557484 -2.318013
v -3.750083 -0.560831 -2.310018
v -3.728671 -0.561966 -2.302004
v -3.315599 -0.561966 -2.147390
v -3.298105 -0.561168 -2.140842
v -3.281404 -0.558811 -2.134590
v -3.265558 -0.554964 -2.128659
v -3.250614 -0.549683 -2.123066
v -3.236597 -0.543046 -2.117819
v -3.223571 -0.535111 -2.112943
v -3.211572 -0.525945 -2.108452
v -3.200645 -0.515624 -2.104362
v -3.190844 -0.504197 -2.100694
v -3.182196 -0.491741 -2.097457
v -3.174756 -0.478313 -2.094672
v -3.168567 -0.463991 -2.092355
v -3.163684 -0.448833 -2.090528
v -3.160135 -0.432904 -2.089199
v -3.157973 -0.416264 -2.088390
v -3.157243 -0.398989 -2.088117
v -3.157667 -0.385061 -2.088275
v -3.158991 -0.370768 -2.088771
v -3.161261 -0.356167 -2.089621
v -3.164558 -0.341268 -2.090855
v -3.171269 -0.318770 -2.093367
v -3.179881 -0.296907 -2.096590
v -3.190259 -0.275804 -2.100475
v -3.202276 -0.255566 -2.104973
v -3.215788 -0.236300 -2.110030
v -3.230679 -0.218131 -2.115604
v -3.246803 -0.201164 -2.121639
v -3.264045 -0.185514 -2.128093
v -3.282269 -0.171279 -2.134914
v -3.301339 -0.158592 -2.142052
v -3.321121 -0.147540 -2.149457
v -3.341498 -0.138249 -2.157084
v -3.362334 -0.130833 -2.164883
v -3.383494 -0.125398 -2.172803
v -3.404844 -0.122051 -2.180794
v -3.426265 -0.120916 -2.188812
v -3.839328 -0.120916 -2.343423
v -3.856876 -0.121714 -2.349991
v -3.873604 -0.124081 -2.356252
v -3.889485 -0.127928 -2.362197
v -3.904466 -0.133218 -2.367804
v -3.918510 -0.139865 -2.373061
v -3.931563 -0.147810 -2.377946
v -3.943589 -0.156986 -2.382448
v -3.954534 -0.167326 -2.386545
v -3.964362 -0.178772 -2.390223
v -3.973019 -0.191257 -2.393463
v -3.980469 -0.204704 -2.396252
v -3.986666 -0.219064 -2.398572
v -3.991567 -0.234252 -2.400406
v -3.995116 -0.250219 -2.401735
v -3.997278 -0.266897 -2.402544
v -4.295352 -0.291126 -1.607761
v -4.294452 -0.305102 -1.607424
v -4.292632 -0.319386 -1.606743
v -4.289876 -0.333929 -1.605711
v -4.284867 -0.352551 -1.603836
v -4.277156 -0.374798 -1.600950
v -4.267616 -0.396325 -1.597379
v -4.256383 -0.417043 -1.593174
v -4.243582 -0.436828 -1.588383
v -4.229350 -0.455575 -1.583056
v -4.213819 -0.473168 -1.577243
v -4.197118 -0.489500 -1.570992
v -4.179372 -0.504457 -1.564349
v -4.160716 -0.517932 -1.557366
v -4.141276 -0.529811 -1.550090
v -4.121188 -0.539978 -1.542571
v -4.100577 -0.548337 -1.534856
v -4.079578 -0.554772 -1.526996
v -4.058328 -0.559158 -1.519042
v -4.036943 -0.561399 -1.511037
v -3.819701 -0.561966 -1.429723
v -3.604413 -0.561572 -1.349141
v -3.587316 -0.559994 -1.342741
v -3.571047 -0.556888 -1.336652
v -3.555652 -0.552319 -1.330889
v -3.541167 -0.546365 -1.325467
v -3.527645 -0.539074 -1.320406
v -3.515133 -0.530533 -1.315723
v -3.503674 -0.520789 -1.311434
v -3.493306 -0.509910 -1.307553
v -3.484082 -0.497974 -1.304100
v -3.476037 -0.485027 -1.301089
v -3.469227 -0.471157 -1.298540
v -3.463687 -0.456412 -1.296466
v -3.459471 -0.440868 -1.294888
v -3.456615 -0.424584 -1.293820
v -3.455165 -0.407627 -1.293277
v -3.455021 -0.392025 -1.293223
v -3.455895 -0.377915 -1.293550
v -3.457687 -0.363468 -1.294221
v -3.460471 -0.348722 -1.295263
v -3.465470 -0.330014 -1.297134
v -3.473136 -0.307834 -1.300003
v -3.482631 -0.286356 -1.303557
v -3.493828 -0.265685 -1.307748
v -3.506593 -0.245929 -1.312526
v -3.520790 -0.227221 -1.317840
v -3.536302 -0.209647 -1.323647
v -3.552985 -0.193344 -1.329891
v -3.570714 -0.178397 -1.336527
v -3.589360 -0.164931 -1.343506
v -3.608791 -0.153061 -1.350779
v -3.628870 -0.142895 -1.358295
v -3.649481 -0.134546 -1.366010
v -3.670471 -0.128111 -1.373866
v -3.691730 -0.123725 -1.381823
v -3.713115 -0.121484 -1.389828
v -3.930357 -0.120916 -1.471142
v -4.145663 -0.121310 -1.551732
v -4.162796 -0.122898 -1.558145
v -4.179111 -0.126004 -1.564251
v -4.194541 -0.130573 -1.570027
v -4.209054 -0.136537 -1.575459
v -4.222602 -0.143837 -1.580530
v -4.235141 -0.152398 -1.585224
v -4.246618 -0.162161 -1.589519
v -4.257004 -0.173049 -1.593407
v -4.266256 -0.185014 -1.596870
v -4.274310 -0.197980 -1.599884
v -4.281128 -0.211879 -1.602437
v -4.286677 -0.226653 -1.604514
v -4.290902 -0.242235 -1.606095
v -4.293758 -0.258558 -1.607164
v -4.295208 -0.275554 -1.607707
v -6.277658 0.172721 -1.443390
v -6.278108 0.186680 -1.443558
v -6.277658 0.200423 -1.443390
v -6.276306 0.213855 -1.442884
v -6.274054 0.226931 -1.442041
v -6.270910 0.239611 -1.440864
v -6.266884 0.251852 -1.439357
v -6.261974 0.263611 -1.437519
v -6.256191 0.274844 -1.435354
v -6.249543 0.285510 -1.432866
v -5.733129 1.038598 -1.239571
v -5.721670 1.053263 -1.235282
v -5.708609 1.066154 -1.230393
v -5.694060 1.077214 -1.224948
v -5.678152 1.086389 -1.218993
v -5.661009 1.093623 -1.212576
v -5.642749 1.098859 -1.205742
v -5.623499 1.102042 -1.198536
v -5.603383 1.103115 -1.191007
v -3.416567 1.103115 -0.372476
v -3.395145 1.101975 -0.364458
v -3.373796 1.098632 -0.356467
v -3.352635 1.093194 -0.348547
v -3.331808 1.085777 -0.340751
v -3.311432 1.076488 -0.333124
v -3.291641 1.065441 -0.325716
v -3.272570 1.052746 -0.318578
v -3.254347 1.038516 -0.311757
v -3.237105 1.022861 -0.305303
v -3.220980 1.005894 -0.299268
v -3.206089 0.987725 -0.293694
v -3.192577 0.968466 -0.288637
v -3.180560 0.948228 -0.284139
v -3.170183 0.927122 -0.280254
v -3.161580 0.905262 -0.277034
v -3.154860 0.882756 -0.274519
v -2.626051 -1.223724 -0.076584
v -2.622808 -1.238441 -0.075370
v -2.620529 -1.252907 -0.074517
v -2.619168 -1.267075 -0.074008
v -2.618727 -1.280926 -0.073843
v -2.619457 -1.298287 -0.074116
v -2.621619 -1.314985 -0.074925
v -2.625177 -1.330981 -0.076257
v -2.630068 -1.346198 -0.078088
v -2.636266 -1.360577 -0.080408
v -2.643716 -1.374043 -0.083196
v -2.652381 -1.386528 -0.086440
v -2.662200 -1.397984 -0.090115
v -2.673146 -1.408334 -0.094212
v -2.685172 -1.417519 -0.098713
v -2.698224 -1.425464 -0.103599
v -2.712268 -1.432120 -0.108856
v -2.727249 -1.437401 -0.114463
v -2.743130 -1.441258 -0.120407
v -2.759859 -1.443624 -0.126669
v -2.777407 -1.444422 -0.133237
v -5.377286 -1.444422 -1.106378
v -5.397951 -1.443355 -1.114113
v -5.418814 -1.440171 -1.121922
v -5.439722 -1.434939 -1.129748
v -5.460522 -1.427705 -1.137534
v -5.481052 -1.418529 -1.145218
v -5.501158 -1.407468 -1.152744
v -5.520679 -1.394579 -1.160051
v -5.539470 -1.379911 -1.167084
v -5.909924 -1.067884 -1.305746
v -5.927661 -1.051686 -1.312385
v -5.944074 -1.034267 -1.318528
v -5.959082 -1.015771 -1.324146
v -5.972567 -0.996322 -1.329193
v -5.984449 -0.976084 -1.333641
v -5.994619 -0.955193 -1.337448
v -6.002988 -0.933801 -1.340580
v -6.009456 -0.912034 -1.343001
v -6.270847 0.129660 -1.440840
v -6.274036 0.144168 -1.442034
v -6.276297 0.158535 -1.442880
v -5.682535 0.172721 -3.033340
v -5.682985 0.186680 -3.033508
v -5.682535 0.200423 -3.033340
v -5.681184 0.213855 -3.032834
v -5.678932 0.226931 -3.031991
v -5.675788 0.239611 -3.030814
v -5.671762 0.251852 -3.029307
v -5.666852 0.263611 -3.027469
v -5.661068 0.274844 -3.025305
v -5.654420 0.285510 -3.022816
v -5.138006 1.038598 -2.829521
v -5.126548 1.053263 -2.825232
v -5.113486 1.066154 -2.820343
v -5.098938 1.077214 -2.814898
v -5.083029 1.086389 -2.808943
v -5.065886 1.093623 -2.802526
v -5.047627 1.098859 -2.795692
v -5.028377 1.102042 -2.788486
v -5.008261 1.103115 -2.780957
v -2.821444 1.103115 -1.962426
v -2.800023 1.101975 -1.954408
v -2.778673 1.098632 -1.946417
v -2.757513 1.093194 -1.938497
v -2.736686 1.085777 -1.930701
v -2.716309 1.076488 -1.923074
v -2.696518 1.065441 -1.915666
v -2.677448 1.052746 -1.908528
v -2.659224 1.038516 -1.901707
v -2.641983 1.022861 -1.895253
v -2.625858 1.005894 -1.889218
v -2.610967 0.987725 -1.883644
v -2.597455 0.968465 -1.878587
v -2.585438 0.948227 -1.874089
v -2.575061 0.927122 -1.870204
v -2.566458 0.905261 -1.866984
v -2.559737 0.882756 -1.864469
v -2.030928 -1.223724 -1.666534
v -2.027685 -1.238441 -1.665320
v -2.025406 -1.252907 -1.664467
v -2.024046 -1.267075 -1.663958
v -2.023605 -1.280926 -1.663793
v -2.024334 -1.298287 -1.664066
v -2.026496 -1.314985 -1.664875
v -2.030054 -1.330981 -1.666207
v -2.034946 -1.346198 -1.668038
v -2.041143 -1.360577 -1.670358
v -2.048593 -1.374043 -1.673146
v -2.057259 -1.386528 -1.676390
v -2.067078 -1.397984 -1.680065
v -2.078023 -1.408334 -1.684162
v -2.090049 -1.417519 -1.688663
v -2.103102 -1.425464 -1.693549
v -2.117146 -1.432120 -1.698806
v -2.132127 -1.437401 -1.704413
v -2.148008 -1.441258 -1.710357
v -2.164736 -1.443624 -1.716619
v -2.182284 -1.444422 -1.723187
v -4.782164 -1.444422 -2.696328
v -4.802829 -1.443355 -2.704063
v -4.823692 -1.440171 -2.711873
v -4.844600 -1.434939 -2.719698
v -4.865400 -1.427705 -2.727484
v -4.885930 -1.418529 -2.735168
v -4.906036 -1.407468 -2.742694
v -4.925557 -1.394579 -2.750001
v -4.944347 -1.379911 -2.757034
v -5.314802 -1.067884 -2.895696
v -5.332539 -1.051686 -2.902335
v -5.348952 -1.034267 -2.908478
v -5.363959 -1.015771 -2.914096
v -5.377445 -0.996322 -2.919143
v -5.389327 -0.976084 -2.923591
v -5.399497 -0.955193 -2.927398
v -5.407866 -0.933801 -2.930530
v -5.414333 -0.912034 -2.932951
v -5.675725 0.129660 -3.030791
v -5.678914 0.144168 -3.031984
v -5.681175 0.158535 -3.032830
v -5.980321 0.179700 -2.238449
v -5.980321 0.193552 -2.238449
v -5.979421 0.207139 -2.238112
v -5.977619 0.220392 -2.237437
v -5.974916 0.233272 -2.236426
v -5.971331 0.245732 -2.235084
v -5.966863 0.257731 -2.233411
v -5.961521 0.269227 -2.231412
v -5.955306 0.280177 -2.229085
v -5.693770 0.662054 -2.131192
v -5.429838 1.045930 -2.032402
v -5.417578 1.059708 -2.027813
v -5.403769 1.071684 -2.022644
v -5.388545 1.081802 -2.016945
v -5.372015 1.090007 -2.010758
v -5.354313 1.096241 -2.004133
v -5.335567 1.100450 -1.997116
v -5.315885 1.102578 -1.989748
v -4.212414 1.103115 -1.576717
v -3.108295 1.102545 -1.163442
v -3.086909 1.100304 -1.155438
v -3.065659 1.095913 -1.147484
v -3.044661 1.089486 -1.139624
v -3.024059 1.081132 -1.131913
v -3.003971 1.070964 -1.124393
v -2.984549 1.059093 -1.117124
v -2.965902 1.045631 -1.110144
v -2.948164 1.030689 -1.103505
v -2.931481 1.014378 -1.097261
v -2.915978 0.996809 -1.091458
v -2.901772 0.978095 -1.086140
v -2.889008 0.958346 -1.081363
v -2.877810 0.937675 -1.077171
v -2.868316 0.916192 -1.073618
v -2.860659 0.894009 -1.070752
v -2.592890 -0.170481 -0.970525
v -2.326868 -1.231082 -0.870952
v -2.324111 -1.245674 -0.869920
v -2.322292 -1.259986 -0.869239
v -2.321382 -1.274001 -0.868899
v -2.321526 -1.289602 -0.868953
v -2.322976 -1.306636 -0.869496
v -2.325832 -1.322988 -0.870565
v -2.330057 -1.338589 -0.872146
v -2.335606 -1.353383 -0.874223
v -2.342434 -1.367310 -0.876779
v -2.350487 -1.380286 -0.879793
v -2.359730 -1.392261 -0.883253
v -2.370116 -1.403159 -0.887140
v -2.381602 -1.412931 -0.891439
v -2.394141 -1.421492 -0.896133
v -2.407690 -1.428792 -0.901204
v -2.422193 -1.434765 -0.906633
v -2.437624 -1.439334 -0.912409
v -2.453938 -1.442441 -0.918515
v -2.471071 -1.444018 -0.924928
v -3.779785 -1.444422 -1.414783
v -5.090057 -1.443884 -1.905221
v -5.110821 -1.441758 -1.912993
v -5.131711 -1.437555 -1.920812
v -5.152565 -1.431322 -1.928618
v -5.173230 -1.423117 -1.936353
v -5.193543 -1.412999 -1.943956
v -5.213362 -1.401023 -1.951374
v -5.232513 -1.387249 -1.958542
v -5.427136 -1.223897 -2.031390
v -5.621227 -1.059785 -2.104039
v -5.638306 -1.042982 -2.110432
v -5.654017 -1.025014 -2.116312
v -5.668268 -1.006046 -2.121646
v -5.680951 -0.986203 -2.126394
v -5.691978 -0.965639 -2.130521
v -5.701247 -0.944497 -2.133991
v -5.708661 -0.922913 -2.136766
v -5.842586 -0.391188 -2.186894
v -5.974880 0.136914 -2.236412
v -5.977610 0.151352 -2.237434
v -5.979421 0.165628 -2.238112
v -3.019980 0.925961 -0.224033
v -3.020430 0.939817 -0.224201
v -3.019701 0.957151 -0.223928
v -3.017539 0.973838 -0.223119
v -3.013989 0.989813 -0.221791
v -3.009098 1.005012 -0.219960
v -3.002900 1.019369 -0.217640
v -2.995460 1.032820 -0.214855
v -2.986803 1.045298 -0.211615
v -2.976984 1.056740 -0.207939
v -2.966048 1.067079 -0.203846
v -2.954040 1.076251 -0.199351
v -2.940996 1.084190 -0.194469
v -2.926970 1.090832 -0.189219
v -2.911999 1.096112 -0.183615
v -2.896135 1.099963 -0.177677
v -2.879425 1.102322 -0.171423
v -2.861904 1.103123 -0.164865
v -2.448823 1.103123 -0.010247
v -2.427419 1.101984 -0.002236
v -2.406079 1.098642 0.005752
v -2.384918 1.093208 0.013672
v -2.364083 1.085793 0.021471
v -2.343697 1.076506 0.029101
v -2.323897 1.065460 0.036513
v -2.304817 1.052765 0.043654
v -2.286576 1.038531 0.050482
v -2.269316 1.022870 0.056942
v -2.253165 1.005893 0.062988
v -2.238265 0.987711 0.068565
v -2.224725 0.968434 0.073633
v -2.212699 0.948172 0.078134
v -2.202304 0.927038 0.082025
v -2.193683 0.905142 0.085252
v -2.186954 0.882595 0.087771
v -2.076270 0.441538 0.129200
v -2.069550 0.418991 0.131715
v -2.060920 0.397094 0.134946
v -2.050534 0.375960 0.138833
v -2.038498 0.355699 0.143338
v -2.024968 0.336422 0.148402
v -2.010059 0.318239 0.153983
v -1.993908 0.301263 0.160028
v -1.976648 0.285602 0.166489
v -1.958406 0.271368 0.173317
v -1.939327 0.258673 0.180458
v -1.919518 0.247626 0.187873
v -1.899141 0.238341 0.195500
v -1.878305 0.230925 0.203299
v -1.857145 0.225490 0.211219
v -1.835796 0.222149 0.219210
v -1.814392 0.221010 0.227222
v -1.699943 0.221010 0.270060
v -1.678404 0.222247 0.278122
v -1.657892 0.225906 0.285800
v -1.638552 0.231909 0.293039
v -1.620535 0.240178 0.299783
v -1.603978 0.250634 0.305980
v -1.589033 0.263201 0.311574
v -1.575845 0.277799 0.316510
v -1.564549 0.294351 0.320738
v -1.131788 1.029778 0.482722
v -1.120492 1.046331 0.486950
v -1.107299 1.060930 0.491888
v -1.092356 1.073498 0.497482
v -1.075803 1.083955 0.503677
v -1.057787 1.092224 0.510421
v -1.038450 1.098227 0.517658
v -1.017938 1.101886 0.525336
v -0.996394 1.103123 0.533400
v 0.029901 1.103123 0.917545
v 0.051303 1.101984 0.925556
v 0.072650 1.098642 0.933546
v 0.093807 1.093208 0.941465
v 0.114644 1.085793 0.949264
v 0.135029 1.076506 0.956895
v 0.154830 1.065460 0.964306
v 0.173916 1.052765 0.971450
v 0.192155 1.038531 0.978277
v 0.209416 1.022870 0.984738
v 0.225565 1.005893 0.990783
v 0.240473 0.987711 0.996363
v 0.254008 0.968434 1.001429
v 0.266038 0.948172 1.005931
v 0.276429 0.927038 1.009821
v 0.285053 0.905142 1.013049
v 0.291777 0.882595 1.015566
v 0.820385 -1.223878 1.213425
v 0.823628 -1.238604 1.214639
v 0.825916 -1.253070 1.215495
v 0.827276 -1.267248 1.216005
v 0.827727 -1.281109 1.216173
v 0.826997 -1.298441 1.215900
v 0.824835 -1.315130 1.215091
v 0.821286 -1.331106 1.213762
v 0.816395 -1.346303 1.211931
v 0.810197 -1.360664 1.209612
v 0.802756 -1.374111 1.206827
v 0.794099 -1.386586 1.203586
v 0.784289 -1.398032 1.199914
v 0.773353 -1.408372 1.195821
v 0.761336 -1.417539 1.191323
v 0.748292 -1.425483 1.186441
v 0.734267 -1.432120 1.181191
v 0.719304 -1.437401 1.175590
v 0.703431 -1.441248 1.169649
v 0.686721 -1.443614 1.163394
v 0.669191 -1.444413 1.156833
v 0.170271 -1.444413 0.970086
v 0.148868 -1.443268 0.962075
v 0.127522 -1.439930 0.954085
v 0.106365 -1.434496 0.946166
v 0.085529 -1.427080 0.938367
v 0.065144 -1.417798 0.930737
v 0.045343 -1.406747 0.923325
v 0.026259 -1.394050 0.916182
v 0.008021 -1.379824 0.909355
v -0.009239 -1.364155 0.902895
v -0.025389 -1.347179 0.896850
v -0.040296 -1.328999 0.891270
v -0.053830 -1.309724 0.886204
v -0.065858 -1.289458 0.881702
v -0.076250 -1.268326 0.877812
v -0.084874 -1.246434 0.874584
v -0.091598 -1.223878 0.872068
v -0.202335 -0.782636 0.830619
v -0.209054 -0.760099 0.828104
v -0.217671 -0.738217 0.824878
v -0.228055 -0.717095 0.820991
v -0.240074 -0.696838 0.816493
v -0.253597 -0.677572 0.811431
v -0.268492 -0.659393 0.805856
v -0.284629 -0.642425 0.799816
v -0.301875 -0.626767 0.793361
v -0.320099 -0.612531 0.786539
v -0.339170 -0.599835 0.779401
v -0.358957 -0.588783 0.771995
v -0.379327 -0.579491 0.764370
v -0.400151 -0.572066 0.756576
v -0.421296 -0.566622 0.748661
v -0.442631 -0.563255 0.740675
v -0.464024 -0.562101 0.732668
v -0.583931 -0.561985 0.687786
v -0.604231 -0.563063 0.680188
v -0.623480 -0.566256 0.672983
v -0.641733 -0.571498 0.666151
v -0.658871 -0.578741 0.659736
v -0.674773 -0.587917 0.653784
v -0.689320 -0.598969 0.648339
v -0.702392 -0.611839 0.643446
v -0.713867 -0.626459 0.639151
v -1.231497 -1.379940 0.445401
v -1.242974 -1.394560 0.441105
v -1.256045 -1.407429 0.436212
v -1.270593 -1.418481 0.430767
v -1.286493 -1.427657 0.424816
v -1.303626 -1.434900 0.418403
v -1.321877 -1.440142 0.411571
v -1.341127 -1.443335 0.404366
v -1.361252 -1.444413 0.396833
v -2.222609 -1.444413 0.074425
v -2.244003 -1.443268 0.066417
v -2.265352 -1.439930 0.058426
v -2.286513 -1.434496 0.050506
v -2.307349 -1.427080 0.042707
v -2.327734 -1.417798 0.035076
v -2.347534 -1.406747 0.027665
v -2.366614 -1.394050 0.020524
v -2.384856 -1.379824 0.013696
v -2.402115 -1.364155 0.007235
v -2.418267 -1.347179 0.001190
v -2.433176 -1.328999 -0.004390
v -2.446706 -1.309724 -0.009455
v -2.458732 -1.289458 -0.013956
v -2.469127 -1.268326 -0.017847
v -2.477748 -1.246434 -0.021074
v -2.484468 -1.223878 -0.023590
v -3.013088 0.882595 -0.221453
v -3.016331 0.897319 -0.222667
v -3.018629 0.911785 -0.223527
v -2.424858 0.925961 -1.813983
v -2.425308 0.939817 -1.814152
v -2.424578 0.957151 -1.813879
v -2.422416 0.973837 -1.813069
v -2.418867 0.989813 -1.811741
v -2.413976 1.005012 -1.809910
v -2.407778 1.019369 -1.807590
v -2.400337 1.032820 -1.804805
v -2.391680 1.045298 -1.801565
v -2.381861 1.056740 -1.797889
v -2.370925 1.067079 -1.793796
v -2.358917 1.076251 -1.789302
v -2.345873 1.084190 -1.784419
v -2.331848 1.090832 -1.779169
v -2.316876 1.096112 -1.773565
v -2.301013 1.099963 -1.767628
v -2.284302 1.102322 -1.761373
v -2.266781 1.103123 -1.754815
v -1.853700 1.103123 -1.600198
v -1.832297 1.101984 -1.592186
v -1.810957 1.098642 -1.584198
v -1.789796 1.093208 -1.576278
v -1.768960 1.085793 -1.568479
v -1.748575 1.076506 -1.560849
v -1.728775 1.065460 -1.553437
v -1.709695 1.052765 -1.546296
v -1.691453 1.038531 -1.539468
v -1.674194 1.022870 -1.533008
v -1.658042 1.005893 -1.526962
v -1.643143 0.987711 -1.521385
v -1.629603 0.968433 -1.516317
v -1.617577 0.948172 -1.511816
v -1.607182 0.927038 -1.507925
v -1.598561 0.905142 -1.504698
v -1.591832 0.882595 -1.502180
v -1.481148 0.441538 -1.460750
v -1.474427 0.418991 -1.458235
v -1.465798 0.397094 -1.455005
v -1.455411 0.375960 -1.451117
v -1.443376 0.355699 -1.446612
v -1.429846 0.336422 -1.441548
v -1.414937 0.318239 -1.435967
v -1.398785 0.301262 -1.429922
v -1.381526 0.285601 -1.423461
v -1.363284 0.271368 -1.416634
v -1.344205 0.258673 -1.409492
v -1.324396 0.247626 -1.402077
v -1.304019 0.238341 -1.394450
v -1.283183 0.230925 -1.386652
v -1.262023 0.225490 -1.378731
v -1.240673 0.222149 -1.370740
v -1.219270 0.221010 -1.362729
v -1.104820 0.221010 -1.319890
v -1.083282 0.222247 -1.311828
v -1.062770 0.225906 -1.304150
v -1.043429 0.231909 -1.296911
v -1.025413 0.240178 -1.290168
v -1.008856 0.250634 -1.283970
v -0.993911 0.263201 -1.278376
v -0.980723 0.277799 -1.273440
v -0.969427 0.294351 -1.269212
v -0.536666 1.029778 -1.107228
v -0.525370 1.046331 -1.103000
v -0.512177 1.060930 -1.098062
v -0.497233 1.073498 -1.092469
v -0.480681 1.083955 -1.086273
v -0.462664 1.092224 -1.079529
v -0.443328 1.098227 -1.072292
v -0.422815 1.101886 -1.064614
v -0.401271 1.103123 -1.056550
v 0.625023 1.103123 -0.672405
v 0.646426 1.101984 -0.664394
v 0.667772 1.098642 -0.656404
v 0.688929 1.093208 -0.648485
v 0.709766 1.085793 -0.640686
v 0.730152 1.076506 -0.633056
v 0.749953 1.065460 -0.625644
v 0.769038 1.052765 -0.618500
v 0.787277 1.038531 -0.611673
v 0.804538 1.022870 -0.605213
v 0.820688 1.005893 -0.599168
v 0.835595 0.987711 -0.593588
v 0.849130 0.968433 -0.588521
v 0.861160 0.948172 -0.584019
v 0.871552 0.927038 -0.580129
v 0.880175 0.905142 -0.576901
v 0.886899 0.882595 -0.574385
v 1.415508 -1.223878 -0.376525
v 1.418751 -1.238604 -0.375311
v 1.421039 -1.253070 -0.374455
v 1.422399 -1.267248 -0.373946
v 1.422849 -1.281109 -0.373777
v 1.422119 -1.298441 -0.374050
v 1.419958 -1.315130 -0.374859
v 1.416408 -1.331106 -0.376188
v 1.411517 -1.346303 -0.378019
v 1.405319 -1.360664 -0.380338
v 1.397879 -1.374111 -0.383124
v 1.389222 -1.386586 -0.386364
v 1.379412 -1.398032 -0.390036
v 1.368476 -1.408372 -0.394129
v 1.356459 -1.417539 -0.398627
v 1.343415 -1.425483 -0.403509
v 1.329389 -1.432120 -0.408759
v 1.314426 -1.437401 -0.414360
v 1.298554 -1.441248 -0.420301
v 1.281844 -1.443614 -0.426556
v 1.264314 -1.444413 -0.433117
v 0.765393 -1.444413 -0.619864
v 0.743990 -1.443268 -0.627876
v 0.722644 -1.439930 -0.635865
v 0.701487 -1.434496 -0.643784
v 0.680651 -1.427080 -0.651583
v 0.660267 -1.417798 -0.659213
v 0.640466 -1.406747 -0.666625
v 0.621381 -1.394050 -0.673769
v 0.603143 -1.379824 -0.680595
v 0.585883 -1.364155 -0.687055
v 0.569733 -1.347179 -0.693100
v 0.554826 -1.328999 -0.698680
v 0.541292 -1.309724 -0.703746
v 0.529264 -1.289458 -0.708248
v 0.518872 -1.268326 -0.712138
v 0.510248 -1.246434 -0.715366
v 0.503525 -1.223878 -0.717882
v 0.392788 -0.782636 -0.759332
v 0.386068 -0.760099 -0.761847
v 0.377451 -0.738217 -0.765072
v 0.367067 -0.717095 -0.768959
v 0.355048 -0.696838 -0.773458
v 0.341525 -0.677572 -0.778519
v 0.326630 -0.659393 -0.784095
v 0.310494 -0.642426 -0.790134
v 0.293248 -0.626767 -0.796590
v 0.275023 -0.612531 -0.803411
v 0.255952 -0.599835 -0.810549
v 0.236166 -0.588783 -0.817956
v 0.215795 -0.579491 -0.825580
v 0.194972 -0.572066 -0.833375
v 0.173827 -0.566622 -0.841289
v 0.152492 -0.563255 -0.849275
v 0.131098 -0.562101 -0.857283
v 0.011191 -0.561985 -0.902164
v -0.009109 -0.563063 -0.909762
v -0.028357 -0.566256 -0.916967
v -0.046611 -0.571498 -0.923799
v -0.063749 -0.578741 -0.930214
v -0.079651 -0.587917 -0.936167
v -0.094198 -0.598969 -0.941611
v -0.107269 -0.611839 -0.946504
v -0.118745 -0.626459 -0.950799
v -0.636375 -1.379940 -1.144550
v -0.647852 -1.394560 -1.148845
v -0.660923 -1.407429 -1.153738
v -0.675471 -1.418481 -1.159183
v -0.691370 -1.427657 -1.165134
v -0.708504 -1.434900 -1.171548
v -0.726754 -1.440142 -1.178379
v -0.746005 -1.443335 -1.185584
v -0.766129 -1.444413 -1.193117
v -1.627486 -1.444413 -1.515525
v -1.648881 -1.443268 -1.523533
v -1.670230 -1.439930 -1.531524
v -1.691391 -1.434496 -1.539444
v -1.712227 -1.427080 -1.547243
v -1.732612 -1.417798 -1.554874
v -1.752412 -1.406747 -1.562285
v -1.771492 -1.394050 -1.569427
v -1.789733 -1.379824 -1.576254
v -1.806993 -1.364155 -1.582715
v -1.823145 -1.347179 -1.588760
v -1.838053 -1.328999 -1.594341
v -1.851584 -1.309724 -1.599405
v -1.863610 -1.289458 -1.603907
v -1.874005 -1.268326 -1.607798
v -1.882626 -1.246434 -1.611024
v -1.889346 -1.223878 -1.613540
v -2.417966 0.882595 -1.811404
v -2.421209 0.897319 -1.812618
v -2.423506 0.911784 -1.813477
v -2.722644 0.932889 -1.019092
v -2.722509 0.948484 -1.019042
v -2.721058 0.965494 -1.018499
v -2.718203 0.981825 -1.017430
v -2.713978 0.997413 -1.015849
v -2.708438 1.012191 -1.013775
v -2.701619 1.026094 -1.011222
v -2.693574 1.039059 -1.008211
v -2.684332 1.051019 -1.004752
v -2.673954 1.061909 -1.000868
v -2.662487 1.071665 -0.996575
v -2.649957 1.080221 -0.991885
v -2.636426 1.087512 -0.986821
v -2.621923 1.093472 -0.981392
v -2.606510 1.098037 -0.975623
v -2.590223 1.101143 -0.969527
v -2.573098 1.102723 -0.963117
v -2.357802 1.103123 -0.882531
v -2.140560 1.102553 -0.801217
v -2.119183 1.100313 -0.793216
v -2.097933 1.095925 -0.785262
v -2.076944 1.089500 -0.777405
v -2.056333 1.081149 -0.769691
v -2.036236 1.070983 -0.762168
v -2.016796 1.059112 -0.754892
v -1.998140 1.045648 -0.747909
v -1.980385 1.030701 -0.741263
v -1.963683 1.014382 -0.735012
v -1.948153 0.996802 -0.729199
v -1.933930 0.978072 -0.723875
v -1.921147 0.958303 -0.719090
v -1.909940 0.937605 -0.714895
v -1.900428 0.916090 -0.711335
v -1.892753 0.893868 -0.708462
v -1.834055 0.662067 -0.686491
v -1.775349 0.430264 -0.664517
v -1.767674 0.408042 -0.661645
v -1.758161 0.386527 -0.658084
v -1.746955 0.365830 -0.653889
v -1.734172 0.346061 -0.649105
v -1.719948 0.327331 -0.643781
v -1.704418 0.309751 -0.637968
v -1.687717 0.293432 -0.631716
v -1.669971 0.278485 -0.625074
v -1.651306 0.265021 -0.618088
v -1.631866 0.253149 -0.610811
v -1.611768 0.242984 -0.603289
v -1.591158 0.234633 -0.595574
v -1.570160 0.228207 -0.587715
v -1.548909 0.223819 -0.579760
v -1.527533 0.221579 -0.571759
v -1.459611 0.221010 -0.546336
v -1.391617 0.221628 -0.520886
v -1.370582 0.224076 -0.513012
v -1.350656 0.228908 -0.505554
v -1.331982 0.236043 -0.498564
v -1.314695 0.245405 -0.492094
v -1.298949 0.256917 -0.486200
v -1.284878 0.270499 -0.480933
v -1.272636 0.286075 -0.476351
v -1.050602 0.662064 -0.393243
v -0.828579 1.038054 -0.310139
v -0.816335 1.053631 -0.305556
v -0.802267 1.067214 -0.300290
v -0.786518 1.078726 -0.294396
v -0.769234 1.088089 -0.287926
v -0.750558 1.095225 -0.280936
v -0.730633 1.100056 -0.273478
v -0.709605 1.102504 -0.265607
v -0.185686 1.103123 -0.069503
v 0.338164 1.102553 0.126575
v 0.359537 1.100313 0.134576
v 0.380790 1.095925 0.142530
v 0.401787 1.089500 0.150390
v 0.422398 1.081149 0.158104
v 0.442490 1.070983 0.165625
v 0.461935 1.059112 0.172903
v 0.480597 1.045648 0.179889
v 0.498347 1.030701 0.186532
v 0.515052 1.014382 0.192785
v 0.530581 0.996802 0.198598
v 0.544802 0.978072 0.203921
v 0.557584 0.958303 0.208705
v 0.568795 0.937605 0.212901
v 0.578302 0.916090 0.216460
v 0.585976 0.893868 0.219332
v 0.853643 -0.170644 0.319521
v 1.119568 -1.231246 0.419057
v 1.122333 -1.245837 0.420092
v 1.124162 -1.260159 0.420777
v 1.125063 -1.274183 0.421114
v 1.124928 -1.289775 0.421063
v 1.123477 -1.306790 0.420520
v 1.120622 -1.323113 0.419452
v 1.116397 -1.338705 0.417870
v 1.110857 -1.353479 0.415797
v 1.104038 -1.367387 0.413244
v 1.095993 -1.380353 0.410233
v 1.086751 -1.392309 0.406774
v 1.076383 -1.403197 0.402893
v 1.064906 -1.412950 0.398597
v 1.052376 -1.421511 0.393907
v 1.038845 -1.428802 0.388842
v 1.024342 -1.434756 0.383414
v 1.008929 -1.439325 0.377645
v 0.992642 -1.442431 0.371548
v 0.975517 -1.444009 0.365139
v 0.717294 -1.444413 0.268485
v 0.457131 -1.443845 0.171105
v 0.435756 -1.441604 0.163105
v 0.414505 -1.437209 0.155150
v 0.393508 -1.430793 0.147291
v 0.372897 -1.422434 0.139576
v 0.352806 -1.412267 0.132056
v 0.333362 -1.400398 0.124778
v 0.314701 -1.386932 0.117793
v 0.296952 -1.371995 0.111150
v 0.280247 -1.355672 0.104897
v 0.264719 -1.338089 0.099085
v 0.250498 -1.319362 0.093762
v 0.237717 -1.299596 0.088978
v 0.226507 -1.278896 0.084782
v 0.216999 -1.257380 0.081223
v 0.209325 -1.235161 0.078351
v 0.150595 -1.003257 0.056368
v 0.091867 -0.771363 0.034386
v 0.084198 -0.749153 0.031516
v 0.074698 -0.727656 0.027960
v 0.063496 -0.706966 0.023767
v 0.050726 -0.687200 0.018987
v 0.036517 -0.668482 0.013668
v 0.021001 -0.650909 0.007861
v 0.004310 -0.634596 0.001613
v -0.013426 -0.619649 -0.005025
v -0.032073 -0.606183 -0.012005
v -0.051502 -0.594304 -0.019277
v -0.071581 -0.584137 -0.026793
v -0.092178 -0.575778 -0.034502
v -0.113162 -0.569344 -0.042357
v -0.134402 -0.564938 -0.050307
v -0.155767 -0.562678 -0.058304
v -0.226416 -0.562043 -0.084748
v -0.296519 -0.562524 -0.110988
v -0.316294 -0.564659 -0.118390
v -0.335046 -0.568882 -0.125408
v -0.352741 -0.575124 -0.132032
v -0.369261 -0.583329 -0.138215
v -0.384485 -0.593448 -0.143914
v -0.398294 -0.605404 -0.149082
v -0.410568 -0.619149 -0.153677
v -0.675123 -1.003199 -0.252700
v -0.939674 -1.387249 -0.351722
v -0.951944 -1.400995 -0.356315
v -0.965753 -1.412950 -0.361484
v -0.980977 -1.423069 -0.367182
v -0.997498 -1.431274 -0.373366
v -1.015190 -1.437516 -0.379988
v -1.033945 -1.441739 -0.387008
v -1.053628 -1.443874 -0.394376
v -1.494364 -1.444413 -0.559344
v -1.935749 -1.443845 -0.724556
v -1.957117 -1.441604 -0.732553
v -1.978367 -1.437209 -0.740508
v -1.999365 -1.430793 -0.748367
v -2.019976 -1.422434 -0.756082
v -2.040073 -1.412267 -0.763604
v -2.059513 -1.400398 -0.770881
v -2.078178 -1.386932 -0.777867
v -2.095924 -1.371995 -0.784509
v -2.112626 -1.355672 -0.790761
v -2.128155 -1.338089 -0.796574
v -2.142380 -1.319362 -0.801898
v -2.155162 -1.299596 -0.806682
v -2.166368 -1.278896 -0.810877
v -2.175872 -1.257380 -0.814434
v -2.183547 -1.235161 -0.817307
v -2.451217 -0.170644 -0.917497
v -2.717149 0.889957 -1.017035
v -2.719914 0.904552 -1.018071
v -2.721743 0.918873 -1.018755
v 2.299940 -0.284220 1.767226
v 2.300381 -0.298032 1.767391
v 2.301741 -0.312172 1.767900
v 2.304020 -0.326590 1.768754
v 2.307254 -0.341268 1.769964
v 2.314029 -0.364179 1.772500
v 2.322685 -0.386090 1.775740
v 2.333108 -0.407242 1.779641
v 2.345152 -0.427518 1.784149
v 2.358700 -0.446813 1.789220
v 2.373618 -0.465011 1.794804
v 2.389770 -0.481997 1.800850
v 2.407021 -0.497676 1.807307
v 2.425262 -0.511911 1.814134
v 2.444341 -0.524617 1.821276
v 2.464132 -0.535679 1.828684
v 2.484518 -0.544970 1.836314
v 2.505345 -0.552386 1.844110
v 2.526505 -0.557830 1.852030
v 2.547864 -0.561168 1.860025
v 2.569277 -0.562312 1.868039
v 2.982664 -0.562312 2.022771
v 3.000185 -0.561514 2.029329
v 3.016895 -0.559158 2.035584
v 3.032749 -0.555310 2.041518
v 3.047721 -0.550039 2.047122
v 3.061738 -0.543412 2.052369
v 3.074781 -0.535486 2.057251
v 3.086789 -0.526320 2.061746
v 3.097725 -0.515999 2.065839
v 3.107544 -0.504572 2.069514
v 3.116192 -0.492116 2.072751
v 3.123633 -0.478679 2.075536
v 3.129831 -0.464347 2.077856
v 3.134722 -0.449169 2.079687
v 3.138271 -0.433212 2.081016
v 3.140433 -0.416543 2.081825
v 3.141163 -0.399230 2.082098
v 3.140712 -0.385283 2.081929
v 3.139325 -0.371009 2.081410
v 3.137001 -0.356436 2.080540
v 3.133713 -0.341614 2.079309
v 3.126993 -0.318770 2.076794
v 3.118372 -0.296907 2.073567
v 3.107977 -0.275804 2.069676
v 3.095951 -0.255566 2.065175
v 3.082420 -0.236300 2.060111
v 3.067512 -0.218131 2.054530
v 3.051360 -0.201164 2.048485
v 3.034100 -0.185514 2.042024
v 3.015868 -0.171279 2.035200
v 2.996788 -0.158592 2.028058
v 2.977006 -0.147540 2.020654
v 2.956630 -0.138249 2.013027
v 2.935821 -0.130833 2.005238
v 2.914688 -0.125398 1.997328
v 2.893374 -0.122051 1.989350
v 2.872006 -0.120916 1.981352
v 2.458619 -0.120916 1.826620
v 2.441080 -0.121714 1.820055
v 2.424343 -0.124081 1.813791
v 2.408462 -0.127928 1.807846
v 2.393481 -0.133218 1.802239
v 2.379437 -0.139865 1.796982
v 2.366385 -0.147810 1.792096
v 2.354358 -0.156986 1.787595
v 2.343413 -0.167326 1.783498
v 2.333586 -0.178772 1.779820
v 2.324929 -0.191257 1.776579
v 2.317479 -0.204703 1.773791
v 2.311281 -0.219064 1.771471
v 2.306381 -0.234252 1.769637
v 2.302831 -0.250219 1.768308
v 2.300669 -0.266897 1.767499
v 2.895062 -0.284220 0.177276
v 2.895504 -0.298032 0.177441
v 2.896864 -0.312172 0.177950
v 2.899143 -0.326590 0.178803
v 2.902377 -0.341268 0.180014
v 2.909151 -0.364179 0.182549
v 2.917808 -0.386091 0.185790
v 2.928230 -0.407242 0.189691
v 2.940274 -0.427518 0.194199
v 2.953823 -0.446813 0.199270
v 2.968740 -0.465011 0.204854
v 2.984892 -0.481997 0.210899
v 3.002143 -0.497676 0.217356
v 3.020384 -0.511911 0.224184
v 3.039464 -0.524617 0.231326
v 3.059255 -0.535679 0.238733
v 3.079640 -0.544970 0.246364
v 3.100467 -0.552386 0.254160
v 3.121628 -0.557830 0.262080
v 3.142986 -0.561168 0.270074
v 3.164399 -0.562312 0.278089
v 3.577786 -0.562312 0.432821
v 3.595307 -0.561514 0.439379
v 3.612017 -0.559158 0.445634
v 3.627872 -0.555310 0.451568
v 3.642843 -0.550039 0.457172
v 3.656860 -0.543412 0.462419
v 3.669904 -0.535486 0.467301
v 3.681912 -0.526320 0.471795
v 3.692848 -0.515999 0.475889
v 3.702667 -0.504572 0.479564
v 3.711314 -0.492116 0.482801
v 3.718755 -0.478679 0.485586
v 3.724953 -0.464347 0.487906
v 3.729844 -0.449169 0.489737
v 3.733394 -0.433212 0.491065
v 3.735556 -0.416543 0.491875
v 3.736285 -0.399230 0.492148
v 3.735835 -0.385283 0.491979
v 3.734448 -0.371009 0.491460
v 3.732124 -0.356437 0.490590
v 3.728836 -0.341614 0.489359
v 3.722116 -0.318770 0.486844
v 3.713495 -0.296907 0.483617
v 3.703099 -0.275804 0.479726
v 3.691073 -0.255566 0.475225
v 3.677543 -0.236300 0.470160
v 3.662634 -0.218131 0.464580
v 3.646482 -0.201164 0.458534
v 3.629223 -0.185514 0.452074
v 3.610990 -0.171279 0.445249
v 3.591911 -0.158592 0.438108
v 3.572129 -0.147540 0.430703
v 3.551752 -0.138249 0.423076
v 3.530943 -0.130833 0.415288
v 3.509810 -0.125398 0.407377
v 3.488496 -0.122051 0.399400
v 3.467129 -0.120916 0.391402
v 3.053742 -0.120916 0.236670
v 3.036203 -0.121714 0.230105
v 3.019465 -0.124081 0.223840
v 3.003584 -0.127928 0.217896
v 2.988603 -0.133218 0.212289
v 2.974560 -0.139865 0.207032
v 2.961507 -0.147810 0.202146
v 2.949481 -0.156986 0.197645
v 2.938536 -0.167326 0.193548
v 2.928708 -0.178772 0.189869
v 2.920051 -0.191257 0.186629
v 2.912601 -0.204704 0.183841
v 2.906403 -0.219064 0.181521
v 2.901503 -0.234252 0.179687
v 2.897954 -0.250219 0.178358
v 2.895792 -0.266897 0.177549
v 2.597717 -0.291126 0.972332
v 2.598618 -0.305102 0.972669
v 2.600438 -0.319386 0.973350
v 2.603203 -0.333929 0.974385
v 2.608203 -0.352724 0.976257
v 2.615923 -0.375135 0.979146
v 2.625463 -0.396671 0.982717
v 2.636696 -0.417380 0.986922
v 2.649487 -0.437165 0.991710
v 2.663720 -0.455912 0.997037
v 2.679250 -0.473504 1.002850
v 2.695952 -0.489837 1.009101
v 2.713698 -0.504793 1.015744
v 2.732363 -0.518269 1.022730
v 2.751794 -0.530148 1.030003
v 2.771882 -0.540324 1.037522
v 2.792493 -0.548673 1.045237
v 2.813491 -0.555108 1.053097
v 2.834750 -0.559494 1.061054
v 2.856136 -0.561735 1.069059
v 3.073531 -0.562312 1.150430
v 3.288990 -0.561908 1.231077
v 3.306096 -0.560331 1.237480
v 3.322383 -0.557234 1.243576
v 3.337796 -0.552675 1.249345
v 3.352290 -0.546721 1.254770
v 3.365821 -0.539449 1.259835
v 3.378342 -0.530908 1.264522
v 3.389819 -0.521164 1.268817
v 3.400196 -0.510286 1.272702
v 3.409430 -0.498349 1.276158
v 3.417474 -0.485402 1.279169
v 3.424293 -0.471513 1.281721
v 3.429833 -0.456758 1.283795
v 3.434058 -0.441186 1.285376
v 3.436913 -0.424873 1.286445
v 3.438355 -0.407886 1.286985
v 3.438499 -0.392256 1.287039
v 3.437580 -0.378146 1.286695
v 3.435724 -0.363727 1.286000
v 3.432923 -0.349030 1.284951
v 3.427914 -0.330187 1.283077
v 3.420239 -0.307834 1.280204
v 3.410736 -0.286356 1.276647
v 3.399529 -0.265685 1.272452
v 3.386747 -0.245929 1.267668
v 3.372523 -0.227221 1.262344
v 3.356992 -0.209647 1.256531
v 3.340292 -0.193344 1.250279
v 3.322545 -0.178397 1.243637
v 3.303889 -0.164931 1.236654
v 3.284458 -0.153061 1.229381
v 3.264379 -0.142895 1.221865
v 3.243786 -0.134546 1.214157
v 3.222815 -0.128111 1.206308
v 3.201592 -0.123725 1.198364
v 3.180251 -0.121484 1.190376
v 2.962874 -0.120916 1.109011
v 2.747407 -0.121310 1.028361
v 2.730273 -0.122898 1.021948
v 2.713968 -0.126004 1.015845
v 2.698528 -0.130573 1.010066
v 2.684016 -0.136537 1.004634
v 2.670476 -0.143837 0.999566
v 2.657937 -0.152398 0.994872
v 2.646451 -0.162161 0.990573
v 2.636065 -0.173049 0.986686
v 2.626822 -0.185014 0.983226
v 2.618760 -0.197980 0.980208
v 2.611941 -0.211879 0.977656
v 2.606392 -0.226653 0.975579
v 2.602167 -0.242235 0.973997
v 2.599312 -0.258558 0.972929
v 2.597861 -0.275554 0.972386
v 0.615596 0.172382 1.136772
v 0.615137 0.186343 1.136600
v 0.615597 0.200085 1.136772
v 0.616967 0.213516 1.137285
v 0.619242 0.226593 1.138137
v 0.622410 0.239273 1.139323
v 0.626464 0.251512 1.140840
v 0.631393 0.263271 1.142685
v 0.637194 0.274505 1.144856
v 0.643851 0.285170 1.147348
v 1.159941 1.038598 1.340522
v 1.171399 1.053263 1.344810
v 1.184470 1.066154 1.349703
v 1.199019 1.077214 1.355149
v 1.214918 1.086389 1.361100
v 1.232061 1.093623 1.367516
v 1.250320 1.098859 1.374351
v 1.269571 1.102042 1.381557
v 1.289686 1.103115 1.389086
v 3.476503 1.103115 2.207617
v 3.497871 1.101975 2.215615
v 3.519184 1.098632 2.223592
v 3.540317 1.093194 2.231502
v 3.561135 1.085777 2.239295
v 3.581503 1.076488 2.246918
v 3.601294 1.065441 2.254326
v 3.620373 1.052746 2.261467
v 3.638606 1.038516 2.268292
v 3.655857 1.022861 2.274749
v 3.672008 1.005894 2.280795
v 3.686917 0.987725 2.286375
v 3.700447 0.968466 2.291439
v 3.712482 0.948228 2.295944
v 3.722868 0.927122 2.299832
v 3.731490 0.905262 2.303059
v 3.738210 0.882756 2.305574
v 4.267028 -1.223724 2.503512
v 4.270262 -1.238441 2.504723
v 4.272541 -1.252907 2.505575
v 4.273901 -1.267075 2.506085
v 4.274352 -1.280926 2.506253
v 4.273613 -1.298287 2.505977
v 4.271451 -1.314985 2.505167
v 4.267902 -1.330981 2.503839
v 4.263001 -1.346198 2.502005
v 4.256804 -1.360577 2.499685
v 4.249354 -1.374043 2.496897
v 4.240697 -1.386528 2.493656
v 4.230869 -1.397984 2.489978
v 4.219924 -1.408334 2.485881
v 4.207898 -1.417519 2.481380
v 4.194845 -1.425464 2.476494
v 4.180801 -1.432120 2.471237
v 4.165821 -1.437401 2.465630
v 4.149939 -1.441258 2.459685
v 4.133211 -1.443624 2.453424
v 4.115672 -1.444422 2.446859
v 3.617058 -1.444422 2.260227
v 3.595636 -1.443287 2.252208
v 3.574287 -1.439940 2.244217
v 3.553127 -1.434506 2.236297
v 3.532300 -1.427080 2.228502
v 3.511923 -1.417789 2.220874
v 3.492132 -1.406737 2.213467
v 3.473062 -1.394031 2.206328
v 3.454838 -1.379786 2.199507
v 3.437596 -1.364117 2.193054
v 3.421472 -1.347121 2.187018
v 3.406581 -1.328923 2.181445
v 3.393069 -1.309637 2.176387
v 3.381052 -1.289361 2.171889
v 3.370675 -1.268210 2.168005
v 3.362063 -1.246289 2.164781
v 3.355351 -1.223724 2.162269
v 3.348316 -1.200880 2.159636
v 3.339695 -1.179017 2.156409
v 3.329300 -1.157914 2.152518
v 3.317274 -1.137676 2.148017
v 3.303734 -1.118420 2.142949
v 3.288826 -1.100251 2.137368
v 3.272683 -1.083283 2.131326
v 3.255423 -1.067624 2.124866
v 3.237190 -1.053398 2.118041
v 3.218111 -1.040702 2.110900
v 3.198320 -1.029650 2.103492
v 3.177953 -1.020368 2.095868
v 3.157135 -1.012943 2.088076
v 3.136001 -1.007508 2.080166
v 3.114688 -1.004171 2.072188
v 3.093329 -1.003026 2.064194
v 2.679942 -1.003026 1.909462
v 2.662394 -1.003824 1.902894
v 2.645666 -1.006191 1.896632
v 2.629785 -1.010048 1.890688
v 2.614795 -1.015328 1.885077
v 2.600760 -1.021975 1.879824
v 2.587707 -1.029920 1.874938
v 2.575681 -1.039096 1.870437
v 2.564736 -1.049445 1.866340
v 2.554908 -1.060891 1.862661
v 2.546251 -1.073367 1.859421
v 2.538801 -1.086823 1.856632
v 2.532604 -1.101174 1.854313
v 2.527703 -1.116371 1.852479
v 2.524154 -1.132338 1.851150
v 2.521983 -1.149007 1.850338
v 2.521254 -1.166330 1.850064
v 2.521704 -1.180152 1.850233
v 2.523055 -1.194282 1.850739
v 2.525343 -1.208710 1.851595
v 2.528577 -1.223388 1.852806
v 2.532127 -1.238441 1.854134
v 2.534415 -1.252897 1.854990
v 2.535766 -1.267075 1.855496
v 2.536216 -1.280926 1.855665
v 2.535486 -1.298278 1.855392
v 2.533316 -1.314985 1.854579
v 2.529766 -1.330981 1.853251
v 2.524866 -1.346198 1.851416
v 2.518668 -1.360568 1.849097
v 2.511219 -1.374034 1.846308
v 2.502561 -1.386528 1.843068
v 2.492734 -1.397984 1.839389
v 2.481789 -1.408334 1.835293
v 2.469763 -1.417519 1.830791
v 2.456710 -1.425464 1.825905
v 2.442675 -1.432120 1.820652
v 2.427685 -1.437401 1.815042
v 2.411804 -1.441258 1.809097
v 2.395076 -1.443624 1.802835
v 2.377527 -1.444422 1.796267
v 1.223863 -1.444422 1.364448
v 1.202442 -1.443287 1.356430
v 1.181092 -1.439940 1.348439
v 1.159932 -1.434506 1.340518
v 1.139105 -1.427080 1.332723
v 1.118728 -1.417789 1.325096
v 1.098937 -1.406737 1.317688
v 1.079867 -1.394031 1.310550
v 1.061652 -1.379786 1.303732
v 1.044411 -1.364117 1.297278
v 1.028277 -1.347121 1.291240
v 1.013386 -1.328923 1.285666
v 0.999874 -1.309637 1.280608
v 0.987857 -1.289361 1.276110
v 0.977479 -1.268210 1.272226
v 0.968868 -1.246289 1.269003
v 0.962157 -1.223724 1.266491
v 0.622545 0.129320 1.139373
v 0.619291 0.143829 1.138155
v 0.616978 0.158197 1.137289
v 1.210718 0.172382 -0.453178
v 1.210260 0.186343 -0.453350
v 1.210719 0.200085 -0.453178
v 1.212089 0.213516 -0.452665
v 1.214364 0.226593 -0.451814
v 1.217532 0.239273 -0.450628
v 1.221586 0.251512 -0.449110
v 1.226515 0.263271 -0.447265
v 1.232316 0.274505 -0.445094
v 1.238974 0.285170 -0.442602
v 1.755063 1.038598 -0.249429
v 1.766522 1.053263 -0.245140
v 1.779593 1.066154 -0.240247
v 1.794141 1.077214 -0.234802
v 1.810040 1.086389 -0.228850
v 1.827183 1.093623 -0.222434
v 1.845443 1.098859 -0.215599
v 1.864693 1.102042 -0.208394
v 1.884809 1.103115 -0.200865
v 4.071625 1.103115 0.617666
v 4.092993 1.101975 0.625664
v 4.114306 1.098632 0.633642
v 4.135439 1.093194 0.641552
v 4.156257 1.085777 0.649344
v 4.176625 1.076488 0.656968
v 4.196416 1.065441 0.664376
v 4.215495 1.052746 0.671517
v 4.233728 1.038516 0.678342
v 4.250979 1.022861 0.684799
v 4.267130 1.005894 0.690844
v 4.282039 0.987725 0.696425
v 4.295569 0.968465 0.701489
v 4.307604 0.948227 0.705994
v 4.317991 0.927122 0.709881
v 4.326612 0.905261 0.713108
v 4.333332 0.882756 0.715624
v 4.862150 -1.223724 0.913562
v 4.865385 -1.238441 0.914772
v 4.867663 -1.252907 0.915625
v 4.869024 -1.267075 0.916134
v 4.869474 -1.280926 0.916303
v 4.868735 -1.298287 0.916027
v 4.866573 -1.314985 0.915217
v 4.863024 -1.330981 0.913889
v 4.858123 -1.346198 0.912054
v 4.851926 -1.360577 0.909735
v 4.844476 -1.374043 0.906946
v 4.835819 -1.386528 0.903706
v 4.825991 -1.397984 0.900027
v 4.815046 -1.408334 0.895931
v 4.803020 -1.417519 0.891429
v 4.789968 -1.425464 0.886544
v 4.775924 -1.432120 0.881287
v 4.760943 -1.437401 0.875680
v 4.745061 -1.441258 0.869735
v 4.728333 -1.443624 0.863474
v 4.710794 -1.444422 0.856909
v 4.212181 -1.444422 0.670276
v 4.190759 -1.443287 0.662258
v 4.169409 -1.439940 0.654267
v 4.148249 -1.434506 0.646347
v 4.127422 -1.427080 0.638551
v 4.107045 -1.417789 0.630924
v 4.087255 -1.406737 0.623516
v 4.068184 -1.394031 0.616378
v 4.049961 -1.379786 0.609557
v 4.032719 -1.364117 0.603103
v 4.016594 -1.347121 0.597068
v 4.001703 -1.328923 0.591494
v 3.988191 -1.309637 0.586437
v 3.976174 -1.289361 0.581939
v 3.965797 -1.268210 0.578054
v 3.957185 -1.246289 0.574831
v 3.950474 -1.223724 0.572319
v 3.943438 -1.200880 0.569686
v 3.934818 -1.179017 0.566459
v 3.924422 -1.157914 0.562568
v 3.912396 -1.137676 0.558066
v 3.898857 -1.118420 0.552999
v 3.883948 -1.100251 0.547418
v 3.867805 -1.083283 0.541376
v 3.850546 -1.067624 0.534916
v 3.832313 -1.053398 0.528091
v 3.813234 -1.040702 0.520950
v 3.793442 -1.029650 0.513542
v 3.773075 -1.020368 0.505918
v 3.752257 -1.012943 0.498126
v 3.731124 -1.007508 0.490216
v 3.709810 -1.004171 0.482238
v 3.688452 -1.003026 0.474243
v 3.275065 -1.003026 0.319512
v 3.257517 -1.003824 0.312944
v 3.240788 -1.006191 0.306682
v 3.224907 -1.010048 0.300738
v 3.209917 -1.015328 0.295127
v 3.195883 -1.021975 0.289874
v 3.182830 -1.029920 0.284988
v 3.170804 -1.039096 0.280487
v 3.159858 -1.049445 0.276390
v 3.150031 -1.060891 0.272711
v 3.141374 -1.073367 0.269471
v 3.133924 -1.086823 0.266682
v 3.127726 -1.101174 0.264363
v 3.122826 -1.116371 0.262528
v 3.119277 -1.132338 0.261200
v 3.117106 -1.149007 0.260387
v 3.116376 -1.166330 0.260114
v 3.116826 -1.180152 0.260283
v 3.118178 -1.194282 0.260789
v 3.120466 -1.208710 0.261645
v 3.123700 -1.223388 0.262855
v 3.127249 -1.238441 0.264184
v 3.129537 -1.252897 0.265040
v 3.130888 -1.267075 0.265546
v 3.131339 -1.280926 0.265715
v 3.130609 -1.298278 0.265442
v 3.128438 -1.314985 0.264629
v 3.124889 -1.330981 0.263300
v 3.119988 -1.346198 0.261466
v 3.113791 -1.360568 0.259146
v 3.106341 -1.374034 0.256358
v 3.097684 -1.386528 0.253118
v 3.087856 -1.397984 0.249439
v 3.076911 -1.408334 0.245342
v 3.064885 -1.417519 0.240841
v 3.051832 -1.425464 0.235955
v 3.037797 -1.432120 0.230702
v 3.022808 -1.437401 0.225091
v 3.006926 -1.441258 0.219147
v 2.990198 -1.443624 0.212885
v 2.972650 -1.444422 0.206317
v 1.818986 -1.444422 -0.225502
v 1.797564 -1.443287 -0.233520
v 1.776215 -1.439940 -0.241511
v 1.755054 -1.434506 -0.249432
v 1.734227 -1.427080 -0.257227
v 1.713851 -1.417789 -0.264854
v 1.694060 -1.406737 -0.272262
v 1.674989 -1.394031 -0.279400
v 1.656775 -1.379786 -0.286218
v 1.639533 -1.364117 -0.292672
v 1.623399 -1.347121 -0.298711
v 1.608509 -1.328923 -0.304284
v 1.594996 -1.309637 -0.309342
v 1.582979 -1.289361 -0.313840
v 1.572602 -1.268210 -0.317724
v 1.563990 -1.246289 -0.320948
v 1.557279 -1.223724 -0.323460
v 1.217667 0.129320 -0.450577
v 1.214413 0.143828 -0.451795
v 1.212100 0.158197 -0.452661
v 0.912928 0.179362 0.341711
v 0.912928 0.193214 0.341711
v 0.913844 0.206800 0.342054
v 0.915666 0.220054 0.342736
v 0.918386 0.232932 0.343754
v 0.921998 0.245392 0.345106
v 0.926489 0.257391 0.346787
v 0.931855 0.268887 0.348795
v 0.938079 0.279837 0.351125
v 1.199462 0.661884 0.448961
v 1.463231 1.045930 0.547691
v 1.475500 1.059708 0.552283
v 1.489301 1.071684 0.557449
v 1.504525 1.081802 0.563147
v 1.521055 1.090007 0.569335
v 1.538756 1.096241 0.575960
v 1.557511 1.100450 0.582980
v 1.577194 1.102578 0.590348
v 2.680656 1.103115 1.003376
v 3.784748 1.102545 1.416640
v 3.806088 1.100304 1.424628
v 3.827312 1.095913 1.432572
v 3.848283 1.089486 1.440422
v 3.868876 1.081132 1.448130
v 3.888955 1.070964 1.455645
v 3.908394 1.059093 1.462922
v 3.927050 1.045631 1.469905
v 3.944788 1.030689 1.476544
v 3.961498 1.014378 1.482798
v 3.977019 0.996809 1.488608
v 3.991243 0.978095 1.493932
v 4.004026 0.958346 1.498717
v 4.015241 0.937675 1.502915
v 4.024745 0.916192 1.506472
v 4.032411 0.894009 1.509341
v 4.300180 -0.170481 1.609568
v 4.566202 -1.231082 1.709140
v 4.568967 -1.245674 1.710176
v 4.570787 -1.259986 1.710857
v 4.571688 -1.274001 1.711194
v 4.571544 -1.289602 1.711140
v 4.570093 -1.306636 1.710597
v 4.567237 -1.322988 1.709528
v 4.563013 -1.338589 1.707947
v 4.557464 -1.353383 1.705870
v 4.550644 -1.367310 1.703317
v 4.542582 -1.380286 1.700300
v 4.533340 -1.392261 1.696840
v 4.522953 -1.403159 1.692952
v 4.511468 -1.412931 1.688653
v 4.498937 -1.421492 1.683963
v 4.485389 -1.428792 1.678892
v 4.470877 -1.434765 1.673460
v 4.455446 -1.439334 1.667684
v 4.439141 -1.442441 1.661581
v 4.421999 -1.444018 1.655165
v 4.163921 -1.444422 1.558566
v 3.903909 -1.443855 1.461243
v 3.882523 -1.441614 1.453238
v 3.861273 -1.437218 1.445284
v 3.840275 -1.430793 1.437424
v 3.819673 -1.422434 1.429713
v 3.799593 -1.412258 1.422197
v 3.780163 -1.400379 1.414924
v 3.761516 -1.386903 1.407945
v 3.743778 -1.371946 1.401305
v 3.727095 -1.355614 1.395061
v 3.711583 -1.338022 1.389255
v 3.697386 -1.319285 1.383941
v 3.684622 -1.299499 1.379163
v 3.673424 -1.278781 1.374972
v 3.663929 -1.257245 1.371418
v 3.656272 -1.235007 1.368552
v 3.649390 -1.212307 1.365976
v 3.641562 -1.189953 1.363046
v 3.632059 -1.168465 1.359488
v 3.620844 -1.147795 1.355291
v 3.608061 -1.128048 1.350506
v 3.593846 -1.109330 1.345185
v 3.578315 -1.091767 1.339372
v 3.561614 -1.075454 1.333121
v 3.543868 -1.060506 1.326478
v 3.525212 -1.047050 1.319495
v 3.505781 -1.035181 1.312222
v 3.485702 -1.025005 1.304707
v 3.465109 -1.016655 1.296999
v 3.444129 -1.010230 1.289146
v 3.422906 -1.005835 1.281202
v 3.401565 -1.003593 1.273214
v 3.184197 -1.003026 1.191853
v 2.968729 -1.003430 1.111203
v 2.951587 -1.005007 1.104786
v 2.935282 -1.008114 1.098683
v 2.919851 -1.012683 1.092907
v 2.905339 -1.018656 1.087475
v 2.891790 -1.025947 1.082404
v 2.879251 -1.034508 1.077711
v 2.867765 -1.044271 1.073412
v 2.857379 -1.055168 1.069524
v 2.848136 -1.067124 1.066064
v 2.840083 -1.080090 1.063050
v 2.833264 -1.093998 1.060498
v 2.827715 -1.108773 1.058421
v 2.823490 -1.124355 1.056839
v 2.820634 -1.140678 1.055770
v 2.819184 -1.157673 1.055228
v 2.819040 -1.173236 1.055174
v 2.819941 -1.187222 1.055511
v 2.821760 -1.201496 1.056192
v 2.824517 -1.216048 1.057224
v 2.827913 -1.230909 1.058495
v 2.830832 -1.245674 1.059587
v 2.832651 -1.259986 1.060268
v 2.833552 -1.274001 1.060606
v 2.833408 -1.289602 1.060552
v 2.831958 -1.306627 1.060009
v 2.829102 -1.322978 1.058940
v 2.824877 -1.338589 1.057359
v 2.819328 -1.353383 1.055281
v 2.812509 -1.367301 1.052729
v 2.804456 -1.380286 1.049715
v 2.795213 -1.392261 1.046255
v 2.784827 -1.403159 1.042367
v 2.773341 -1.412931 1.038068
v 2.760802 -1.421492 1.033375
v 2.747253 -1.428792 1.028304
v 2.732741 -1.434765 1.022872
v 2.717310 -1.439334 1.017096
v 2.700996 -1.442441 1.010989
v 2.683863 -1.444018 1.004576
v 2.098256 -1.444422 0.785383
v 1.510714 -1.443855 0.565464
v 1.489328 -1.441614 0.557459
v 1.468078 -1.437218 0.549505
v 1.447080 -1.430793 0.541645
v 1.426478 -1.422434 0.533934
v 1.406399 -1.412258 0.526418
v 1.386968 -1.400379 0.519145
v 1.368321 -1.386903 0.512166
v 1.350593 -1.371946 0.505530
v 1.333900 -1.355614 0.499282
v 1.318397 -1.338022 0.493479
v 1.304191 -1.319285 0.488162
v 1.291427 -1.299499 0.483384
v 1.280229 -1.278781 0.479193
v 1.270735 -1.257245 0.475639
v 1.263078 -1.235007 0.472773
v 1.089913 -0.547202 0.407957
v 0.918479 0.136574 0.343789
v 0.915696 0.151013 0.342747
v 0.913848 0.165289 0.342056
v 3.872991 0.925960 2.356023
v 3.872540 0.939815 2.355854
v 3.873270 0.957148 2.356127
v 3.875432 0.973836 2.356936
v 3.878990 0.989811 2.358268
v 3.883882 1.005011 2.360099
v 3.890070 1.019368 2.362416
v 3.897511 1.032819 2.365201
v 3.906168 1.045298 2.368441
v 3.915987 1.056739 2.372116
v 3.926923 1.067078 2.376210
v 3.938931 1.076251 2.380704
v 3.951975 1.084190 2.385587
v 3.966000 1.090832 2.390836
v 3.980972 1.096112 2.396441
v 3.996836 1.099963 2.402378
v 4.013555 1.102322 2.408636
v 4.031076 1.103123 2.415195
v 5.349194 1.103123 2.908569
v 5.363914 1.102574 2.914079
v 5.378696 1.100950 2.919612
v 5.393506 1.098277 2.925155
v 5.408270 1.094584 2.930681
v 5.422962 1.089902 2.936181
v 5.437520 1.084258 2.941630
v 5.451888 1.077680 2.947008
v 5.466022 1.070198 2.952298
v 5.479867 1.061841 2.957480
v 5.493380 1.052638 2.962538
v 5.506505 1.042617 2.967451
v 5.519179 1.031806 2.972195
v 5.531376 1.020236 2.976760
v 5.543024 1.007934 2.981120
v 5.554077 0.994930 2.985257
v 5.564499 0.981252 2.989159
v 6.023973 0.342545 3.161140
v 6.034386 0.328868 3.165038
v 6.045448 0.315864 3.169179
v 6.057096 0.303562 3.173538
v 6.069284 0.291992 3.178101
v 6.081968 0.281181 3.182848
v 6.095083 0.271159 3.187757
v 6.108596 0.261955 3.192815
v 6.122441 0.253599 3.197998
v 6.136575 0.246116 3.203288
v 6.150944 0.239538 3.208666
v 6.165501 0.233893 3.214115
v 6.180193 0.229210 3.219614
v 6.194966 0.225516 3.225144
v 6.209767 0.222843 3.230684
v 6.224558 0.221218 3.236220
v 6.239278 0.220670 3.241730
v 6.318181 0.220670 3.271263
v 6.335711 0.221471 3.277825
v 6.352421 0.223829 3.284080
v 6.368293 0.227680 3.290021
v 6.383256 0.232960 3.295621
v 6.397282 0.239602 3.300871
v 6.410326 0.247542 3.305754
v 6.422334 0.256713 3.310248
v 6.433279 0.267052 3.314345
v 6.443089 0.278493 3.318017
v 6.451746 0.290973 3.321257
v 6.459187 0.304422 3.324042
v 6.465384 0.318780 3.326362
v 6.470276 0.333978 3.328193
v 6.473825 0.349954 3.329521
v 6.475987 0.366641 3.330331
v 6.476717 0.383975 3.330604
v 6.476266 0.397832 3.330435
v 6.474905 0.412010 3.329926
v 6.472618 0.426477 3.329070
v 6.469375 0.441202 3.327856
v 6.358619 0.882599 3.286399
v 6.355376 0.897324 3.285186
v 6.353088 0.911790 3.284329
v 6.351727 0.925968 3.283820
v 6.351277 0.939825 3.283651
v 6.352007 0.957158 3.283925
v 6.354169 0.973844 3.284734
v 6.357718 0.989819 3.286062
v 6.362618 1.005017 3.287896
v 6.368807 1.019374 3.290213
v 6.376248 1.032823 3.292998
v 6.384905 1.045301 3.296238
v 6.394724 1.056742 3.299914
v 6.405660 1.067081 3.304007
v 6.417667 1.076253 3.308501
v 6.430712 1.084191 3.313384
v 6.444737 1.090833 3.318634
v 6.459709 1.096113 3.324238
v 6.475573 1.099964 3.330175
v 6.492282 1.102322 3.336430
v 6.509813 1.103123 3.342992
v 6.922885 1.103123 3.497606
v 6.944288 1.101985 3.505617
v 6.965638 1.098642 3.513608
v 6.986789 1.093209 3.521525
v 7.007625 1.085793 3.529324
v 7.028010 1.076507 3.536954
v 7.047811 1.065461 3.544365
v 7.066898 1.052766 3.551510
v 7.085141 1.038533 3.558338
v 7.102400 1.022873 3.564799
v 7.118543 1.005896 3.570841
v 7.133451 0.987714 3.576421
v 7.146991 0.968437 3.581489
v 7.159017 0.948176 3.585990
v 7.169404 0.927042 3.589878
v 7.178033 0.905146 3.593108
v 7.184754 0.882599 3.595624
v 7.713374 -1.223878 3.793488
v 7.716617 -1.238604 3.794701
v 7.718904 -1.253070 3.795558
v 7.720265 -1.267248 3.796067
v 7.720715 -1.281109 3.796236
v 7.719986 -1.298441 3.795963
v 7.717814 -1.315130 3.795150
v 7.714265 -1.331106 3.793821
v 7.709374 -1.346303 3.791990
v 7.703186 -1.360664 3.789674
v 7.695744 -1.374111 3.786889
v 7.687088 -1.386586 3.783649
v 7.677269 -1.398032 3.779973
v 7.666332 -1.408372 3.775880
v 7.654325 -1.417539 3.771385
v 7.641281 -1.425483 3.766503
v 7.627255 -1.432120 3.761253
v 7.612284 -1.437401 3.755649
v 7.596420 -1.441258 3.749711
v 7.579701 -1.443614 3.743454
v 7.562180 -1.444413 3.736895
v 7.149107 -1.444413 3.582281
v 7.127704 -1.443278 3.574270
v 7.106355 -1.439930 3.566279
v 7.085195 -1.434496 3.558358
v 7.064358 -1.427080 3.550559
v 7.043983 -1.417798 3.542933
v 7.024172 -1.406747 3.535518
v 7.005094 -1.394060 3.528377
v 6.986852 -1.379824 3.521549
v 6.969592 -1.364165 3.515088
v 6.953440 -1.347188 3.509043
v 6.938531 -1.328999 3.503462
v 6.925002 -1.309724 3.498398
v 6.912975 -1.289458 3.493896
v 6.902580 -1.268326 3.490005
v 6.893950 -1.246434 3.486775
v 6.887230 -1.223878 3.484260
v 6.880501 -1.201332 3.481741
v 6.871880 -1.179440 3.478514
v 6.861485 -1.158308 3.474623
v 6.849458 -1.138042 3.470122
v 6.835919 -1.118766 3.465054
v 6.821011 -1.100587 3.459474
v 6.804859 -1.083611 3.453428
v 6.787599 -1.067951 3.446968
v 6.769366 -1.053716 3.440143
v 6.750278 -1.041019 3.432998
v 6.730478 -1.029977 3.425587
v 6.710093 -1.020686 3.417957
v 6.689257 -1.013270 3.410158
v 6.668096 -1.007835 3.402238
v 6.646756 -1.004498 3.394250
v 6.625352 -1.003363 3.386238
v 6.211965 -1.003363 3.231507
v 6.194444 -1.004161 3.224948
v 6.177725 -1.006518 3.218690
v 6.161861 -1.010365 3.212753
v 6.146890 -1.015646 3.207149
v 6.132864 -1.022292 3.201899
v 6.119820 -1.030227 3.197016
v 6.107812 -1.039403 3.192522
v 6.096876 -1.049743 3.188429
v 6.087057 -1.061180 3.184753
v 6.078409 -1.073655 3.181516
v 6.070960 -1.087112 3.178728
v 6.064771 -1.101462 3.176411
v 6.059879 -1.116660 3.174581
v 6.056330 -1.132636 3.173252
v 6.054168 -1.149324 3.172443
v 6.053430 -1.166657 3.172166
v 6.053880 -1.180518 3.172335
v 6.055240 -1.194695 3.172844
v 6.057528 -1.209162 3.173701
v 6.060771 -1.223878 3.174914
v 6.064014 -1.238604 3.176128
v 6.066302 -1.253070 3.176985
v 6.067662 -1.267248 3.177494
v 6.068113 -1.281109 3.177662
v 6.067383 -1.298441 3.177389
v 6.065221 -1.315130 3.176580
v 6.061672 -1.331106 3.175251
v 6.056771 -1.346303 3.173417
v 6.050583 -1.360664 3.171101
v 6.043142 -1.374111 3.168316
v 6.034485 -1.386586 3.165076
v 6.024666 -1.398032 3.161400
v 6.013730 -1.408372 3.157307
v 6.001722 -1.417539 3.152812
v 5.988678 -1.425483 3.147930
v 5.974653 -1.432120 3.142680
v 5.959681 -1.437401 3.137076
v 5.943817 -1.441258 3.131138
v 5.927098 -1.443614 3.124880
v 5.909577 -1.444413 3.118322
v 4.670362 -1.444413 2.654481
v 4.648967 -1.443278 2.646473
v 4.627618 -1.439930 2.638482
v 4.606467 -1.434496 2.630565
v 4.585630 -1.427080 2.622766
v 4.565245 -1.417798 2.615135
v 4.545445 -1.406747 2.607724
v 4.526357 -1.394060 2.600579
v 4.508124 -1.379824 2.593755
v 4.490864 -1.364165 2.587294
v 4.474712 -1.347188 2.581249
v 4.459804 -1.328999 2.575668
v 4.446273 -1.309724 2.570604
v 4.434238 -1.289458 2.566099
v 4.423843 -1.268326 2.562208
v 4.415222 -1.246434 2.558981
v 4.408502 -1.223878 2.556466
v 4.297728 -0.782482 2.515003
v 4.294485 -0.767765 2.513789
v 4.292197 -0.753299 2.512933
v 4.290836 -0.739121 2.512424
v 4.290386 -0.725261 2.512255
v 4.291125 -0.707928 2.512532
v 4.293287 -0.691240 2.513341
v 4.296836 -0.675263 2.514669
v 4.301728 -0.660066 2.516500
v 4.307916 -0.645715 2.518816
v 4.315366 -0.632259 2.521605
v 4.324014 -0.619783 2.524842
v 4.333833 -0.608347 2.528517
v 4.344769 -0.598007 2.532611
v 4.356777 -0.588831 2.537105
v 4.369821 -0.580895 2.541988
v 4.383846 -0.574249 2.547237
v 4.398818 -0.568968 2.552841
v 4.414682 -0.565121 2.558779
v 4.431401 -0.562765 2.565037
v 4.448922 -0.561966 2.571595
v 5.688128 -0.561966 3.035433
v 5.705649 -0.561158 3.041991
v 5.722369 -0.558802 3.048249
v 5.738232 -0.554954 3.054187
v 5.753203 -0.549674 3.059791
v 5.767230 -0.543027 3.065041
v 5.780273 -0.535092 3.069923
v 5.792282 -0.525916 3.074418
v 5.803217 -0.515576 3.078511
v 5.813036 -0.504139 3.082186
v 5.821693 -0.491664 3.085427
v 5.829134 -0.478208 3.088212
v 5.835323 -0.463847 3.090528
v 5.840214 -0.448650 3.092359
v 5.843763 -0.432673 3.093688
v 5.845925 -0.415995 3.094497
v 5.846664 -0.398652 3.094774
v 5.846213 -0.384802 3.094605
v 5.844853 -0.370624 3.094096
v 5.842565 -0.356158 3.093239
v 5.839322 -0.341431 3.092026
v 5.819963 -0.264300 3.084780
v 5.815333 -0.248064 3.083046
v 5.809667 -0.232059 3.080925
v 5.803001 -0.216352 3.078430
v 5.795398 -0.201000 3.075585
v 5.786894 -0.186034 3.072402
v 5.777526 -0.171529 3.068895
v 5.767355 -0.157534 3.065088
v 5.756411 -0.144087 3.060991
v 5.744745 -0.131246 3.056625
v 5.732404 -0.119060 3.052006
v 5.719432 -0.107594 3.047150
v 5.705874 -0.096889 3.042076
v 5.691767 -0.087001 3.036795
v 5.677156 -0.077969 3.031326
v 5.662104 -0.069870 3.025692
v 5.646636 -0.062733 3.019903
v 4.072577 0.603900 2.430728
v 4.057109 0.611035 2.424939
v 4.042048 0.619140 2.419301
v 4.027445 0.628164 2.413836
v 4.013339 0.638055 2.408556
v 3.999773 0.648762 2.403477
v 3.986801 0.660231 2.398622
v 3.974459 0.672412 2.394003
v 3.962794 0.685251 2.389636
v 3.951858 0.698698 2.385543
v 3.941678 0.712700 2.381733
v 3.932319 0.727206 2.378229
v 3.923806 0.742163 2.375043
v 3.916203 0.757519 2.372197
v 3.909546 0.773223 2.369705
v 3.903871 0.789222 2.367581
v 3.899240 0.805465 2.365848
v 3.879882 0.882599 2.358602
v 3.876639 0.897321 2.357388
v 3.874351 0.911785 2.356532
v 4.468113 0.925959 0.766073
v 4.467662 0.939814 0.765904
v 4.468392 0.957148 0.766177
v 4.470554 0.973835 0.766986
v 4.474113 0.989811 0.768318
v 4.479004 1.005011 0.770149
v 4.485193 1.019368 0.772466
v 4.492633 1.032819 0.775251
v 4.501290 1.045298 0.778491
v 4.511109 1.056739 0.782166
v 4.522045 1.067078 0.786259
v 4.534053 1.076251 0.790754
v 4.547097 1.084190 0.795636
v 4.561122 1.090832 0.800886
v 4.576094 1.096112 0.806490
v 4.591958 1.099963 0.812428
v 4.608677 1.102322 0.818686
v 4.626198 1.103123 0.825244
v 5.944316 1.103123 1.318619
v 5.959036 1.102574 1.324129
v 5.973818 1.100950 1.329662
v 5.988628 1.098277 1.335205
v 6.003392 1.094584 1.340731
v 6.018085 1.089902 1.346231
v 6.032642 1.084258 1.351680
v 6.047010 1.077680 1.357058
v 6.061144 1.070198 1.362348
v 6.074989 1.061841 1.367530
v 6.088502 1.052638 1.372588
v 6.101627 1.042617 1.377501
v 6.114302 1.031806 1.382245
v 6.126498 1.020236 1.386810
v 6.138146 1.007934 1.391170
v 6.149199 0.994930 1.395307
v 6.159622 0.981251 1.399209
v 6.619095 0.342545 1.571190
v 6.629508 0.328868 1.575088
v 6.640571 0.315863 1.579229
v 6.652218 0.303562 1.583588
v 6.664406 0.291992 1.588151
v 6.677090 0.281181 1.592898
v 6.690206 0.271159 1.597807
v 6.703718 0.261955 1.602865
v 6.717564 0.253599 1.608047
v 6.731698 0.246116 1.613338
v 6.746066 0.239538 1.618716
v 6.760623 0.233893 1.624165
v 6.775315 0.229210 1.629664
v 6.790089 0.225516 1.635194
v 6.804890 0.222843 1.640734
v 6.819681 0.221218 1.646270
v 6.834400 0.220670 1.651780
v 6.913303 0.220670 1.681313
v 6.930833 0.221471 1.687875
v 6.947544 0.223829 1.694130
v 6.963416 0.227680 1.700071
v 6.978379 0.232960 1.705671
v 6.992404 0.239602 1.710921
v 7.005448 0.247542 1.715804
v 7.017457 0.256713 1.720298
v 7.028401 0.267052 1.724395
v 7.038211 0.278493 1.728067
v 7.046868 0.290973 1.731307
v 7.054309 0.304422 1.734092
v 7.060507 0.318780 1.736412
v 7.065398 0.333978 1.738243
v 7.068947 0.349954 1.739571
v 7.071109 0.366641 1.740381
v 7.071839 0.383974 1.740654
v 7.071388 0.397832 1.740485
v 7.070028 0.412010 1.739976
v 7.067740 0.426477 1.739120
v 7.064497 0.441202 1.737906
v 6.953741 0.882599 1.696449
v 6.950498 0.897324 1.695235
v 6.948210 0.911790 1.694379
v 6.946850 0.925967 1.693870
v 6.946399 0.939825 1.693701
v 6.947129 0.957157 1.693974
v 6.949291 0.973844 1.694784
v 6.952840 0.989819 1.696112
v 6.957741 1.005017 1.697946
v 6.963930 1.019374 1.700263
v 6.971370 1.032823 1.703048
v 6.980027 1.045301 1.706288
v 6.989846 1.056742 1.709964
v 7.000782 1.067081 1.714057
v 7.012790 1.076253 1.718551
v 7.025834 1.084191 1.723434
v 7.039860 1.090833 1.728684
v 7.054831 1.096113 1.734288
v 7.070695 1.099964 1.740225
v 7.087405 1.102322 1.746480
v 7.104935 1.103123 1.753042
v 7.518007 1.103123 1.907655
v 7.539411 1.101985 1.915667
v 7.560760 1.098642 1.923658
v 7.581912 1.093209 1.931575
v 7.602747 1.085793 1.939374
v 7.623132 1.076507 1.947004
v 7.642933 1.065461 1.954415
v 7.662021 1.052766 1.961560
v 7.680263 1.038533 1.968388
v 7.697523 1.022873 1.974849
v 7.713665 1.005896 1.980891
v 7.728574 0.987714 1.986471
v 7.742113 0.968437 1.991539
v 7.754139 0.948176 1.996040
v 7.764526 0.927042 1.999928
v 7.773155 0.905146 2.003158
v 7.779876 0.882599 2.005674
v 8.308496 -1.223878 2.203537
v 8.311739 -1.238604 2.204751
v 8.314026 -1.253070 2.205608
v 8.315387 -1.267248 2.206117
v 8.315837 -1.281109 2.206285
v 8.315108 -1.298441 2.206012
v 8.312936 -1.315130 2.205199
v 8.309387 -1.331106 2.203871
v 8.304496 -1.346303 2.202040
v 8.298307 -1.360664 2.199724
v 8.290866 -1.374111 2.196939
v 8.282210 -1.386586 2.193699
v 8.272390 -1.398032 2.190023
v 8.261455 -1.408372 2.185930
v 8.249447 -1.417539 2.181435
v 8.236403 -1.425483 2.176553
v 8.222377 -1.432120 2.171303
v 8.207406 -1.437401 2.165699
v 8.191542 -1.441258 2.159761
v 8.174823 -1.443614 2.153503
v 8.157302 -1.444413 2.146945
v 7.744230 -1.444413 1.992331
v 7.722826 -1.443278 1.984320
v 7.701477 -1.439930 1.976329
v 7.680317 -1.434496 1.968408
v 7.659481 -1.427080 1.960609
v 7.639105 -1.417798 1.952983
v 7.619295 -1.406747 1.945568
v 7.600216 -1.394060 1.938426
v 7.581975 -1.379824 1.931598
v 7.564714 -1.364165 1.925138
v 7.548563 -1.347188 1.919092
v 7.533654 -1.328999 1.913512
v 7.520124 -1.309724 1.908448
v 7.508098 -1.289458 1.903946
v 7.497702 -1.268326 1.900055
v 7.489073 -1.246434 1.896825
v 7.482352 -1.223878 1.894310
v 7.475623 -1.201332 1.891791
v 7.467002 -1.179440 1.888564
v 7.456607 -1.158308 1.884673
v 7.444581 -1.138042 1.880172
v 7.431042 -1.118766 1.875104
v 7.416133 -1.100587 1.869524
v 7.399981 -1.083611 1.863478
v 7.382721 -1.067951 1.857018
v 7.364489 -1.053716 1.850193
v 7.345400 -1.041019 1.843048
v 7.325600 -1.029977 1.835637
v 7.305215 -1.020686 1.828007
v 7.284379 -1.013270 1.820208
v 7.263218 -1.007835 1.812288
v 7.241878 -1.004498 1.804300
v 7.220475 -1.003363 1.796288
v 6.807087 -1.003363 1.641557
v 6.789567 -1.004161 1.634998
v 6.772847 -1.006518 1.628740
v 6.756984 -1.010365 1.622802
v 6.742012 -1.015646 1.617198
v 6.727986 -1.022292 1.611949
v 6.714942 -1.030227 1.607066
v 6.702934 -1.039403 1.602572
v 6.691998 -1.049743 1.598479
v 6.682179 -1.061180 1.594803
v 6.673532 -1.073655 1.591566
v 6.666082 -1.087112 1.588778
v 6.659893 -1.101462 1.586461
v 6.655002 -1.116660 1.584630
v 6.651453 -1.132636 1.583302
v 6.649291 -1.149324 1.582493
v 6.648552 -1.166657 1.582216
v 6.649003 -1.180518 1.582385
v 6.650362 -1.194695 1.582894
v 6.652650 -1.209162 1.583750
v 6.655894 -1.223878 1.584964
v 6.659136 -1.238604 1.586178
v 6.661425 -1.253070 1.587034
v 6.662785 -1.267248 1.587544
v 6.663235 -1.281109 1.587712
v 6.662506 -1.298441 1.587439
v 6.660344 -1.315130 1.586630
v 6.656795 -1.331106 1.585301
v 6.651894 -1.346303 1.583467
v 6.645705 -1.360664 1.581151
v 6.638264 -1.374111 1.578366
v 6.629608 -1.386586 1.575125
v 6.619789 -1.398032 1.571450
v 6.608852 -1.408372 1.567357
v 6.596845 -1.417539 1.562862
v 6.583801 -1.425483 1.557980
v 6.569775 -1.432120 1.552730
v 6.554803 -1.437401 1.547126
v 6.538939 -1.441258 1.541188
v 6.522221 -1.443614 1.534930
v 6.504700 -1.444413 1.528372
v 5.265484 -1.444413 1.064531
v 5.244090 -1.443278 1.056523
v 5.222740 -1.439930 1.048532
v 5.201589 -1.434496 1.040615
v 5.180753 -1.427080 1.032815
v 5.160367 -1.417798 1.025185
v 5.140567 -1.406747 1.017774
v 5.121479 -1.394060 1.010629
v 5.103246 -1.379824 1.003805
v 5.085987 -1.364165 0.997344
v 5.069835 -1.347188 0.991298
v 5.054926 -1.328999 0.985718
v 5.041396 -1.309724 0.980654
v 5.029361 -1.289458 0.976149
v 5.018965 -1.268326 0.972258
v 5.010345 -1.246434 0.969031
v 5.003624 -1.223878 0.966516
v 4.892850 -0.782482 0.925053
v 4.889607 -0.767765 0.923839
v 4.887319 -0.753299 0.922983
v 4.885959 -0.739121 0.922473
v 4.885509 -0.725261 0.922305
v 4.886248 -0.707928 0.922581
v 4.888410 -0.691240 0.923391
v 4.891959 -0.675263 0.924719
v 4.896850 -0.660066 0.926550
v 4.903039 -0.645715 0.928866
v 4.910489 -0.632259 0.931655
v 4.919137 -0.619784 0.934892
v 4.928956 -0.608347 0.938567
v 4.939891 -0.598007 0.942660
v 4.951899 -0.588831 0.947155
v 4.964943 -0.580896 0.952037
v 4.978969 -0.574249 0.957287
v 4.993940 -0.568969 0.962891
v 5.009804 -0.565121 0.968829
v 5.026523 -0.562765 0.975087
v 5.044044 -0.561966 0.981645
v 6.283251 -0.561966 1.445483
v 6.300771 -0.561158 1.452041
v 6.317491 -0.558802 1.458299
v 6.333354 -0.554954 1.464237
v 6.348326 -0.549674 1.469841
v 6.362352 -0.543027 1.475091
v 6.375396 -0.535092 1.479973
v 6.387404 -0.525916 1.484468
v 6.398340 -0.515576 1.488561
v 6.408158 -0.504139 1.492236
v 6.416816 -0.491664 1.495477
v 6.424256 -0.478208 1.498262
v 6.430445 -0.463847 1.500578
v 6.435336 -0.448650 1.502409
v 6.438886 -0.432673 1.503738
v 6.441048 -0.415995 1.504547
v 6.441786 -0.398652 1.504823
v 6.441336 -0.384802 1.504655
v 6.439975 -0.370624 1.504146
v 6.437687 -0.356158 1.503289
v 6.434444 -0.341431 1.502075
v 6.415086 -0.264300 1.494829
v 6.410456 -0.248064 1.493096
v 6.404789 -0.232059 1.490975
v 6.398123 -0.216352 1.488480
v 6.390521 -0.201000 1.485635
v 6.382017 -0.186034 1.482451
v 6.372648 -0.171529 1.478945
v 6.362478 -0.157534 1.475138
v 6.351533 -0.144087 1.471041
v 6.339867 -0.131246 1.466675
v 6.327526 -0.119060 1.462055
v 6.314554 -0.107594 1.457200
v 6.300997 -0.096889 1.452126
v 6.286890 -0.087001 1.446845
v 6.272279 -0.077969 1.441376
v 6.257226 -0.069870 1.435742
v 6.241759 -0.062733 1.429953
v 4.667699 0.603899 0.840778
v 4.652232 0.611034 0.834989
v 4.637170 0.619140 0.829351
v 4.622568 0.628164 0.823885
v 4.608461 0.638055 0.818605
v 4.594895 0.648761 0.813527
v 4.581923 0.660231 0.808672
v 4.569582 0.672412 0.804053
v 4.557916 0.685250 0.799686
v 4.546980 0.698698 0.795593
v 4.536800 0.712700 0.791782
v 4.527441 0.727206 0.788279
v 4.518929 0.742163 0.785093
v 4.511325 0.757519 0.782247
v 4.504668 0.773223 0.779755
v 4.498993 0.789222 0.777631
v 4.494363 0.805465 0.775898
v 4.475004 0.882599 0.768652
v 4.471761 0.897321 0.767438
v 4.469473 0.911785 0.766582
v 4.170326 0.932887 1.560963
v 4.170471 0.948481 1.561017
v 4.171912 0.965492 1.561557
v 4.174767 0.981824 1.562626
v 4.178992 0.997411 1.564207
v 4.184532 1.012189 1.566281
v 4.191352 1.026093 1.568833
v 4.199405 1.039058 1.571847
v 4.208638 1.051018 1.575304
v 4.219016 1.061909 1.579188
v 4.230493 1.071665 1.583484
v 4.243014 1.080221 1.588170
v 4.256553 1.087512 1.593238
v 4.271048 1.093472 1.598663
v 4.286469 1.098037 1.604436
v 4.302756 1.101143 1.610532
v 4.319881 1.102723 1.616942
v 4.987696 1.103123 1.866907
v 5.654115 1.102849 2.116349
v 5.668861 1.101763 2.121869
v 5.683662 1.099614 2.127409
v 5.698453 1.096431 2.132945
v 5.713181 1.092243 2.138458
v 5.727802 1.087080 2.143930
v 5.742269 1.080968 2.149345
v 5.756520 1.073939 2.154680
v 5.770510 1.066020 2.159916
v 5.784184 1.057240 2.165034
v 5.797499 1.047627 2.170018
v 5.810408 1.037212 2.174850
v 5.822839 1.026021 2.179503
v 5.834757 1.014085 2.183964
v 5.846116 1.001432 2.188215
v 5.856854 0.988091 2.192235
v 6.091797 0.661898 2.280174
v 6.326741 0.335707 2.368114
v 6.337479 0.322366 2.372133
v 6.348829 0.309713 2.376382
v 6.360755 0.297777 2.380846
v 6.373187 0.286586 2.385499
v 6.386086 0.276170 2.390328
v 6.399401 0.266558 2.395311
v 6.413085 0.257777 2.400433
v 6.427074 0.249857 2.405669
v 6.441325 0.242827 2.411004
v 6.455783 0.236715 2.416415
v 6.470412 0.231551 2.421891
v 6.485141 0.227363 2.427404
v 6.499932 0.224180 2.432940
v 6.514724 0.222030 2.438477
v 6.529480 0.220944 2.444000
v 6.576295 0.220670 2.461523
v 6.624507 0.221071 2.479569
v 6.641632 0.222650 2.485979
v 6.657919 0.225755 2.492075
v 6.673332 0.230321 2.497844
v 6.687835 0.236281 2.503273
v 6.701365 0.243572 2.508337
v 6.713896 0.252127 2.513028
v 6.725372 0.261883 2.517323
v 6.735741 0.272773 2.521204
v 6.744983 0.284733 2.524663
v 6.753027 0.297697 2.527675
v 6.759846 0.311601 2.530227
v 6.765387 0.326379 2.532301
v 6.769611 0.341966 2.533882
v 6.772467 0.358298 2.534951
v 6.773909 0.375308 2.535491
v 6.774052 0.390904 2.535544
v 6.773151 0.404921 2.535207
v 6.771323 0.419243 2.534523
v 6.768558 0.433839 2.533488
v 6.711563 0.661900 2.512154
v 6.654559 0.889961 2.490817
v 6.651793 0.904557 2.489782
v 6.649964 0.918879 2.489098
v 6.649064 0.932896 2.488761
v 6.649208 0.948491 2.488815
v 6.650649 0.965501 2.489354
v 6.653505 0.981831 2.490423
v 6.657729 0.997418 2.492004
v 6.663270 1.012195 2.494078
v 6.670089 1.026099 2.496630
v 6.678133 1.039062 2.499641
v 6.687375 1.051022 2.503101
v 6.697753 1.061912 2.506985
v 6.709220 1.071667 2.511277
v 6.721751 1.080222 2.515968
v 6.735281 1.087513 2.521032
v 6.749784 1.093472 2.526461
v 6.765197 1.098038 2.532230
v 6.781493 1.101143 2.538329
v 6.798609 1.102723 2.544736
v 7.013905 1.103123 2.625322
v 7.231148 1.102553 2.706636
v 7.252523 1.100313 2.714637
v 7.273774 1.095926 2.722591
v 7.294773 1.089501 2.730451
v 7.315383 1.081150 2.738166
v 7.335472 1.070984 2.745685
v 7.354920 1.059114 2.752964
v 7.373576 1.045650 2.759948
v 7.391331 1.030703 2.766593
v 7.408033 1.014385 2.772845
v 7.423563 0.996805 2.778657
v 7.437778 0.978076 2.783978
v 7.450561 0.958307 2.788763
v 7.461776 0.937609 2.792961
v 7.471280 0.916094 2.796518
v 7.478954 0.893872 2.799391
v 7.746624 -0.170644 2.899580
v 8.012556 -1.231246 2.999119
v 8.015322 -1.245837 3.000154
v 8.017150 -1.260159 3.000839
v 8.018051 -1.274174 3.001176
v 8.017907 -1.289775 3.001122
v 8.016465 -1.306781 3.000583
v 8.013601 -1.323113 2.999511
v 8.009385 -1.338705 2.997932
v 8.003845 -1.353479 2.995859
v 7.997026 -1.367387 2.993306
v 7.988973 -1.380353 2.990292
v 7.979740 -1.392309 2.986836
v 7.969362 -1.403197 2.982951
v 7.957885 -1.412960 2.978656
v 7.945364 -1.421511 2.973969
v 7.931825 -1.428802 2.968901
v 7.917330 -1.434765 2.963476
v 7.901917 -1.439334 2.957707
v 7.885622 -1.442431 2.951607
v 7.868506 -1.444018 2.945201
v 7.653200 -1.444413 2.864611
v 7.435967 -1.443845 2.783301
v 7.414591 -1.441604 2.775300
v 7.393341 -1.437218 2.767345
v 7.372342 -1.430793 2.759485
v 7.351731 -1.422444 2.751771
v 7.331643 -1.412277 2.744252
v 7.312194 -1.400408 2.736972
v 7.293530 -1.386942 2.729986
v 7.275784 -1.371995 2.723344
v 7.259082 -1.355672 2.717092
v 7.243552 -1.338089 2.711279
v 7.229328 -1.319362 2.705955
v 7.216545 -1.299596 2.701170
v 7.205339 -1.278896 2.696976
v 7.195826 -1.257380 2.693415
v 7.188151 -1.235161 2.690542
v 7.181431 -1.212605 2.688027
v 7.173756 -1.190386 2.685154
v 7.164244 -1.168869 2.681594
v 7.153028 -1.148170 2.677396
v 7.140246 -1.128404 2.672611
v 7.126031 -1.109677 2.667291
v 7.110500 -1.092094 2.661478
v 7.093791 -1.075781 2.655223
v 7.076044 -1.060834 2.648581
v 7.057379 -1.047368 2.641594
v 7.037939 -1.035498 2.634318
v 7.017842 -1.025331 2.626795
v 6.997231 -1.016983 2.619081
v 6.976242 -1.010557 2.611224
v 6.954991 -1.006171 2.603270
v 6.933615 -1.003930 2.595269
v 6.716219 -1.003363 2.513897
v 6.500761 -1.003757 2.433251
v 6.483646 -1.005334 2.426844
v 6.467359 -1.008441 2.420748
v 6.451937 -1.013010 2.414976
v 6.437443 -1.018964 2.409550
v 6.423903 -1.026255 2.404483
v 6.411382 -1.034816 2.399796
v 6.399905 -1.044569 2.395500
v 6.389528 -1.055457 2.391616
v 6.380294 -1.067422 2.388160
v 6.372241 -1.080379 2.385145
v 6.365431 -1.094287 2.382596
v 6.359882 -1.109061 2.380519
v 6.355666 -1.124653 2.378941
v 6.352810 -1.140976 2.377872
v 6.351360 -1.157991 2.377330
v 6.351216 -1.173583 2.377275
v 6.352126 -1.187607 2.377616
v 6.353945 -1.201928 2.378297
v 6.356711 -1.216520 2.379332
v 6.359954 -1.231246 2.380546
v 6.362720 -1.245837 2.381581
v 6.364548 -1.260159 2.382266
v 6.365448 -1.274174 2.382603
v 6.365305 -1.289775 2.382549
v 6.363863 -1.306781 2.382010
v 6.361008 -1.323113 2.380941
v 6.356783 -1.338705 2.379359
v 6.351243 -1.353479 2.377286
v 6.344424 -1.367387 2.374733
v 6.336370 -1.380353 2.371719
v 6.327137 -1.392309 2.368263
v 6.316759 -1.403197 2.364378
v 6.305283 -1.412960 2.360083
v 6.292761 -1.421511 2.355396
v 6.279222 -1.428802 2.350328
v 6.264728 -1.434765 2.344903
v 6.249315 -1.439334 2.339134
v 6.233019 -1.442431 2.333034
v 6.215903 -1.444018 2.326628
v 5.587535 -1.444413 2.091428
v 4.957230 -1.443845 1.855503
v 4.935854 -1.441604 1.847502
v 4.914603 -1.437218 1.839548
v 4.893605 -1.430793 1.831688
v 4.872994 -1.422444 1.823974
v 4.852906 -1.412277 1.816455
v 4.833467 -1.400408 1.809178
v 4.814802 -1.386942 1.802192
v 4.797055 -1.371995 1.795550
v 4.780345 -1.355672 1.789295
v 4.764815 -1.338089 1.783482
v 4.750600 -1.319362 1.778161
v 4.737817 -1.299596 1.773376
v 4.726602 -1.278896 1.769179
v 4.717098 -1.257380 1.765621
v 4.709424 -1.235161 1.762749
v 4.650672 -1.003180 1.740758
v 4.593668 -0.775123 1.719421
v 4.590902 -0.760532 1.718386
v 4.589082 -0.746210 1.717705
v 4.588172 -0.732186 1.717364
v 4.588317 -0.716594 1.717418
v 4.589767 -0.699579 1.717961
v 4.592623 -0.683256 1.719030
v 4.596838 -0.667665 1.720608
v 4.602387 -0.652891 1.722685
v 4.609198 -0.638982 1.725234
v 4.617251 -0.626026 1.728248
v 4.626484 -0.614060 1.731704
v 4.636862 -0.603172 1.735589
v 4.648339 -0.593419 1.739884
v 4.660860 -0.584858 1.744571
v 4.674399 -0.577568 1.749639
v 4.688894 -0.571614 1.755064
v 4.704316 -0.567045 1.760837
v 4.720603 -0.563938 1.766933
v 4.737718 -0.562361 1.773339
v 5.366086 -0.561966 2.008539
v 5.994454 -0.561562 2.243739
v 6.011570 -0.559985 2.250145
v 6.027866 -0.556878 2.256245
v 6.043279 -0.552309 2.262014
v 6.057773 -0.546355 2.267439
v 6.071312 -0.539064 2.272507
v 6.083834 -0.530504 2.277194
v 6.095310 -0.520751 2.281489
v 6.105688 -0.509862 2.285374
v 6.114921 -0.497897 2.288830
v 6.122975 -0.484931 2.291844
v 6.129794 -0.471032 2.294397
v 6.135334 -0.456248 2.296470
v 6.139550 -0.440666 2.298048
v 6.142405 -0.424334 2.299117
v 6.143856 -0.407328 2.299660
v 6.144000 -0.391727 2.299714
v 6.143090 -0.377713 2.299373
v 6.141270 -0.363391 2.298692
v 6.138505 -0.348790 2.297657
v 6.127208 -0.302871 2.293429
v 6.115210 -0.256182 2.288938
v 6.110057 -0.240061 2.287009
v 6.103895 -0.224210 2.284703
v 6.096761 -0.208676 2.282032
v 6.088707 -0.193517 2.279018
v 6.079771 -0.178781 2.275673
v 6.070006 -0.164527 2.272018
v 6.059449 -0.150811 2.268066
v 6.048143 -0.137662 2.263835
v 6.036135 -0.125148 2.259340
v 6.023479 -0.113327 2.254603
v 6.010210 -0.102237 2.249636
v 5.996382 -0.091945 2.244460
v 5.982023 -0.082480 2.239086
v 5.967196 -0.073920 2.233536
v 5.951927 -0.066302 2.227821
v 5.157167 0.270583 1.930340
v 4.362400 0.607467 1.632857
v 4.347140 0.615087 1.627145
v 4.332303 0.623652 1.621592
v 4.317954 0.633110 1.616220
v 4.304116 0.643409 1.611041
v 4.290847 0.654496 1.606075
v 4.278191 0.666321 1.601337
v 4.266192 0.678831 1.596846
v 4.254887 0.691975 1.592614
v 4.244329 0.705699 1.588663
v 4.234555 0.719952 1.585004
v 4.225628 0.734684 1.581663
v 4.217566 0.749840 1.578645
v 4.210431 0.765370 1.575975
v 4.204269 0.781223 1.573668
v 4.199117 0.797343 1.571740
v 4.187118 0.844032 1.567248
v 4.175822 0.889960 1.563020
v 4.173056 0.904553 1.561985
v 4.171227 0.918872 1.561301
vn 0.3505 -0.0000 -0.9365
vn 0.3506 -0.0000 -0.9365
vn 0.3505 -0.0000 -0.9366
vn 0.3503 -0.0000 -0.9366
vn 0.3504 -0.0000 -0.9366
vn -0.3505 -0.0000 0.9365
vn -0.3506 -0.0000 0.9365
vn -0.3505 -0.0000 0.9366
vn -0.3504 -0.0000 0.9366
vn -0.3507 -0.0000 0.9365
vn -0.9363 0.0227 -0.3505
vn -0.9365 -0.0058 -0.3505
vn -0.9356 0.0450 -0.3502
vn -0.9344 0.0677 -0.3497
vn -0.9327 0.0908 -0.3491
vn -0.9304 0.1142 -0.3483
vn -0.9277 0.1372 -0.3472
vn -0.9243 0.1609 -0.3460
vn -0.9205 0.1841 -0.3446
vn -0.9162 0.2074 -0.3429
vn -0.9112 0.2309 -0.3411
vn -0.9057 0.2544 -0.3390
vn -0.8996 0.2781 -0.3367
vn -0.8930 0.3015 -0.3342
vn -0.8856 0.3252 -0.3315
vn -0.8778 0.3487 -0.3285
vn -0.8693 0.3722 -0.3254
vn -0.8604 0.3950 -0.3220
vn -0.8507 0.4182 -0.3184
vn -0.8406 0.4409 -0.3146
vn -0.8298 0.4637 -0.3106
vn -0.8182 0.4865 -0.3063
vn -0.8063 0.5087 -0.3018
vn -0.7939 0.5306 -0.2971
vn -0.7806 0.5526 -0.2922
vn -0.7669 0.5740 -0.2871
vn -0.7526 0.5952 -0.2817
vn -0.7377 0.6161 -0.2761
vn -0.7226 0.6362 -0.2705
vn -0.7069 0.6559 -0.2646
vn -0.6905 0.6756 -0.2585
vn -0.6905 0.6756 -0.2584
vn -0.6735 0.6948 -0.2521
vn -0.6565 0.7132 -0.2457
vn -0.6388 0.7313 -0.2391
vn -0.6209 0.7486 -0.2324
vn -0.6025 0.7656 -0.2255
vn -0.5837 0.7820 -0.2185
vn -0.5644 0.7980 -0.2113
vn -0.5449 0.8133 -0.2040
vn -0.5252 0.8279 -0.1966
vn -0.5050 0.8422 -0.1890
vn -0.4844 0.8559 -0.1813
vn -0.4640 0.8687 -0.1737
vn -0.4430 0.8810 -0.1658
vn -0.4222 0.8926 -0.1580
vn -0.4010 0.9037 -0.1501
vn -0.3799 0.9141 -0.1422
vn -0.3583 0.9239 -0.1341
vn -0.3370 0.9330 -0.1261
vn -0.3154 0.9416 -0.1181
vn -0.2938 0.9495 -0.1100
vn -0.2721 0.9569 -0.1018
vn -0.2508 0.9635 -0.0939
vn -0.2293 0.9696 -0.0858
vn -0.2079 0.9751 -0.0778
vn -0.1863 0.9800 -0.0697
vn -0.1652 0.9843 -0.0618
vn -0.1438 0.9881 -0.0538
vn -0.1229 0.9914 -0.0460
vn -0.1018 0.9941 -0.0381
vn -0.0812 0.9962 -0.0304
vn -0.0606 0.9979 -0.0227
vn -0.0402 0.9991 -0.0151
vn -0.0199 0.9998 -0.0074
vn -0.0099 0.9999 -0.0037
vn -0.0000 1.0000 -0.0000
vn 0.0117 0.9999 0.0044
vn 0.0235 0.9997 0.0088
vn 0.0465 0.9988 0.0174
vn 0.0696 0.9972 0.0260
vn 0.0919 0.9952 0.0344
vn 0.1142 0.9925 0.0427
vn 0.1358 0.9894 0.0508
vn 0.1574 0.9858 0.0589
vn 0.1782 0.9817 0.0667
vn 0.1989 0.9772 0.0744
vn 0.2190 0.9723 0.0820
vn 0.2391 0.9669 0.0895
vn 0.2583 0.9612 0.0967
vn 0.2775 0.9551 0.1039
vn 0.2961 0.9487 0.1108
vn 0.3146 0.9419 0.1178
vn 0.3324 0.9349 0.1244
vn 0.3501 0.9275 0.1311
vn 0.3674 0.9198 0.1375
vn 0.3675 0.9198 0.1375
vn 0.3847 0.9118 0.1440
vn 0.4012 0.9036 0.1502
vn 0.4177 0.8951 0.1563
vn 0.4337 0.8863 0.1623
vn 0.4495 0.8773 0.1682
vn 0.4652 0.8679 0.1741
vn 0.4800 0.8587 0.1797
vn 0.4951 0.8489 0.1853
vn 0.5101 0.8386 0.1909
vn 0.5244 0.8285 0.1963
vn 0.5386 0.8181 0.2016
vn 0.5525 0.8074 0.2068
vn 0.5663 0.7965 0.2120
vn 0.5799 0.7852 0.2171
vn 0.5935 0.7736 0.2222
vn 0.6064 0.7621 0.2270
vn 0.6192 0.7502 0.2318
vn 0.6321 0.7378 0.2366
vn 0.6447 0.7254 0.2413
vn 0.6572 0.7125 0.2460
vn 0.6692 0.6995 0.2505
vn 0.6812 0.6863 0.2550
vn 0.6928 0.6728 0.2593
vn 0.7046 0.6587 0.2637
vn 0.7162 0.6443 0.2681
vn 0.7273 0.6301 0.2722
vn 0.7384 0.6152 0.2764
vn 0.7493 0.5999 0.2805
vn 0.7599 0.5846 0.2844
vn 0.7707 0.5681 0.2885
vn 0.7810 0.5519 0.2923
vn 0.7911 0.5353 0.2961
vn 0.8009 0.5183 0.2998
vn 0.8105 0.5011 0.3034
vn 0.8200 0.4831 0.3069
vn 0.8292 0.4649 0.3104
vn 0.8382 0.4462 0.3137
vn 0.8469 0.4270 0.3170
vn 0.8552 0.4076 0.3201
vn 0.8634 0.3875 0.3232
vn 0.8711 0.3673 0.3260
vn 0.8785 0.3465 0.3288
vn 0.8856 0.3253 0.3315
vn 0.8924 0.3035 0.3340
vn 0.8987 0.2814 0.3364
vn 0.9017 0.2701 0.3375
vn 0.9046 0.2588 0.3386
vn 0.9083 0.2439 0.3400
vn 0.9117 0.2290 0.3412
vn 0.9180 0.1978 0.3436
vn 0.9235 0.1665 0.3457
vn 0.9281 0.1343 0.3474
vn 0.9317 0.1016 0.3487
vn 0.9344 0.0683 0.3497
vn 0.9360 0.0346 0.3503
vn 0.9365 0.0058 0.3505
vn 0.9363 -0.0224 0.3505
vn 0.9356 -0.0456 0.3502
vn 0.9344 -0.0679 0.3497
vn 0.9327 -0.0907 0.3491
vn 0.9305 -0.1136 0.3483
vn 0.9277 -0.1371 0.3472
vn 0.9243 -0.1610 0.3460
vn 0.9205 -0.1841 0.3446
vn 0.9162 -0.2072 0.3429
vn 0.9112 -0.2309 0.3411
vn 0.9057 -0.2544 0.3390
vn 0.8996 -0.2780 0.3367
vn 0.8930 -0.3013 0.3343
vn 0.8857 -0.3251 0.3315
vn 0.8777 -0.3487 0.3285
vn 0.8693 -0.3720 0.3254
vn 0.8603 -0.3953 0.3220
vn 0.8508 -0.4181 0.3184
vn 0.8406 -0.4408 0.3146
vn 0.8297 -0.4638 0.3106
vn 0.8183 -0.4863 0.3063
vn 0.8061 -0.5091 0.3017
vn 0.7936 -0.5310 0.2970
vn 0.7803 -0.5530 0.2921
vn 0.7669 -0.5740 0.2870
vn 0.7528 -0.5949 0.2818
vn 0.7383 -0.6153 0.2763
vn 0.7229 -0.6358 0.2706
vn 0.7069 -0.6560 0.2646
vn 0.6905 -0.6756 0.2584
vn 0.6905 -0.6756 0.2585
vn 0.6737 -0.6947 0.2522
vn 0.6564 -0.7133 0.2457
vn 0.6388 -0.7312 0.2391
vn 0.6209 -0.7486 0.2324
vn 0.6026 -0.7655 0.2255
vn 0.5837 -0.7820 0.2185
vn 0.5643 -0.7981 0.2112
vn 0.5447 -0.8135 0.2039
vn 0.5251 -0.8281 0.1965
vn 0.5047 -0.8424 0.1889
vn 0.4844 -0.8558 0.1813
vn 0.4638 -0.8688 0.1736
vn 0.4435 -0.8807 0.1660
vn 0.4222 -0.8926 0.1580
vn 0.4006 -0.9039 0.1500
vn 0.3796 -0.9142 0.1421
vn 0.3583 -0.9239 0.1341
vn 0.3370 -0.9330 0.1261
vn 0.3154 -0.9416 0.1180
vn 0.2940 -0.9494 0.1101
vn 0.2724 -0.9568 0.1020
vn 0.2508 -0.9635 0.0939
vn 0.2291 -0.9696 0.0857
vn 0.2078 -0.9751 0.0778
vn 0.1864 -0.9800 0.0698
vn 0.1652 -0.9843 0.0618
vn 0.1438 -0.9881 0.0538
vn 0.1229 -0.9914 0.0460
vn 0.1019 -0.9941 0.0382
vn 0.0812 -0.9962 0.0304
vn 0.0605 -0.9979 0.0227
vn 0.0402 -0.9991 0.0151
vn 0.0199 -0.9998 0.0075
vn 0.0100 -0.9999 0.0037
vn -0.0000 -1.0000 -0.0000
vn -0.0115 -0.9999 -0.0043
vn -0.0230 -0.9997 -0.0086
vn -0.0456 -0.9988 -0.0171
vn -0.0682 -0.9973 -0.0255
vn -0.0900 -0.9954 -0.0337
vn -0.1117 -0.9929 -0.0418
vn -0.1328 -0.9899 -0.0497
vn -0.1538 -0.9864 -0.0576
vn -0.1743 -0.9825 -0.0652
vn -0.1947 -0.9781 -0.0729
vn -0.2145 -0.9734 -0.0803
vn -0.2342 -0.9682 -0.0877
vn -0.2533 -0.9627 -0.0948
vn -0.2722 -0.9568 -0.1019
vn -0.2907 -0.9506 -0.1088
vn -0.3089 -0.9440 -0.1156
vn -0.3270 -0.9371 -0.1224
vn -0.3448 -0.9298 -0.1290
vn -0.3621 -0.9222 -0.1355
vn -0.3792 -0.9144 -0.1419
vn -0.3961 -0.9062 -0.1483
vn -0.4129 -0.8976 -0.1545
vn -0.4290 -0.8889 -0.1606
vn -0.4450 -0.8799 -0.1666
vn -0.4610 -0.8705 -0.1725
vn -0.4766 -0.8608 -0.1784
vn -0.4919 -0.8510 -0.1841
vn -0.5069 -0.8408 -0.1897
vn -0.5220 -0.8303 -0.1954
vn -0.5370 -0.8193 -0.2010
vn -0.5513 -0.8084 -0.2064
vn -0.5655 -0.7972 -0.2116
vn -0.5726 -0.7913 -0.2143
vn -0.5797 -0.7854 -0.2170
vn -0.5728 -0.7912 -0.2144
vn -0.5658 -0.7969 -0.2118
vn -0.5514 -0.8083 -0.2064
vn -0.5366 -0.8196 -0.2009
vn -0.5221 -0.8302 -0.1954
vn -0.5073 -0.8406 -0.1899
vn -0.4920 -0.8509 -0.1842
vn -0.4451 -0.8799 -0.1666
vn -0.4289 -0.8890 -0.1605
vn -0.4125 -0.8978 -0.1544
vn -0.3959 -0.9063 -0.1482
vn -0.3793 -0.9143 -0.1420
vn -0.3448 -0.9298 -0.1291
vn -0.3269 -0.9371 -0.1224
vn -0.2906 -0.9506 -0.1088
vn -0.2532 -0.9628 -0.0948
vn -0.1948 -0.9781 -0.0729
vn -0.0899 -0.9954 -0.0337
vn -0.0681 -0.9974 -0.0255
vn -0.0231 -0.9997 -0.0086
vn -0.0117 -0.9999 -0.0044
vn -0.0235 -0.9997 -0.0088
vn -0.0465 -0.9988 -0.0174
vn -0.0696 -0.9972 -0.0260
vn -0.0919 -0.9952 -0.0344
vn -0.1142 -0.9925 -0.0427
vn -0.1358 -0.9894 -0.0508
vn -0.1574 -0.9858 -0.0589
vn -0.1782 -0.9817 -0.0667
vn -0.1989 -0.9772 -0.0744
vn -0.2190 -0.9723 -0.0820
vn -0.2391 -0.9669 -0.0895
vn -0.2583 -0.9612 -0.0967
vn -0.2775 -0.9551 -0.1039
vn -0.2960 -0.9487 -0.1108
vn -0.3143 -0.9420 -0.1177
vn -0.3325 -0.9349 -0.1245
vn -0.3504 -0.9274 -0.1312
vn -0.3677 -0.9197 -0.1376
vn -0.3846 -0.9118 -0.1440
vn -0.4013 -0.9035 -0.1502
vn -0.4176 -0.8951 -0.1563
vn -0.4337 -0.8863 -0.1623
vn -0.4496 -0.8772 -0.1683
vn -0.4648 -0.8682 -0.1740
vn -0.4800 -0.8587 -0.1797
vn -0.4951 -0.8488 -0.1853
vn -0.5102 -0.8386 -0.1910
vn -0.5245 -0.8285 -0.1963
vn -0.5387 -0.8180 -0.2016
vn -0.5526 -0.8074 -0.2068
vn -0.5662 -0.7966 -0.2119
vn -0.5800 -0.7851 -0.2171
vn -0.5935 -0.7735 -0.2222
vn -0.6064 -0.7620 -0.2270
vn -0.6192 -0.7503 -0.2318
vn -0.6320 -0.7380 -0.2366
vn -0.6446 -0.7255 -0.2413
vn -0.6570 -0.7126 -0.2459
vn -0.6692 -0.6996 -0.2505
vn -0.6813 -0.6861 -0.2550
vn -0.6931 -0.6726 -0.2594
vn -0.7047 -0.6587 -0.2638
vn -0.7160 -0.6446 -0.2680
vn -0.7274 -0.6299 -0.2723
vn -0.7274 -0.6299 -0.2722
vn -0.7385 -0.6150 -0.2764
vn -0.7493 -0.5999 -0.2805
vn -0.7601 -0.5842 -0.2845
vn -0.7706 -0.5684 -0.2884
vn -0.7807 -0.5523 -0.2922
vn -0.7910 -0.5353 -0.2961
vn -0.8010 -0.5182 -0.2998
vn -0.8106 -0.5009 -0.3034
vn -0.8199 -0.4833 -0.3069
vn -0.8292 -0.4649 -0.3104
vn -0.8382 -0.4461 -0.3137
vn -0.8469 -0.4269 -0.3170
vn -0.8552 -0.4077 -0.3201
vn -0.8632 -0.3879 -0.3231
vn -0.8709 -0.3678 -0.3260
vn -0.8785 -0.3466 -0.3288
vn -0.8858 -0.3248 -0.3315
vn -0.8923 -0.3036 -0.3340
vn -0.8987 -0.2814 -0.3364
vn -0.9055 -0.2553 -0.3389
vn -0.9117 -0.2290 -0.3412
vn -0.9180 -0.1978 -0.3436
vn -0.9235 -0.1665 -0.3457
vn -0.9281 -0.1343 -0.3474
vn -0.9317 -0.1020 -0.3487
vn -0.9344 -0.0683 -0.3497
vn -0.9360 -0.0346 -0.3503
vn -0.9365 0.0051 -0.3505
vn -0.9356 0.0449 -0.3502
vn -0.9327 0.0910 -0.3491
vn -0.9277 0.1370 -0.3472
vn -0.9113 0.2308 -0.3411
vn -0.8995 0.2783 -0.3367
vn -0.8996 0.2783 -0.3367
vn -0.8857 0.3250 -0.3315
vn -0.8692 0.3723 -0.3253
vn -0.8506 0.4185 -0.3184
vn -0.8295 0.4642 -0.3105
vn -0.8064 0.5086 -0.3018
vn -0.7805 0.5526 -0.2922
vn -0.7226 0.6361 -0.2705
vn -0.6904 0.6756 -0.2584
vn -0.6567 0.7130 -0.2458
vn -0.5835 0.7822 -0.2184
vn -0.5446 0.8135 -0.2039
vn -0.5049 0.8422 -0.1890
vn -0.4638 0.8688 -0.1736
vn -0.4223 0.8926 -0.1581
vn -0.3797 0.9141 -0.1421
vn -0.3372 0.9329 -0.1262
vn -0.2510 0.9634 -0.0939
vn -0.2075 0.9751 -0.0777
vn -0.1653 0.9843 -0.0619
vn -0.1227 0.9914 -0.0459
vn -0.0815 0.9962 -0.0305
vn -0.0401 0.9991 -0.0150
vn -0.0200 0.9998 -0.0075
vn 0.0115 0.9999 0.0043
vn 0.0231 0.9997 0.0086
vn 0.0456 0.9988 0.0171
vn 0.0681 0.9974 0.0255
vn 0.0900 0.9954 0.0337
vn 0.1118 0.9928 0.0419
vn 0.1329 0.9899 0.0497
vn 0.1539 0.9864 0.0576
vn 0.1744 0.9825 0.0653
vn 0.1948 0.9781 0.0729
vn 0.2145 0.9734 0.0803
vn 0.2340 0.9683 0.0876
vn 0.2532 0.9627 0.0948
vn 0.2723 0.9568 0.1019
vn 0.2907 0.9506 0.1088
vn 0.3091 0.9440 0.1157
vn 0.3271 0.9370 0.1224
vn 0.3446 0.9298 0.1290
vn 0.3621 0.9222 0.1355
vn 0.3790 0.9144 0.1419
vn 0.3960 0.9062 0.1482
vn 0.4125 0.8978 0.1544
vn 0.4291 0.8889 0.1606
vn 0.4452 0.8798 0.1667
vn 0.4610 0.8704 0.1726
vn 0.4768 0.8607 0.1784
vn 0.4920 0.8509 0.1842
vn 0.5070 0.8408 0.1898
vn 0.5220 0.8302 0.1954
vn 0.5367 0.8195 0.2009
vn 0.5515 0.8082 0.2064
vn 0.5659 0.7968 0.2118
vn 0.5729 0.7911 0.2144
vn 0.5798 0.7853 0.2170
vn 0.5728 0.7912 0.2144
vn 0.5657 0.7969 0.2118
vn 0.5515 0.8083 0.2064
vn 0.5369 0.8193 0.2010
vn 0.5222 0.8302 0.1954
vn 0.5071 0.8407 0.1898
vn 0.4919 0.8510 0.1841
vn 0.4765 0.8609 0.1784
vn 0.4609 0.8705 0.1725
vn 0.4451 0.8798 0.1666
vn 0.4290 0.8889 0.1606
vn 0.4128 0.8976 0.1545
vn 0.3959 0.9062 0.1482
vn 0.3791 0.9144 0.1419
vn 0.3620 0.9223 0.1355
vn 0.3450 0.9297 0.1291
vn 0.3273 0.9369 0.1225
vn 0.3092 0.9439 0.1157
vn 0.2908 0.9506 0.1089
vn 0.2909 0.9506 0.1089
vn 0.2721 0.9569 0.1018
vn 0.2530 0.9628 0.0947
vn 0.2338 0.9683 0.0875
vn 0.2144 0.9734 0.0803
vn 0.1947 0.9781 0.0729
vn 0.1537 0.9864 0.0575
vn 0.1328 0.9899 0.0497
vn 0.1118 0.9928 0.0418
vn 0.0682 0.9973 0.0255
vn 0.0455 0.9988 0.0170
vn 0.0232 0.9997 0.0087
vn 0.0118 0.9999 0.0044
vn 0.0236 0.9997 0.0089
vn 0.0464 0.9988 0.0174
vn 0.0692 0.9973 0.0259
vn 0.0918 0.9952 0.0344
vn 0.1144 0.9925 0.0428
vn 0.1361 0.9894 0.0509
vn 0.1576 0.9857 0.0590
vn 0.1783 0.9817 0.0667
vn 0.2390 0.9669 0.0894
vn 0.2582 0.9612 0.0967
vn 0.2582 0.9612 0.0966
vn 0.2774 0.9551 0.1038
vn 0.3147 0.9418 0.1178
vn 0.3326 0.9348 0.1245
vn 0.3503 0.9274 0.1311
vn 0.3673 0.9199 0.1375
vn 0.3841 0.9120 0.1438
vn 0.4010 0.9037 0.1501
vn 0.4339 0.8862 0.1624
vn 0.4338 0.8862 0.1624
vn 0.4499 0.8771 0.1684
vn 0.4651 0.8680 0.1741
vn 0.4802 0.8586 0.1797
vn 0.4953 0.8487 0.1854
vn 0.5103 0.8385 0.1910
vn 0.5383 0.8183 0.2015
vn 0.5524 0.8076 0.2067
vn 0.5934 0.7736 0.2221
vn 0.6063 0.7622 0.2269
vn 0.6196 0.7499 0.2319
vn 0.6322 0.7378 0.2366
vn 0.6445 0.7256 0.2412
vn 0.6570 0.7127 0.2459
vn 0.6693 0.6995 0.2505
vn 0.6811 0.6863 0.2550
vn 0.6928 0.6729 0.2593
vn 0.7046 0.6588 0.2637
vn 0.7161 0.6444 0.2680
vn 0.7275 0.6297 0.2723
vn 0.7386 0.6148 0.2765
vn 0.7494 0.5998 0.2805
vn 0.7599 0.5844 0.2844
vn 0.7704 0.5686 0.2884
vn 0.7807 0.5524 0.2922
vn 0.7910 0.5355 0.2961
vn 0.8107 0.5007 0.3034
vn 0.8201 0.4828 0.3070
vn 0.8291 0.4650 0.3103
vn 0.8380 0.4465 0.3137
vn 0.8467 0.4273 0.3169
vn 0.8552 0.4077 0.3201
vn 0.8634 0.3874 0.3232
vn 0.8712 0.3671 0.3261
vn 0.8855 0.3256 0.3315
vn 0.8923 0.3037 0.3340
vn 0.9117 0.2288 0.3413
vn 0.9180 0.1979 0.3436
vn 0.9317 0.1018 0.3487
vn 0.9343 0.0684 0.3497
vn 0.9344 0.0684 0.3497
vn 0.9365 -0.0051 0.3505
vn 0.9356 -0.0450 0.3502
vn 0.9327 -0.0910 0.3491
vn 0.9277 -0.1370 0.3472
vn 0.9112 -0.2310 0.3411
vn 0.8995 -0.2785 0.3367
vn 0.8857 -0.3250 0.3315
vn 0.8508 -0.4180 0.3185
vn 0.8296 -0.4640 0.3105
vn 0.8063 -0.5087 0.3018
vn 0.7805 -0.5526 0.2922
vn 0.7527 -0.5950 0.2817
vn 0.7225 -0.6363 0.2704
vn 0.6904 -0.6757 0.2584
vn 0.6565 -0.7132 0.2457
vn 0.5836 -0.7821 0.2184
vn 0.5050 -0.8422 0.1890
vn 0.4640 -0.8686 0.1737
vn 0.4223 -0.8926 0.1581
vn 0.3794 -0.9143 0.1420
vn 0.2938 -0.9495 0.1100
vn 0.2511 -0.9634 0.0940
vn 0.2079 -0.9750 0.0778
vn 0.1654 -0.9843 0.0619
vn 0.1226 -0.9914 0.0459
vn 0.0816 -0.9962 0.0306
vn 0.0399 -0.9991 0.0149
vn 0.0200 -0.9998 0.0075
vn -0.0118 -0.9999 -0.0044
vn -0.0236 -0.9997 -0.0088
vn -0.0464 -0.9988 -0.0174
vn -0.0692 -0.9973 -0.0259
vn -0.0918 -0.9952 -0.0344
vn -0.1143 -0.9925 -0.0428
vn -0.1360 -0.9894 -0.0509
vn -0.1573 -0.9858 -0.0589
vn -0.1780 -0.9818 -0.0666
vn -0.2191 -0.9723 -0.0820
vn -0.2582 -0.9612 -0.0966
vn -0.2582 -0.9612 -0.0967
vn -0.2772 -0.9552 -0.1037
vn -0.2961 -0.9487 -0.1108
vn -0.3146 -0.9419 -0.1178
vn -0.3326 -0.9348 -0.1245
vn -0.3500 -0.9275 -0.1310
vn -0.3673 -0.9199 -0.1375
vn -0.3845 -0.9118 -0.1439
vn -0.4177 -0.8951 -0.1563
vn -0.4338 -0.8862 -0.1624
vn -0.4498 -0.8771 -0.1684
vn -0.4650 -0.8680 -0.1740
vn -0.4803 -0.8585 -0.1798
vn -0.4952 -0.8488 -0.1853
vn -0.5098 -0.8389 -0.1908
vn -0.5244 -0.8285 -0.1963
vn -0.5388 -0.8179 -0.2017
vn -0.5663 -0.7965 -0.2120
vn -0.5798 -0.7853 -0.2170
vn -0.5934 -0.7737 -0.2221
vn -0.6064 -0.7621 -0.2270
vn -0.6196 -0.7499 -0.2319
vn -0.6447 -0.7254 -0.2413
vn -0.6570 -0.7127 -0.2459
vn -0.6691 -0.6997 -0.2504
vn -0.6811 -0.6863 -0.2550
vn -0.6931 -0.6725 -0.2594
vn -0.7046 -0.6588 -0.2637
vn -0.7162 -0.6444 -0.2681
vn -0.7275 -0.6298 -0.2723
vn -0.7384 -0.6151 -0.2764
vn -0.7492 -0.6000 -0.2804
vn -0.7603 -0.5840 -0.2846
vn -0.7707 -0.5681 -0.2885
vn -0.7810 -0.5519 -0.2923
vn -0.7911 -0.5353 -0.2961
vn -0.8009 -0.5183 -0.2998
vn -0.8105 -0.5010 -0.3034
vn -0.8198 -0.4836 -0.3068
vn -0.8381 -0.4462 -0.3137
vn -0.8469 -0.4270 -0.3170
vn -0.8552 -0.4076 -0.3201
vn -0.8633 -0.3876 -0.3231
vn -0.8711 -0.3673 -0.3260
vn -0.8785 -0.3465 -0.3288
vn -0.8855 -0.3256 -0.3315
vn -0.8924 -0.3034 -0.3340
vn -0.9017 -0.2701 -0.3375
vn -0.9046 -0.2588 -0.3386
vn -0.9083 -0.2439 -0.3400
vn -0.9117 -0.2287 -0.3413
vn -0.9180 -0.1979 -0.3436
vn -0.9235 -0.1666 -0.3457
vn -0.9317 -0.1019 -0.3487
vn -0.9355 0.0473 -0.3502
vn -0.9365 -0.0028 -0.3505
vn -0.9324 0.0940 -0.3490
vn -0.9272 0.1406 -0.3471
vn -0.9202 0.1862 -0.3444
vn -0.9111 0.2314 -0.3410
vn -0.9003 0.2755 -0.3370
vn -0.8876 0.3192 -0.3322
vn -0.8729 0.3623 -0.3267
vn -0.8564 0.4048 -0.3205
vn -0.8380 0.4464 -0.3137
vn -0.8179 0.4872 -0.3061
vn -0.7956 0.5276 -0.2978
vn -0.7718 0.5665 -0.2889
vn -0.7457 0.6051 -0.2791
vn -0.7179 0.6422 -0.2687
vn -0.6879 0.6786 -0.2575
vn -0.6563 0.7134 -0.2457
vn -0.6220 0.7476 -0.2328
vn -0.5868 0.7794 -0.2196
vn -0.5490 0.8102 -0.2055
vn -0.5101 0.8387 -0.1909
vn -0.4682 0.8661 -0.1753
vn -0.4251 0.8911 -0.1591
vn -0.3810 0.9135 -0.1426
vn -0.3359 0.9335 -0.1257
vn -0.2891 0.9512 -0.1082
vn -0.2414 0.9662 -0.0904
vn -0.1937 0.9784 -0.0725
vn -0.1451 0.9879 -0.0543
vn -0.0963 0.9947 -0.0360
vn -0.0963 0.9947 -0.0361
vn -0.0474 0.9987 -0.0177
vn -0.0235 0.9997 -0.0088
vn -0.0140 0.9999 -0.0053
vn -0.0278 0.9996 -0.0104
vn -0.0558 0.9982 -0.0209
vn -0.0834 0.9960 -0.0312
vn -0.1111 0.9929 -0.0416
vn -0.1386 0.9890 -0.0519
vn -0.1658 0.9842 -0.0620
vn -0.1921 0.9787 -0.0719
vn -0.2194 0.9722 -0.0821
vn -0.2460 0.9649 -0.0921
vn -0.2725 0.9567 -0.1020
vn -0.2982 0.9479 -0.1116
vn -0.3239 0.9383 -0.1212
vn -0.3496 0.9277 -0.1309
vn -0.3747 0.9165 -0.1403
vn -0.3999 0.9043 -0.1497
vn -0.4240 0.8916 -0.1587
vn -0.4478 0.8783 -0.1676
vn -0.4719 0.8638 -0.1766
vn -0.4953 0.8487 -0.1854
vn -0.5183 0.8329 -0.1940
vn -0.5405 0.8166 -0.2023
vn -0.5627 0.7993 -0.2106
vn -0.5845 0.7814 -0.2188
vn -0.6057 0.7627 -0.2267
vn -0.6264 0.7434 -0.2345
vn -0.6466 0.7234 -0.2420
vn -0.6662 0.7029 -0.2493
vn -0.6854 0.6815 -0.2565
vn -0.7040 0.6595 -0.2635
vn -0.7220 0.6369 -0.2703
vn -0.7220 0.6369 -0.2702
vn -0.7394 0.6138 -0.2767
vn -0.7478 0.6020 -0.2799
vn -0.7561 0.5900 -0.2830
vn -0.7393 0.6138 -0.2767
vn -0.7219 0.6371 -0.2702
vn -0.6843 0.6828 -0.2561
vn -0.6441 0.7259 -0.2411
vn -0.6016 0.7664 -0.2252
vn -0.5568 0.8041 -0.2084
vn -0.5105 0.8384 -0.1911
vn -0.5104 0.8384 -0.1911
vn -0.4623 0.8697 -0.1730
vn -0.4128 0.8976 -0.1545
vn -0.3621 0.9222 -0.1355
vn -0.3114 0.9431 -0.1165
vn -0.2593 0.9609 -0.0971
vn -0.1557 0.9861 -0.0583
vn -0.1036 0.9939 -0.0388
vn -0.0514 0.9985 -0.0193
vn 0.0108 0.9999 0.0041
vn 0.0727 0.9970 0.0272
vn 0.1446 0.9880 0.0541
vn 0.2157 0.9731 0.0807
vn 0.2861 0.9522 0.1071
vn 0.3539 0.9259 0.1325
vn 0.4216 0.8929 0.1578
vn 0.4867 0.8544 0.1822
vn 0.5504 0.8091 0.2060
vn 0.6105 0.7584 0.2285
vn 0.6680 0.7009 0.2500
vn 0.7208 0.6385 0.2698
vn 0.7695 0.5699 0.2880
vn 0.8126 0.4972 0.3042
vn 0.8499 0.4201 0.3181
vn 0.8807 0.3401 0.3297
vn 0.8935 0.2996 0.3344
vn 0.8935 0.2996 0.3345
vn 0.8996 0.2782 0.3367
vn 0.8941 0.2975 0.3347
vn 0.8822 0.3357 0.3302
vn 0.8688 0.3734 0.3252
vn 0.8541 0.4103 0.3197
vn 0.8380 0.4466 0.3137
vn 0.8206 0.4820 0.3072
vn 0.8206 0.4820 0.3071
vn 0.8019 0.5166 0.3002
vn 0.7821 0.5501 0.2927
vn 0.7611 0.5827 0.2849
vn 0.7385 0.6150 0.2764
vn 0.7146 0.6463 0.2675
vn 0.6899 0.6763 0.2582
vn 0.6640 0.7052 0.2485
vn 0.6371 0.7330 0.2384
vn 0.6371 0.7330 0.2385
vn 0.6091 0.7596 0.2280
vn 0.5945 0.7727 0.2225
vn 0.5796 0.7855 0.2169
vn 0.6001 0.7677 0.2246
vn 0.6198 0.7497 0.2320
vn 0.6593 0.7102 0.2468
vn 0.6965 0.6685 0.2607
vn 0.7317 0.6241 0.2739
vn 0.7645 0.5776 0.2862
vn 0.7948 0.5290 0.2975
vn 0.8221 0.4790 0.3077
vn 0.8465 0.4278 0.3169
vn 0.8465 0.4278 0.3168
vn 0.8683 0.3748 0.3250
vn 0.8867 0.3219 0.3319
vn 0.9024 0.2677 0.3378
vn 0.9149 0.2139 0.3424
vn 0.9245 0.1597 0.3461
vn 0.9312 0.1066 0.3486
vn 0.9352 0.0531 0.3501
vn 0.9365 0.0028 0.3506
vn 0.9365 0.0028 0.3505
vn 0.9355 -0.0471 0.3502
vn 0.9324 -0.0941 0.3490
vn 0.9273 -0.1403 0.3471
vn 0.9202 -0.1858 0.3444
vn 0.9112 -0.2311 0.3411
vn 0.9003 -0.2756 0.3370
vn 0.8875 -0.3195 0.3322
vn 0.8728 -0.3625 0.3267
vn 0.8564 -0.4047 0.3206
vn 0.8381 -0.4463 0.3137
vn 0.8179 -0.4871 0.3062
vn 0.7955 -0.5277 0.2978
vn 0.7956 -0.5276 0.2978
vn 0.7716 -0.5667 0.2888
vn 0.7455 -0.6052 0.2791
vn 0.7178 -0.6424 0.2687
vn 0.6877 -0.6788 0.2574
vn 0.6560 -0.7137 0.2455
vn 0.6223 -0.7473 0.2329
vn 0.5866 -0.7795 0.2196
vn 0.5489 -0.8103 0.2054
vn 0.5093 -0.8392 0.1906
vn 0.4681 -0.8661 0.1752
vn 0.4256 -0.8908 0.1593
vn 0.3814 -0.9133 0.1428
vn 0.3814 -0.9133 0.1427
vn 0.3360 -0.9334 0.1258
vn 0.2890 -0.9512 0.1082
vn 0.2412 -0.9663 0.0903
vn 0.1933 -0.9785 0.0723
vn 0.1448 -0.9880 0.0542
vn 0.0964 -0.9947 0.0361
vn 0.0478 -0.9987 0.0179
vn 0.0239 -0.9997 0.0089
vn 0.0139 -0.9999 0.0052
vn 0.0279 -0.9996 0.0104
vn 0.0556 -0.9982 0.0208
vn 0.0834 -0.9960 0.0312
vn 0.1109 -0.9930 0.0415
vn 0.1384 -0.9890 0.0518
vn 0.1655 -0.9843 0.0620
vn 0.1926 -0.9786 0.0721
vn 0.2194 -0.9722 0.0821
vn 0.2460 -0.9649 0.0921
vn 0.2723 -0.9568 0.1019
vn 0.2984 -0.9479 0.1117
vn 0.3242 -0.9382 0.1213
vn 0.3497 -0.9277 0.1309
vn 0.3748 -0.9164 0.1403
vn 0.3996 -0.9044 0.1496
vn 0.4240 -0.8916 0.1587
vn 0.4481 -0.8781 0.1677
vn 0.4718 -0.8638 0.1766
vn 0.4951 -0.8488 0.1853
vn 0.5182 -0.8330 0.1940
vn 0.5408 -0.8165 0.2024
vn 0.5628 -0.7993 0.2107
vn 0.5844 -0.7814 0.2187
vn 0.6055 -0.7629 0.2266
vn 0.6261 -0.7437 0.2343
vn 0.6465 -0.7235 0.2420
vn 0.6664 -0.7026 0.2494
vn 0.6855 -0.6814 0.2566
vn 0.7039 -0.6596 0.2635
vn 0.7219 -0.6370 0.2702
vn 0.7393 -0.6138 0.2767
vn 0.7478 -0.6020 0.2799
vn 0.7561 -0.5900 0.2830
vn 0.7392 -0.6140 0.2767
vn 0.7218 -0.6372 0.2702
vn 0.6842 -0.6828 0.2561
vn 0.6444 -0.7257 0.2412
vn 0.6017 -0.7663 0.2252
vn 0.5568 -0.8040 0.2084
vn 0.5104 -0.8385 0.1910
vn 0.4621 -0.8698 0.1730
vn 0.4128 -0.8976 0.1545
vn 0.3620 -0.9223 0.1355
vn 0.3112 -0.9432 0.1165
vn 0.2593 -0.9609 0.0971
vn 0.2077 -0.9751 0.0777
vn 0.1554 -0.9861 0.0582
vn 0.1037 -0.9939 0.0388
vn 0.0516 -0.9985 0.0193
vn -0.0105 -0.9999 -0.0039
vn -0.0727 -0.9970 -0.0272
vn -0.1446 -0.9880 -0.0541
vn -0.2157 -0.9731 -0.0807
vn -0.2858 -0.9523 -0.1070
vn -0.3542 -0.9257 -0.1326
vn -0.4218 -0.8928 -0.1579
vn -0.4867 -0.8544 -0.1822
vn -0.5503 -0.8091 -0.2060
vn -0.6103 -0.7585 -0.2284
vn -0.6680 -0.7009 -0.2500
vn -0.7209 -0.6384 -0.2698
vn -0.7696 -0.5698 -0.2881
vn -0.8127 -0.4970 -0.3042
vn -0.8500 -0.4200 -0.3181
vn -0.8808 -0.3398 -0.3297
vn -0.8935 -0.2996 -0.3344
vn -0.8996 -0.2783 -0.3367
vn -0.8941 -0.2976 -0.3347
vn -0.8822 -0.3357 -0.3302
vn -0.8688 -0.3734 -0.3252
vn -0.8541 -0.4103 -0.3197
vn -0.8380 -0.4465 -0.3137
vn -0.8207 -0.4818 -0.3072
vn -0.8020 -0.5165 -0.3002
vn -0.7820 -0.5502 -0.2927
vn -0.7608 -0.5832 -0.2848
vn -0.7148 -0.6462 -0.2675
vn -0.6900 -0.6762 -0.2583
vn -0.6641 -0.7051 -0.2486
vn -0.6370 -0.7331 -0.2384
vn -0.6089 -0.7598 -0.2279
vn -0.5943 -0.7728 -0.2225
vn -0.5796 -0.7855 -0.2169
vn -0.6000 -0.7678 -0.2246
vn -0.6202 -0.7493 -0.2321
vn -0.6593 -0.7102 -0.2468
vn -0.6966 -0.6685 -0.2607
vn -0.7317 -0.6242 -0.2739
vn -0.7644 -0.5777 -0.2861
vn -0.7947 -0.5291 -0.2975
vn -0.8223 -0.4787 -0.3078
vn -0.8467 -0.4275 -0.3169
vn -0.8682 -0.3749 -0.3250
vn -0.8867 -0.3218 -0.3319
vn -0.9023 -0.2678 -0.3377
vn -0.9148 -0.2142 -0.3424
vn -0.9245 -0.1599 -0.3460
vn -0.9312 -0.1066 -0.3486
vn -0.9352 -0.0529 -0.3501
vn 0.9360 0.0348 0.3503
vn 0.9365 -0.0053 0.3505
vn 0.9344 0.0681 0.3497
vn 0.9317 0.1017 0.3487
vn 0.9234 0.1670 0.3456
vn 0.9180 0.1982 0.3436
vn 0.9117 0.2289 0.3412
vn 0.9025 0.2673 0.3378
vn 0.8919 0.3052 0.3338
vn 0.8783 0.3472 0.3287
vn 0.8629 0.3887 0.3230
vn 0.8466 0.4275 0.3169
vn 0.8288 0.4656 0.3102
vn 0.8105 0.5010 0.3034
vn 0.7909 0.5356 0.2960
vn 0.7707 0.5682 0.2885
vn 0.7276 0.6296 0.2724
vn 0.7049 0.6584 0.2638
vn 0.6815 0.6859 0.2551
vn 0.6572 0.7124 0.2460
vn 0.6323 0.7376 0.2367
vn 0.6066 0.7619 0.2271
vn 0.5803 0.7849 0.2172
vn 0.5802 0.7849 0.2172
vn 0.5530 0.8070 0.2070
vn 0.5247 0.8283 0.1964
vn 0.4956 0.8485 0.1855
vn 0.4011 0.9036 0.1501
vn 0.4011 0.9036 0.1502
vn 0.3678 0.9196 0.1377
vn 0.2580 0.9613 0.0966
vn 0.1777 0.9818 0.0665
vn 0.1360 0.9894 0.0509
vn 0.0913 0.9952 0.0342
vn -0.0400 0.9991 -0.0150
vn -0.0814 0.9962 -0.0305
vn -0.1654 0.9843 -0.0619
vn -0.2077 0.9751 -0.0777
vn -0.2512 0.9633 -0.0940
vn -0.2942 0.9494 -0.1101
vn -0.3373 0.9329 -0.1263
vn -0.3796 0.9142 -0.1421
vn -0.4224 0.8925 -0.1581
vn -0.4641 0.8686 -0.1737
vn -0.5052 0.8420 -0.1891
vn -0.6205 0.7490 -0.2323
vn -0.6904 0.6757 -0.2584
vn -0.7225 0.6363 -0.2704
vn -0.7524 0.5955 -0.2816
vn -0.7802 0.5531 -0.2920
vn -0.8060 0.5092 -0.3017
vn -0.8293 0.4647 -0.3104
vn -0.8504 0.4190 -0.3183
vn -0.8691 0.3725 -0.3253
vn -0.8994 0.2787 -0.3367
vn -0.9204 0.1847 -0.3445
vn -0.9277 0.1374 -0.3472
vn -0.9326 0.0913 -0.3491
vn -0.9356 0.0451 -0.3502
vn -0.9365 0.0063 -0.3505
vn -0.9361 -0.0324 -0.3504
vn -0.9345 -0.0655 -0.3498
vn -0.9320 -0.0985 -0.3488
vn -0.9284 -0.1312 -0.3475
vn -0.9239 -0.1637 -0.3458
vn -0.9182 -0.1970 -0.3437
vn -0.9114 -0.2300 -0.3412
vn -0.9026 -0.2669 -0.3378
vn -0.8923 -0.3038 -0.3340
vn -0.8787 -0.3460 -0.3289
vn -0.8633 -0.3877 -0.3231
vn -0.8470 -0.4267 -0.3170
vn -0.8108 -0.5006 -0.3035
vn -0.7910 -0.5355 -0.2961
vn -0.7709 -0.5679 -0.2885
vn -0.7496 -0.5994 -0.2806
vn -0.7277 -0.6294 -0.2724
vn -0.7048 -0.6585 -0.2638
vn -0.6815 -0.6859 -0.2551
vn -0.6574 -0.7122 -0.2461
vn -0.6324 -0.7376 -0.2367
vn -0.6066 -0.7619 -0.2270
vn -0.5802 -0.7850 -0.2172
vn -0.5530 -0.8071 -0.2070
vn -0.4953 -0.8487 -0.1854
vn -0.4650 -0.8680 -0.1741
vn -0.3678 -0.9196 -0.1377
vn -0.3323 -0.9350 -0.1244
vn -0.2962 -0.9487 -0.1109
vn -0.2578 -0.9614 -0.0965
vn -0.1777 -0.9818 -0.0665
vn -0.1361 -0.9894 -0.0509
vn -0.0913 -0.9952 -0.0342
vn -0.0232 -0.9997 -0.0087
vn 0.0815 -0.9962 0.0305
vn 0.1230 -0.9913 0.0460
vn 0.1653 -0.9843 0.0619
vn 0.2509 -0.9634 0.0939
vn 0.3372 -0.9329 0.1262
vn 0.3795 -0.9142 0.1420
vn 0.5048 -0.8423 0.1890
vn 0.5445 -0.8136 0.2038
vn 0.5833 -0.7823 0.2183
vn 0.6206 -0.7490 0.2323
vn 0.6903 -0.6758 0.2584
vn 0.7804 -0.5528 0.2921
vn 0.8061 -0.5092 0.3017
vn 0.8294 -0.4644 0.3104
vn 0.8294 -0.4644 0.3105
vn 0.8506 -0.4185 0.3184
vn 0.8691 -0.3726 0.3253
vn 0.8855 -0.3257 0.3314
vn 0.8994 -0.2787 0.3367
vn 0.9205 -0.1846 0.3445
vn 0.9277 -0.1374 0.3472
vn 0.9327 -0.0908 0.3491
vn 0.9356 -0.0455 0.3502
vn -0.9360 -0.0345 -0.3503
vn -0.9344 -0.0682 -0.3497
vn -0.9365 0.0003 -0.3506
vn -0.9360 0.0350 -0.3503
vn -0.9342 0.0709 -0.3497
vn -0.9312 0.1071 -0.3485
vn -0.9268 0.1440 -0.3469
vn -0.9211 0.1809 -0.3448
vn -0.9139 0.2186 -0.3421
vn -0.9054 0.2559 -0.3389
vn -0.8952 0.2939 -0.3351
vn -0.8835 0.3317 -0.3307
vn -0.8702 0.3696 -0.3257
vn -0.8554 0.4072 -0.3202
vn -0.8388 0.4448 -0.3140
vn -0.8207 0.4817 -0.3072
vn -0.8009 0.5183 -0.2998
vn -0.7796 0.5541 -0.2918
vn -0.7678 0.5725 -0.2874
vn -0.7556 0.5908 -0.2828
vn -0.7378 0.6160 -0.2761
vn -0.7191 0.6406 -0.2692
vn -0.6788 0.6889 -0.2541
vn -0.6357 0.7343 -0.2379
vn -0.5906 0.7761 -0.2211
vn -0.5432 0.8146 -0.2033
vn -0.4951 0.8488 -0.1853
vn -0.4451 0.8799 -0.1666
vn -0.3954 0.9065 -0.1480
vn -0.3442 0.9300 -0.1288
vn -0.2940 0.9494 -0.1101
vn -0.2429 0.9658 -0.0909
vn -0.1934 0.9784 -0.0724
vn -0.1433 0.9882 -0.0536
vn -0.0952 0.9948 -0.0356
vn -0.0467 0.9988 -0.0175
vn -0.0234 0.9997 -0.0088
vn 0.0233 0.9997 0.0087
vn 0.0466 0.9988 0.0174
vn 0.0914 0.9952 0.0342
vn 0.1359 0.9894 0.0509
vn 0.2191 0.9722 0.0820
vn 0.2963 0.9486 0.1109
vn 0.3323 0.9349 0.1244
vn 0.3677 0.9197 0.1376
vn 0.4650 0.8680 0.1741
vn 0.4955 0.8486 0.1855
vn 0.5245 0.8285 0.1963
vn 0.5528 0.8072 0.2069
vn 0.5802 0.7850 0.2172
vn 0.6067 0.7618 0.2271
vn 0.6325 0.7375 0.2367
vn 0.6574 0.7122 0.2461
vn 0.7048 0.6585 0.2638
vn 0.7277 0.6295 0.2724
vn 0.7495 0.5996 0.2806
vn 0.7708 0.5679 0.2885
vn 0.8108 0.5006 0.3035
vn 0.8471 0.4265 0.3171
vn 0.8633 0.3877 0.3231
vn 0.8787 0.3459 0.3289
vn 0.8923 0.3038 0.3340
vn 0.9046 0.2589 0.3386
vn 0.9082 0.2440 0.3400
vn 0.9083 0.2435 0.3400
vn 0.9118 0.2285 0.3413
vn 0.9181 0.1975 0.3436
vn 0.9235 0.1662 0.3457
vn 0.9281 0.1340 0.3474
vn 0.9317 0.1020 0.3487
vn 0.9360 0.0344 0.3503
vn 0.9365 -0.0054 0.3506
vn 0.9365 -0.0054 0.3505
vn 0.9356 -0.0448 0.3502
vn 0.9205 -0.1842 0.3446
vn 0.9205 -0.1842 0.3445
vn 0.8996 -0.2782 0.3367
vn 0.8694 -0.3718 0.3254
vn 0.8693 -0.3721 0.3254
vn 0.8297 -0.4639 0.3105
vn 0.8064 -0.5086 0.3018
vn 0.7226 -0.6361 0.2705
vn 0.6906 -0.6755 0.2585
vn 0.6568 -0.7129 0.2458
vn 0.5449 -0.8133 0.2040
vn 0.5050 -0.8421 0.1890
vn 0.4224 -0.8925 0.1581
vn 0.3800 -0.9140 0.1422
vn 0.2936 -0.9496 0.1099
vn 0.2077 -0.9751 0.0778
vn -0.0226 -0.9997 -0.0085
vn -0.0453 -0.9988 -0.0169
vn -0.0890 -0.9955 -0.0333
vn -0.1325 -0.9899 -0.0496
vn -0.1733 -0.9827 -0.0649
vn -0.2137 -0.9736 -0.0800
vn -0.2521 -0.9631 -0.0944
vn -0.2900 -0.9508 -0.1086
vn -0.3261 -0.9374 -0.1221
vn -0.3616 -0.9224 -0.1354
vn -0.3956 -0.9064 -0.1481
vn -0.4611 -0.8704 -0.1726
vn -0.4926 -0.8505 -0.1844
vn -0.5230 -0.8295 -0.1958
vn -0.5527 -0.8073 -0.2069
vn -0.5665 -0.7963 -0.2120
vn -0.5945 -0.7727 -0.2225
vn -0.6087 -0.7600 -0.2278
vn -0.6349 -0.7351 -0.2377
vn -0.6602 -0.7093 -0.2471
vn -0.6845 -0.6825 -0.2562
vn -0.7079 -0.6548 -0.2650
vn -0.7308 -0.6254 -0.2735
vn -0.7527 -0.5951 -0.2817
vn -0.7737 -0.5635 -0.2896
vn -0.7935 -0.5311 -0.2970
vn -0.8129 -0.4966 -0.3043
vn -0.8310 -0.4612 -0.3110
vn -0.8483 -0.4237 -0.3175
vn -0.8642 -0.3855 -0.3235
vn -0.8793 -0.3442 -0.3291
vn -0.8927 -0.3025 -0.3341
vn -0.8989 -0.2807 -0.3365
vn -0.9083 -0.2437 -0.3400
vn -0.9118 -0.2285 -0.3413
vn -0.9182 -0.1972 -0.3437
vn -0.9235 -0.1662 -0.3457
vn -0.9281 -0.1342 -0.3474
vn -0.9317 -0.1015 -0.3487
vn 0.3507 -0.0000 -0.9365
vn -0.9360 -0.0347 -0.3503
vn -0.9343 -0.0685 -0.3497
vn -0.9277 0.1371 -0.3472
vn -0.9112 0.2308 -0.3411
vn -0.8996 0.2782 -0.3367
vn -0.8692 0.3723 -0.3254
vn -0.8505 0.4186 -0.3184
vn -0.6566 0.7131 -0.2458
vn -0.6209 0.7487 -0.2324
vn -0.5837 0.7821 -0.2185
vn -0.4638 0.8687 -0.1736
vn -0.3371 0.9330 -0.1262
vn -0.2937 0.9496 -0.1099
vn -0.2076 0.9751 -0.0777
vn -0.1228 0.9914 -0.0460
vn 0.1776 0.9818 0.0665
vn 0.2578 0.9614 0.0965
vn 0.3321 0.9350 0.1243
vn 0.3675 0.9198 0.1376
vn 0.4009 0.9037 0.1501
vn 0.4648 0.8681 0.1740
vn 0.5243 0.8286 0.1962
vn 0.5243 0.8286 0.1963
vn 0.5526 0.8074 0.2068
vn 0.6065 0.7620 0.2270
vn 0.6570 0.7126 0.2459
vn 0.6814 0.6860 0.2550
vn 0.7276 0.6297 0.2723
vn 0.7492 0.6000 0.2804
vn 0.7708 0.5681 0.2885
vn 0.8292 0.4650 0.3104
vn 0.8470 0.4267 0.3170
vn 0.8923 0.3036 0.3340
vn 0.8987 0.2813 0.3364
vn 0.8988 0.2811 0.3364
vn 0.8632 0.3879 0.3231
vn 0.8293 0.4647 0.3104
vn 0.8108 0.5005 0.3035
vn 0.7494 0.5997 0.2805
vn 0.7047 0.6587 0.2638
vn 0.6813 0.6862 0.2550
vn 0.4648 0.8682 0.1740
vn 0.4336 0.8864 0.1623
vn 0.3676 0.9197 0.1376
vn 0.3322 0.9350 0.1243
vn 0.2962 0.9487 0.1109
vn 0.1776 0.9819 0.0665
vn -0.0252 0.9996 -0.0094
vn -0.0503 0.9986 -0.0188
vn -0.1025 0.9940 -0.0384
vn -0.1543 0.9863 -0.0578
vn -0.2082 0.9750 -0.0779
vn -0.2614 0.9603 -0.0978
vn -0.3162 0.9413 -0.1184
vn -0.3699 0.9187 -0.1384
vn -0.4242 0.8916 -0.1588
vn -0.4768 0.8607 -0.1785
vn -0.5293 0.8250 -0.1981
vn -0.5794 0.7856 -0.2169
vn -0.6282 0.7417 -0.2351
vn -0.6741 0.6943 -0.2523
vn -0.7172 0.6431 -0.2684
vn -0.7569 0.5889 -0.2833
vn -0.7754 0.5608 -0.2902
vn -0.7930 0.5320 -0.2968
vn -0.7171 0.6432 -0.2684
vn -0.6740 0.6944 -0.2523
vn -0.5795 0.7856 -0.2169
vn -0.5294 0.8249 -0.1981
vn -0.4769 0.8606 -0.1785
vn -0.4243 0.8915 -0.1588
vn -0.3163 0.9413 -0.1184
vn -0.2615 0.9602 -0.0979
vn -0.2083 0.9750 -0.0780
vn 0.2191 0.9723 0.0820
vn 0.4952 0.8488 0.1854
vn 0.6064 0.7620 0.2270
vn 0.6813 0.6861 0.2550
vn 0.7493 0.5998 0.2805
vn 0.7910 0.5354 0.2961
vn 0.8470 0.4266 0.3170
vn 0.8633 0.3876 0.3231
vn 0.8924 0.3034 0.3340
vn 0.8988 0.2812 0.3364
vn 0.9317 0.1019 0.3487
vn 0.9356 -0.0449 0.3502
vn 0.9327 -0.0911 0.3491
vn 0.9113 -0.2308 0.3411
vn 0.8692 -0.3722 0.3254
vn 0.8295 -0.4642 0.3105
vn 0.7805 -0.5527 0.2921
vn 0.7525 -0.5953 0.2817
vn 0.7227 -0.6361 0.2705
vn 0.6209 -0.7487 0.2324
vn 0.5834 -0.7822 0.2184
vn 0.5049 -0.8422 0.1890
vn 0.4641 -0.8686 0.1737
vn 0.3371 -0.9330 0.1262
vn 0.2939 -0.9495 0.1100
vn 0.2076 -0.9751 0.0777
vn 0.0816 -0.9962 0.0305
vn -0.0234 -0.9997 -0.0088
vn -0.0468 -0.9987 -0.0175
vn -0.0914 -0.9952 -0.0342
vn -0.1357 -0.9894 -0.0508
vn -0.1776 -0.9819 -0.0665
vn -0.3320 -0.9350 -0.1243
vn -0.3674 -0.9199 -0.1375
vn -0.4009 -0.9037 -0.1501
vn -0.4339 -0.8862 -0.1624
vn -0.4649 -0.8681 -0.1740
vn -0.5242 -0.8287 -0.1962
vn -0.5525 -0.8075 -0.2068
vn -0.5799 -0.7852 -0.2171
vn -0.6066 -0.7619 -0.2271
vn -0.6323 -0.7377 -0.2367
vn -0.7046 -0.6587 -0.2637
vn -0.7275 -0.6297 -0.2723
vn -0.7708 -0.5680 -0.2885
vn -0.8108 -0.5005 -0.3035
vn -0.8787 -0.3459 -0.3289
vn -0.8924 -0.3033 -0.3340
vn -0.8988 -0.2811 -0.3364
vn -0.8988 -0.2812 -0.3364
vn -0.8788 -0.3458 -0.3289
vn -0.8471 -0.4266 -0.3171
vn -0.8292 -0.4648 -0.3104
vn -0.8109 -0.5004 -0.3035
vn -0.7911 -0.5352 -0.2961
vn -0.7494 -0.5997 -0.2805
vn -0.7277 -0.6295 -0.2724
vn -0.7049 -0.6585 -0.2638
vn -0.6815 -0.6860 -0.2551
vn -0.6571 -0.7125 -0.2460
vn -0.6067 -0.7618 -0.2271
vn -0.5246 -0.8284 -0.1964
vn -0.4955 -0.8486 -0.1855
vn -0.4651 -0.8679 -0.1741
vn -0.4341 -0.8861 -0.1625
vn -0.3679 -0.9196 -0.1377
vn -0.2967 -0.9485 -0.1110
vn -0.2195 -0.9721 -0.0822
vn -0.1784 -0.9817 -0.0668
vn -0.1369 -0.9893 -0.0512
vn -0.0922 -0.9951 -0.0345
vn -0.0473 -0.9987 -0.0177
vn -0.0241 -0.9997 -0.0090
vn -0.0008 -1.0000 -0.0003
vn 0.0228 -0.9997 0.0085
vn 0.0465 -0.9988 0.0174
vn 0.0953 -0.9948 0.0357
vn 0.1938 -0.9784 0.0725
vn 0.2432 -0.9657 0.0910
vn 0.2944 -0.9493 0.1102
vn 0.3447 -0.9298 0.1290
vn 0.3957 -0.9064 0.1481
vn 0.4453 -0.8798 0.1667
vn 0.4951 -0.8489 0.1853
vn 0.5430 -0.8148 0.2032
vn 0.5901 -0.7765 0.2209
vn 0.6349 -0.7352 0.2376
vn 0.6777 -0.6902 0.2537
vn 0.7180 -0.6421 0.2687
vn 0.7369 -0.6172 0.2758
vn 0.7552 -0.5915 0.2827
vn 0.7368 -0.6172 0.2758
vn 0.5429 -0.8148 0.2032
vn 0.4453 -0.8797 0.1667
vn 0.3957 -0.9063 0.1481
vn 0.2945 -0.9493 0.1102
vn 0.2433 -0.9657 0.0911
vn 0.0955 -0.9948 0.0357
vn 0.0469 -0.9987 0.0176
vn 0.0235 -0.9997 0.0088
vn -0.0469 -0.9987 -0.0175
vn -0.1357 -0.9895 -0.0508
vn -0.1775 -0.9819 -0.0665
vn -0.4650 -0.8681 -0.1740
vn -0.4954 -0.8487 -0.1854
vn -0.6322 -0.7377 -0.2366
vn -0.6322 -0.7377 -0.2367
vn -0.6813 -0.6862 -0.2550
vn -0.7708 -0.5679 -0.2885
vn -0.7706 -0.5683 -0.2884
vn -0.8291 -0.4650 -0.3103
vn -0.8788 -0.3457 -0.3289
vn -0.8923 -0.3037 -0.3340
vn -0.9117 -0.2289 -0.3412
vn -0.9180 -0.1982 -0.3436
vn -0.9317 -0.1012 -0.3487
vn 0.9360 0.0341 0.3503
vn 0.9365 -0.0050 0.3506
vn 0.9344 0.0682 0.3497
vn 0.9365 -0.0050 0.3505
vn 0.9316 0.1022 0.3487
vn 0.9281 0.1344 0.3474
vn 0.9280 0.1344 0.3474
vn 0.9235 0.1664 0.3457
vn 0.9030 0.2652 0.3380
vn 0.8931 0.3010 0.3343
vn 0.8789 0.3453 0.3290
vn 0.8790 0.3453 0.3290
vn 0.8291 0.4651 0.3103
vn 0.7048 0.6586 0.2638
vn 0.6814 0.6860 0.2551
vn 0.6325 0.7375 0.2368
vn 0.6070 0.7615 0.2272
vn 0.5529 0.8071 0.2069
vn 0.4653 0.8678 0.1742
vn 0.4343 0.8860 0.1626
vn 0.4013 0.9035 0.1502
vn 0.3323 0.9350 0.1244
vn 0.2581 0.9613 0.0966
vn 0.1356 0.9895 0.0508
vn 0.0234 0.9997 0.0088
vn -0.0399 0.9991 -0.0149
vn -0.0814 0.9962 -0.0304
vn -0.1226 0.9914 -0.0459
vn -0.2507 0.9635 -0.0938
vn -0.2933 0.9497 -0.1098
vn -0.3366 0.9332 -0.1260
vn -0.3792 0.9144 -0.1419
vn -0.4217 0.8929 -0.1579
vn -0.4632 0.8691 -0.1734
vn -0.5046 0.8424 -0.1889
vn -0.5442 0.8139 -0.2037
vn -0.5832 0.7824 -0.2183
vn -0.6202 0.7493 -0.2322
vn -0.6560 0.7137 -0.2456
vn -0.6901 0.6760 -0.2583
vn -0.7222 0.6367 -0.2703
vn -0.7803 0.5530 -0.2921
vn -0.8062 0.5090 -0.3018
vn -0.8503 0.4193 -0.3183
vn -0.8690 0.3728 -0.3253
vn -0.8856 0.3254 -0.3315
vn -0.8995 0.2786 -0.3367
vn -0.9112 0.2310 -0.3411
vn -0.9205 0.1843 -0.3445
vn -0.9326 0.0912 -0.3491
vn -0.9365 0.0053 -0.3505
vn -0.9343 -0.0689 -0.3497
vn -0.9316 -0.1029 -0.3487
vn -0.9279 -0.1356 -0.3473
vn -0.9233 -0.1679 -0.3456
vn -0.9178 -0.1992 -0.3435
vn -0.9113 -0.2305 -0.3411
vn -0.9030 -0.2652 -0.3380
vn -0.8935 -0.2997 -0.3344
vn -0.8632 -0.3880 -0.3231
vn -0.8468 -0.4272 -0.3170
vn -0.8289 -0.4655 -0.3103
vn -0.7908 -0.5358 -0.2960
vn -0.7706 -0.5683 -0.2885
vn -0.7044 -0.6590 -0.2637
vn -0.6811 -0.6864 -0.2549
vn -0.6568 -0.7129 -0.2458
vn -0.6319 -0.7381 -0.2365
vn -0.6062 -0.7622 -0.2269
vn -0.5799 -0.7853 -0.2170
vn -0.5799 -0.7853 -0.2171
vn -0.5528 -0.8072 -0.2069
vn -0.5243 -0.8286 -0.1963
vn -0.5243 -0.8286 -0.1962
vn -0.4951 -0.8489 -0.1853
vn -0.4342 -0.8860 -0.1625
vn -0.3324 -0.9349 -0.1244
vn -0.2965 -0.9486 -0.1110
vn -0.2581 -0.9613 -0.0966
vn -0.2193 -0.9722 -0.0821
vn -0.1363 -0.9894 -0.0510
vn -0.0915 -0.9952 -0.0343
vn -0.0233 -0.9997 -0.0087
vn 0.1229 -0.9913 0.0460
vn 0.1652 -0.9843 0.0619
vn 0.2072 -0.9752 0.0776
vn 0.4638 -0.8687 0.1736
vn 0.5833 -0.7823 0.2184
vn 0.6206 -0.7489 0.2323
vn 0.8506 -0.4186 0.3184
vn 0.9326 -0.0916 0.3491
vn -0.9360 -0.0351 -0.3503
vn -0.9343 -0.0693 -0.3497
vn -0.9359 0.0357 -0.3503
vn -0.9341 0.0720 -0.3496
vn -0.9310 0.1083 -0.3485
vn -0.9266 0.1455 -0.3468
vn -0.9208 0.1826 -0.3447
vn -0.9135 0.2203 -0.3419
vn -0.9049 0.2578 -0.3387
vn -0.8946 0.2958 -0.3349
vn -0.8830 0.3334 -0.3305
vn -0.8696 0.3713 -0.3255
vn -0.8548 0.4085 -0.3200
vn -0.8382 0.4461 -0.3137
vn -0.8201 0.4829 -0.3070
vn -0.8007 0.5188 -0.2997
vn -0.7793 0.5546 -0.2917
vn -0.7678 0.5726 -0.2874
vn -0.7559 0.5903 -0.2829
vn -0.7379 0.6158 -0.2762
vn -0.6787 0.6891 -0.2540
vn -0.6354 0.7346 -0.2378
vn -0.5905 0.7762 -0.2210
vn -0.4952 0.8488 -0.1853
vn -0.4952 0.8488 -0.1854
vn -0.4453 0.8797 -0.1667
vn -0.3955 0.9065 -0.1480
vn 0.0234 0.9997 0.0087
vn 0.0467 0.9988 0.0175
vn 0.0915 0.9952 0.0343
vn 0.1361 0.9894 0.0510
vn 0.1779 0.9818 0.0666
vn 0.2194 0.9722 0.0821
vn 0.2582 0.9613 0.0966
vn 0.2965 0.9486 0.1110
vn 0.3679 0.9196 0.1377
vn 0.4649 0.8681 0.1740
vn 0.5527 0.8073 0.2069
vn 0.5800 0.7852 0.2171
vn 0.6321 0.7379 0.2366
vn 0.6568 0.7129 0.2458
vn 0.6811 0.6864 0.2549
vn 0.7044 0.6590 0.2637
vn 0.7273 0.6300 0.2722
vn 0.7492 0.6001 0.2804
vn 0.7705 0.5685 0.2884
vn 0.7906 0.5361 0.2959
vn 0.8631 0.3881 0.3231
vn 0.8786 0.3463 0.3289
vn 0.9083 0.2437 0.3400
vn 0.9118 0.2284 0.3413
vn 0.9181 0.1973 0.3437
vn 0.9236 0.1659 0.3457
vn 0.9360 0.0347 0.3503
vn 0.9356 -0.0447 0.3502
vn 0.9326 -0.0913 0.3491
vn 0.9277 -0.1369 0.3473
vn 0.9206 -0.1840 0.3446
vn 0.9113 -0.2305 0.3411
vn 0.8856 -0.3252 0.3315
vn 0.7806 -0.5525 0.2922
vn 0.6567 -0.7130 0.2458
vn 0.2510 -0.9634 0.0939
vn -0.2963 -0.9486 -0.1109
vn -0.3325 -0.9349 -0.1244
vn -0.4012 -0.9036 -0.1502
vn -0.4340 -0.8861 -0.1625
vn -0.4652 -0.8679 -0.1741
vn -0.4958 -0.8484 -0.1856
vn -0.5249 -0.8282 -0.1965
vn -0.5249 -0.8282 -0.1964
vn -0.5532 -0.8069 -0.2071
vn -0.5805 -0.7847 -0.2173
vn -0.6070 -0.7615 -0.2272
vn -0.6329 -0.7371 -0.2369
vn -0.6576 -0.7120 -0.2461
vn -0.6821 -0.6853 -0.2553
vn -0.7053 -0.6580 -0.2640
vn -0.7281 -0.6289 -0.2725
vn -0.7499 -0.5990 -0.2807
vn -0.7712 -0.5673 -0.2887
vn -0.7914 -0.5347 -0.2962
vn -0.8112 -0.4998 -0.3036
vn -0.8296 -0.4641 -0.3105
vn -0.8474 -0.4258 -0.3172
vn -0.8636 -0.3868 -0.3233
vn -0.8790 -0.3451 -0.3290
vn -0.8926 -0.3026 -0.3341
vn -0.8912 -0.3075 -0.3336
vn -0.8897 -0.3124 -0.3330
vn -0.8771 -0.3505 -0.3283
vn -0.8289 -0.4655 -0.3102
vn -0.7705 -0.5685 -0.2884
vn -0.7490 -0.6004 -0.2803
vn -0.7272 -0.6301 -0.2722
vn -0.6812 -0.6863 -0.2550
vn -0.6321 -0.7378 -0.2366
vn -0.4011 -0.9036 -0.1502
vn -0.4011 -0.9036 -0.1501
vn -0.3676 -0.9197 -0.1376
vn -0.2967 -0.9485 -0.1111
vn -0.1778 -0.9818 -0.0665
vn -0.1362 -0.9894 -0.0510
vn -0.0469 -0.9987 -0.0176
vn 0.1225 -0.9914 0.0459
vn 0.2509 -0.9635 0.0939
vn 0.3797 -0.9141 0.1421
vn 0.5835 -0.7822 0.2184
vn 0.7224 -0.6364 0.2704
vn 0.8062 -0.5089 0.3018
vn 0.8505 -0.4187 0.3183
vn 0.8855 -0.3255 0.3315
vn 0.8995 -0.2786 0.3367
vn 0.9205 -0.1845 0.3445
vn 0.9326 -0.0914 0.3491
vn 0.9234 0.1669 0.3456
vn 0.9180 0.1981 0.3436
vn 0.9116 0.2290 0.3412
vn 0.9100 0.2366 0.3406
vn 0.9082 0.2442 0.3399
vn 0.9165 0.2055 0.3431
vn 0.9235 0.1666 0.3457
vn 0.9317 0.1012 0.3487
vn 0.9344 0.0680 0.3497
vn 0.9326 -0.0912 0.3491
vn 0.9113 -0.2306 0.3411
vn 0.8857 -0.3249 0.3315
vn 0.8694 -0.3717 0.3254
vn 0.8507 -0.4183 0.3184
vn 0.8296 -0.4641 0.3105
vn 0.7807 -0.5524 0.2922
vn 0.7529 -0.5947 0.2818
vn 0.7227 -0.6360 0.2705
vn 0.4225 -0.8925 0.1581
vn 0.3798 -0.9141 0.1421
vn 0.2934 -0.9496 0.1098
vn 0.1227 -0.9914 0.0459
vn -0.2966 -0.9485 -0.1110
vn -0.3678 -0.9197 -0.1377
vn -0.5250 -0.8281 -0.1965
vn -0.5534 -0.8068 -0.2071
vn -0.5806 -0.7847 -0.2173
vn -0.6328 -0.7372 -0.2369
vn -0.6578 -0.7119 -0.2462
vn -0.6820 -0.6854 -0.2553
vn -0.7053 -0.6579 -0.2640
vn -0.8296 -0.4640 -0.3105
vn -0.8926 -0.3027 -0.3341
vn -0.8989 -0.2808 -0.3364
vn -0.9046 -0.2589 -0.3386
vn -0.9078 -0.2459 -0.3398
vn -0.9108 -0.2329 -0.3409
vn -0.9174 -0.2013 -0.3434
vn -0.9230 -0.1694 -0.3455
vn -0.9278 -0.1365 -0.3473
vn -0.9315 -0.1035 -0.3487
vn -0.9205 0.1840 -0.3446
vn -0.8995 0.2785 -0.3367
vn -0.8857 0.3249 -0.3315
vn -0.8693 0.3720 -0.3254
vn -0.8508 0.4181 -0.3184
vn -0.8296 0.4640 -0.3105
vn -0.7525 0.5953 -0.2817
vn -0.2937 0.9495 -0.1099
vn 0.0163 0.9998 0.0061
vn 0.0327 0.9994 0.0122
vn 0.0643 0.9976 0.0241
vn 0.0959 0.9947 0.0359
vn 0.1261 0.9909 0.0472
vn 0.1561 0.9860 0.0584
vn 0.1849 0.9803 0.0692
vn 0.2136 0.9736 0.0799
vn 0.2408 0.9664 0.0901
vn 0.2678 0.9582 0.1003
vn 0.2939 0.9495 0.1100
vn 0.3196 0.9400 0.1196
vn 0.3445 0.9299 0.1290
vn 0.3445 0.9299 0.1289
vn 0.3691 0.9191 0.1381
vn 0.3927 0.9079 0.1470
vn 0.4160 0.8960 0.1557
vn 0.4386 0.8836 0.1642
vn 0.4824 0.8571 0.1806
vn 0.5037 0.8431 0.1885
vn 0.5447 0.8134 0.2039
vn 0.5649 0.7976 0.2114
vn 0.5845 0.7814 0.2188
vn 0.6035 0.7647 0.2259
vn 0.6220 0.7476 0.2328
vn 0.6405 0.7295 0.2398
vn 0.6586 0.7110 0.2465
vn 0.6763 0.6918 0.2531
vn 0.6935 0.6720 0.2596
vn 0.7103 0.6518 0.2659
vn 0.7265 0.6311 0.2719
vn 0.7347 0.6202 0.2750
vn 0.7427 0.6092 0.2780
vn 0.7348 0.6201 0.2750
vn 0.7267 0.6308 0.2720
vn 0.7102 0.6518 0.2658
vn 0.6933 0.6723 0.2595
vn 0.6762 0.6919 0.2531
vn 0.6406 0.7294 0.2398
vn 0.6223 0.7473 0.2329
vn 0.5843 0.7815 0.2187
vn 0.5450 0.8132 0.2040
vn 0.5245 0.8284 0.1963
vn 0.4608 0.8706 0.1725
vn 0.4160 0.8959 0.1557
vn 0.3691 0.9191 0.1382
vn 0.3197 0.9399 0.1197
vn 0.2679 0.9582 0.1003
vn 0.2135 0.9737 0.0799
vn 0.1562 0.9860 0.0585
vn 0.0326 0.9994 0.0122
vn -0.2939 0.9495 -0.1100
vn -0.5050 0.8421 -0.1890
vn -0.5448 0.8134 -0.2039
vn -0.6206 0.7490 -0.2323
vn -0.6566 0.7131 -0.2457
vn -0.6908 0.6752 -0.2586
vn -0.7805 0.5527 -0.2922
vn -0.7805 0.5527 -0.2921
vn -0.8064 0.5085 -0.3018
vn -0.8507 0.4183 -0.3184
vn -0.9360 -0.0348 -0.3503
vn -0.9235 -0.1664 -0.3457
vn -0.9083 -0.2438 -0.3400
vn -0.9181 -0.1977 -0.3436
vn -0.9356 0.0448 -0.3502
vn -0.9326 0.0911 -0.3491
vn -0.9205 0.1842 -0.3446
vn -0.8855 0.3255 -0.3315
vn -0.8507 0.4181 -0.3184
vn -0.8295 0.4643 -0.3105
vn -0.6208 0.7487 -0.2324
vn -0.5836 0.7821 -0.2185
vn 0.2579 0.9613 0.0965
vn 0.4647 0.8682 0.1740
vn 0.4952 0.8488 0.1853
vn 0.5242 0.8287 0.1962
vn 0.6323 0.7377 0.2367
vn 0.7275 0.6298 0.2723
vn 0.7493 0.6000 0.2804
vn 0.8109 0.5004 0.3035
vn 0.8632 0.3878 0.3231
vn 0.8924 0.3033 0.3340
vn 0.9356 -0.0454 0.3502
vn 0.9327 -0.0909 0.3491
vn 0.9277 -0.1373 0.3472
vn 0.9205 -0.1844 0.3445
vn 0.8508 -0.4179 0.3185
vn 0.7228 -0.6359 0.2705
vn 0.6907 -0.6754 0.2585
vn 0.6566 -0.7130 0.2458
vn 0.6208 -0.7487 0.2324
vn 0.5836 -0.7821 0.2185
vn 0.4636 -0.8689 0.1735
vn 0.2937 -0.9495 0.1099
vn 0.0813 -0.9962 0.0304
vn -0.3321 -0.9350 -0.1243
vn -0.3675 -0.9198 -0.1376
vn -0.4647 -0.8682 -0.1739
vn -0.4647 -0.8682 -0.1740
vn -0.7276 -0.6297 -0.2723
vn -0.8469 -0.4268 -0.3170
vn -0.8633 -0.3876 -0.3232
vn -0.8291 -0.4651 -0.3103
vn -0.7274 -0.6298 -0.2723
vn -0.5800 -0.7852 -0.2171
vn -0.4952 -0.8488 -0.1854
vn -0.4336 -0.8864 -0.1623
vn -0.3322 -0.9350 -0.1243
vn -0.0912 -0.9952 -0.0341
vn 0.1655 -0.9843 0.0619
vn 0.2075 -0.9752 0.0776
vn 0.2937 -0.9495 0.1100
vn 0.3799 -0.9140 0.1422
vn 0.4639 -0.8687 0.1736
vn 0.5450 -0.8132 0.2040
vn 0.5838 -0.7820 0.2185
vn 0.7225 -0.6362 0.2704
vn 0.7225 -0.6362 0.2705
vn 0.7805 -0.5527 0.2922
vn 0.8507 -0.4182 0.3184
vn 0.9281 0.1342 0.3474
vn 0.9116 0.2291 0.3412
vn 0.9365 -0.0052 0.3505
vn 0.9326 -0.0911 0.3491
vn 0.9113 -0.2307 0.3411
vn 0.8692 -0.3723 0.3254
vn 0.6906 -0.6754 0.2585
vn 0.6566 -0.7131 0.2458
vn 0.2080 -0.9750 0.0778
vn -0.2579 -0.9613 -0.0965
vn -0.4949 -0.8490 -0.1852
vn -0.6814 -0.6861 -0.2550
vn -0.7048 -0.6586 -0.2638
vn -0.7276 -0.6296 -0.2723
vn -0.7909 -0.5355 -0.2960
vn -0.8107 -0.5007 -0.3034
vn -0.8107 -0.5007 -0.3035
vn -0.9082 -0.2440 -0.3400
vn -0.9365 0.0054 -0.3505
vn -0.9356 0.0454 -0.3502
vn -0.8693 0.3721 -0.3254
vn -0.8062 0.5089 -0.3018
vn -0.7527 0.5950 -0.2817
vn -0.5838 0.7820 -0.2185
vn -0.5450 0.8132 -0.2040
vn -0.4636 0.8689 -0.1735
vn -0.3799 0.9140 -0.1422
vn -0.2937 0.9495 -0.1100
vn -0.2509 0.9635 -0.0939
vn -0.2074 0.9752 -0.0776
vn -0.1655 0.9843 -0.0619
vn -0.0813 0.9962 -0.0304
vn -0.0202 0.9998 -0.0076
vn -0.0816 0.9962 -0.0305
vn -0.2075 0.9752 -0.0777
vn -0.5451 0.8132 -0.2040
vn -0.7224 0.6364 -0.2704
vn -0.8065 0.5084 -0.3019
vn -0.8297 0.4638 -0.3106
vn -0.9113 0.2307 -0.3411
vn -0.9004 -0.2751 -0.3370
vn -0.8960 -0.2912 -0.3354
vn -0.8865 -0.3226 -0.3318
vn -0.8760 -0.3536 -0.3279
vn -0.8650 -0.3834 -0.3238
vn -0.8530 -0.4128 -0.3193
vn -0.8409 -0.4403 -0.3147
vn -0.8411 -0.4399 -0.3148
vn -0.8279 -0.4675 -0.3099
vn -0.8147 -0.4933 -0.3049
vn -0.8005 -0.5190 -0.2996
vn -0.7862 -0.5434 -0.2943
vn -0.7713 -0.5673 -0.2887
vn -0.7557 -0.5906 -0.2829
vn -0.7399 -0.6131 -0.2769
vn -0.7237 -0.6347 -0.2709
vn -0.7069 -0.6560 -0.2646
vn -0.6898 -0.6764 -0.2582
vn -0.6722 -0.6963 -0.2516
vn -0.6543 -0.7155 -0.2449
vn -0.6359 -0.7342 -0.2380
vn -0.6168 -0.7525 -0.2309
vn -0.5972 -0.7703 -0.2235
vn -0.5772 -0.7875 -0.2161
vn -0.5569 -0.8040 -0.2084
vn -0.5356 -0.8203 -0.2005
vn -0.5139 -0.8360 -0.1924
vn -0.4918 -0.8510 -0.1841
vn -0.4692 -0.8654 -0.1756
vn -0.4455 -0.8796 -0.1668
vn -0.4214 -0.8930 -0.1577
vn -0.3967 -0.9059 -0.1485
vn -0.3715 -0.9180 -0.1391
vn -0.3585 -0.9239 -0.1342
vn -0.3453 -0.9296 -0.1292
vn -0.3584 -0.9239 -0.1341
vn -0.3714 -0.9180 -0.1390
vn -0.3966 -0.9059 -0.1485
vn -0.4215 -0.8930 -0.1578
vn -0.4692 -0.8655 -0.1756
vn -0.5141 -0.8359 -0.1924
vn -0.5356 -0.8204 -0.2005
vn -0.5567 -0.8042 -0.2084
vn -0.5973 -0.7702 -0.2236
vn -0.6357 -0.7343 -0.2379
vn -0.6542 -0.7156 -0.2449
vn -0.6899 -0.6762 -0.2582
vn -0.7071 -0.6557 -0.2647
vn -0.7238 -0.6346 -0.2709
vn -0.7398 -0.6132 -0.2769
vn -0.7558 -0.5905 -0.2829
vn -0.7712 -0.5674 -0.2887
vn -0.7861 -0.5435 -0.2942
vn -0.8003 -0.5193 -0.2996
vn -0.8145 -0.4936 -0.3049
vn -0.8280 -0.4674 -0.3099
vn -0.8410 -0.4401 -0.3148
vn -0.8532 -0.4124 -0.3194
vn -0.8650 -0.3835 -0.3238
vn -0.8758 -0.3542 -0.3278
vn -0.8864 -0.3229 -0.3318
vn -0.9004 -0.2750 -0.3370
vt 0.004326 0.019359
vt 0.014871 0.007237
vt 0.016386 0.006211
vt 0.006163 0.016250
vt 0.012038 0.009493
vt 0.013421 0.008331
vt 0.005207 0.017777
vt 0.003523 0.020993
vt 0.017964 0.005257
vt 0.001590 0.026191
vt 0.023066 0.002841
vt 0.001110 0.028016
vt 0.002154 0.024411
vt 0.019604 0.004376
vt 0.021306 0.003570
vt 0.002798 0.022678
vt 0.024885 0.002190
vt 0.008299 0.013366
vt 0.009475 0.012013
vt 0.010722 0.010721
vt 0.007195 0.014779
vt 0.000714 0.029884
vt 0.026760 0.001621
vt 0.032713 0.000414
vt 0.034801 0.000185
vt 0.000000 0.037747
vt 0.000180 0.033741
vt 0.028691 0.001133
vt 0.030676 0.000730
vt 0.000045 0.035726
vt 0.036939 0.000047
vt 0.000111 0.040950
vt 0.039126 0.000000
vt 0.068991 0.000000
vt 0.001811 0.050974
vt 0.074093 0.000249
vt 0.071534 0.000063
vt 0.076664 0.000558
vt 0.079241 0.000987
vt 0.000446 0.044227
vt 0.081821 0.001536
vt 0.084398 0.002201
vt 0.086968 0.002982
vt 0.092068 0.004882
vt 0.089526 0.003876
vt 0.094589 0.005999
vt 0.099549 0.008555
vt 0.097084 0.007224
vt 0.101980 0.009992
vt 0.104370 0.011532
vt 0.000404 0.031792
vt 0.106717 0.013173
vt 0.001011 0.047571
vt 0.109015 0.014914
vt 0.029128 0.152920
vt 0.029897 0.155543
vt 0.030788 0.158132
vt 0.031795 0.160683
vt 0.032916 0.163193
vt 0.034146 0.165659
vt 0.035481 0.168078
vt 0.036917 0.170446
vt 0.038450 0.172761
vt 0.040076 0.175019
vt 0.041791 0.177216
vt 0.043590 0.179351
vt 0.045470 0.181419
vt 0.047426 0.183417
vt 0.093759 0.203892
vt 0.049456 0.185343
vt 0.053715 0.188963
vt 0.051553 0.187192
vt 0.060548 0.193766
vt 0.058217 0.192253
vt 0.055938 0.190650
vt 0.062927 0.195187
vt 0.065351 0.196513
vt 0.072845 0.199886
vt 0.070313 0.198866
vt 0.075404 0.200799
vt 0.077987 0.201600
vt 0.067814 0.197740
vt 0.083209 0.202856
vt 0.085839 0.203305
vt 0.080590 0.202287
vt 0.088477 0.203629
vt 0.091118 0.203826
vt 0.782504 0.214198
vt 0.738314 0.163965
vt 0.740134 0.162770
vt 0.783931 0.212627
vt 0.205161 0.090415
vt 0.207552 0.091954
vt 0.202814 0.088773
vt 0.200517 0.087032
vt 0.214943 0.095948
vt 0.212448 0.094723
vt 0.222565 0.098965
vt 0.220006 0.098070
vt 0.217464 0.097064
vt 0.209982 0.093391
vt 0.227712 0.100410
vt 0.225135 0.099745
vt 0.235440 0.101697
vt 0.232869 0.101388
vt 0.230292 0.100959
vt 0.240542 0.101946
vt 0.399676 0.203892
vt 0.237999 0.101883
vt 0.372359 0.101946
vt 0.375000 0.102012
vt 0.377642 0.102209
vt 0.380279 0.102533
vt 0.382910 0.102982
vt 0.385528 0.103551
vt 0.388131 0.104238
vt 0.390714 0.105039
vt 0.393274 0.105952
vt 0.395805 0.106973
vt 0.398305 0.108098
vt 0.403192 0.110652
vt 0.400768 0.109326
vt 0.405571 0.112073
vt 0.407902 0.113586
vt 0.410181 0.115188
vt 0.412403 0.116876
vt 0.414565 0.118646
vt 0.416663 0.120496
vt 0.418692 0.122421
vt 0.420649 0.124420
vt 0.422529 0.126488
vt 0.424328 0.128623
vt 0.426043 0.130821
vt 0.427669 0.133079
vt 0.432638 0.187643
vt 0.431607 0.189114
vt 0.426764 0.194399
vt 0.425381 0.195561
vt 0.423931 0.196656
vt 0.433595 0.186115
vt 0.422416 0.197681
vt 0.434476 0.184534
vt 0.438802 0.166146
vt 0.406089 0.203478
vt 0.404001 0.203707
vt 0.430637 0.137762
vt 0.431972 0.140181
vt 0.428080 0.193171
vt 0.430503 0.190527
vt 0.429327 0.191880
vt 0.429201 0.135393
vt 0.420838 0.198635
vt 0.435279 0.182900
vt 0.438621 0.170153
vt 0.410111 0.202759
vt 0.408126 0.203162
vt 0.401863 0.203845
vt 0.438691 0.162944
vt 0.438757 0.168167
vt 0.438356 0.159667
vt 0.417496 0.200322
vt 0.436648 0.179482
vt 0.419197 0.199516
vt 0.437211 0.177702
vt 0.415735 0.201051
vt 0.438088 0.174010
vt 0.413917 0.201702
vt 0.412041 0.202272
vt 0.437692 0.175877
vt 0.438398 0.172101
vt 0.436004 0.181215
vt 0.433202 0.142647
vt 0.434323 0.145157
vt 0.435331 0.147708
vt 0.436221 0.150297
vt 0.436991 0.152920
vt 0.437791 0.156323
vt 0.868317 0.007237
vt 0.878862 0.019359
vt 0.866803 0.006211
vt 0.871151 0.009493
vt 0.877025 0.016250
vt 0.869767 0.008331
vt 0.877982 0.017777
vt 0.879666 0.020993
vt 0.865224 0.005257
vt 0.860122 0.002841
vt 0.881598 0.026191
vt 0.882078 0.028016
vt 0.863584 0.004376
vt 0.881035 0.024411
vt 0.861883 0.003570
vt 0.880390 0.022678
vt 0.858303 0.002190
vt 0.873713 0.012013
vt 0.874889 0.013366
vt 0.872466 0.010721
vt 0.875994 0.014779
vt 0.882474 0.029884
vt 0.856428 0.001621
vt 0.848387 0.000185
vt 0.850475 0.000414
vt 0.883188 0.037747
vt 0.854497 0.001133
vt 0.883008 0.033741
vt 0.852513 0.000730
vt 0.883143 0.035726
vt 0.846249 0.000047
vt 0.883078 0.040950
vt 0.814197 0.000000
vt 0.844062 0.000000
vt 0.881377 0.050974
vt 0.809095 0.000249
vt 0.811654 0.000063
vt 0.803947 0.000987
vt 0.806525 0.000558
vt 0.882742 0.044227
vt 0.801368 0.001536
vt 0.796221 0.002982
vt 0.798791 0.002201
vt 0.791120 0.004882
vt 0.793662 0.003876
vt 0.788599 0.005999
vt 0.783639 0.008555
vt 0.786104 0.007224
vt 0.781209 0.009992
vt 0.778818 0.011532
vt 0.882785 0.031792
vt 0.776471 0.013173
vt 0.882177 0.047571
vt 0.774174 0.014914
vt 0.854060 0.152920
vt 0.853291 0.155543
vt 0.852401 0.158132
vt 0.851393 0.160683
vt 0.850272 0.163193
vt 0.849042 0.165659
vt 0.847707 0.168078
vt 0.846271 0.170446
vt 0.844738 0.172761
vt 0.843112 0.175019
vt 0.841398 0.177216
vt 0.839599 0.179351
vt 0.837719 0.181419
vt 0.835762 0.183417
vt 0.789429 0.203892
vt 0.833733 0.185343
vt 0.829473 0.188963
vt 0.831635 0.187192
vt 0.824972 0.192253
vt 0.822641 0.193766
vt 0.827250 0.190650
vt 0.820261 0.195187
vt 0.817838 0.196513
vt 0.810343 0.199886
vt 0.812875 0.198866
vt 0.807784 0.200799
vt 0.805201 0.201600
vt 0.815374 0.197740
vt 0.799979 0.202856
vt 0.797349 0.203305
vt 0.802598 0.202287
vt 0.794711 0.203629
vt 0.792070 0.203826
vt 0.675636 0.091954
vt 0.678027 0.090415
vt 0.680374 0.088773
vt 0.682672 0.087032
vt 0.668245 0.095948
vt 0.670741 0.094723
vt 0.660623 0.098965
vt 0.663182 0.098070
vt 0.665724 0.097064
vt 0.673206 0.093391
vt 0.655476 0.100410
vt 0.658053 0.099745
vt 0.647748 0.101697
vt 0.650319 0.101388
vt 0.652896 0.100959
vt 0.642646 0.101946
vt 0.483512 0.203892
vt 0.645189 0.101883
vt 0.508188 0.102012
vt 0.510829 0.101946
vt 0.505547 0.102209
vt 0.502909 0.102533
vt 0.500279 0.102982
vt 0.495057 0.104238
vt 0.497660 0.103551
vt 0.492474 0.105039
vt 0.487383 0.106973
vt 0.489915 0.105952
vt 0.484884 0.108098
vt 0.479997 0.110652
vt 0.482420 0.109326
vt 0.477617 0.112073
vt 0.473008 0.115188
vt 0.475286 0.113586
vt 0.468623 0.118646
vt 0.470785 0.116876
vt 0.466525 0.120496
vt 0.462540 0.124420
vt 0.464496 0.122421
vt 0.460659 0.126488
vt 0.458860 0.128623
vt 0.457146 0.130821
vt 0.455520 0.133079
vt 0.451581 0.189114
vt 0.450550 0.187643
vt 0.456424 0.194399
vt 0.459257 0.196656
vt 0.457808 0.195561
vt 0.449593 0.186115
vt 0.448713 0.184534
vt 0.460772 0.197681
vt 0.477099 0.203478
vt 0.444386 0.166146
vt 0.479188 0.203707
vt 0.452551 0.137762
vt 0.451216 0.140181
vt 0.455108 0.193171
vt 0.452685 0.190527
vt 0.453862 0.191880
vt 0.453987 0.135393
vt 0.462350 0.198635
vt 0.447909 0.182900
vt 0.473078 0.202759
vt 0.444567 0.170153
vt 0.475062 0.203162
vt 0.444497 0.162944
vt 0.481326 0.203845
vt 0.444432 0.168167
vt 0.444832 0.159667
vt 0.446540 0.179482
vt 0.465692 0.200322
vt 0.463991 0.199516
vt 0.445977 0.177702
vt 0.467453 0.201051
vt 0.469272 0.201702
vt 0.445101 0.174010
vt 0.471147 0.202272
vt 0.445497 0.175877
vt 0.444790 0.172101
vt 0.447185 0.181215
vt 0.449986 0.142647
vt 0.448865 0.145157
vt 0.447857 0.147708
vt 0.446967 0.150297
vt 0.446198 0.152920
vt 0.445398 0.156323
vt 0.001021 0.405740
vt 0.000010 0.209539
vt 0.002032 0.209539
vt 0.002032 0.601941
vt 0.000010 0.601941
vt 0.003027 0.405740
vt 0.004022 0.209539
vt 0.004022 0.601941
vt 0.005002 0.405740
vt 0.005983 0.209539
vt 0.005983 0.601941
vt 0.006950 0.405740
vt 0.007917 0.209539
vt 0.007917 0.601941
vt 0.008871 0.405740
vt 0.009826 0.209539
vt 0.009826 0.601941
vt 0.010769 0.405740
vt 0.011713 0.209539
vt 0.011713 0.601941
vt 0.012646 0.405740
vt 0.013580 0.209539
vt 0.013580 0.601941
vt 0.014504 0.405740
vt 0.015429 0.209539
vt 0.015429 0.601941
vt 0.016346 0.405740
vt 0.017262 0.209539
vt 0.017262 0.601941
vt 0.018173 0.405740
vt 0.019083 0.209539
vt 0.019083 0.601941
vt 0.019988 0.405740
vt 0.020893 0.209539
vt 0.020893 0.601941
vt 0.021795 0.405740
vt 0.022696 0.209539
vt 0.022696 0.601941
vt 0.023594 0.405740
vt 0.024492 0.209539
vt 0.024492 0.601941
vt 0.025389 0.405740
vt 0.026286 0.209539
vt 0.026286 0.601941
vt 0.027182 0.405740
vt 0.028079 0.209539
vt 0.028079 0.601941
vt 0.028976 0.405740
vt 0.029874 0.209539
vt 0.029874 0.601941
vt 0.030773 0.405740
vt 0.031673 0.209539
vt 0.031673 0.601941
vt 0.032577 0.405740
vt 0.033480 0.209539
vt 0.033480 0.601941
vt 0.034388 0.405740
vt 0.035296 0.209539
vt 0.035296 0.601941
vt 0.036211 0.405740
vt 0.037126 0.209539
vt 0.037126 0.601941
vt 0.038048 0.405740
vt 0.038970 0.209539
vt 0.038970 0.601941
vt 0.039901 0.405740
vt 0.040832 0.209539
vt 0.040832 0.601941
vt 0.041773 0.405740
vt 0.042714 0.209539
vt 0.042714 0.601941
vt 0.043667 0.405740
vt 0.044620 0.209539
vt 0.044620 0.601941
vt 0.045586 0.405740
vt 0.046552 0.209539
vt 0.046552 0.601941
vt 0.047532 0.405740
vt 0.048512 0.209539
vt 0.048512 0.601941
vt 0.049507 0.405740
vt 0.050503 0.209539
vt 0.050503 0.601941
vt 0.051516 0.405740
vt 0.052528 0.209539
vt 0.052528 0.601941
vt 0.053559 0.405740
vt 0.054590 0.209539
vt 0.054590 0.601941
vt 0.055640 0.405740
vt 0.056690 0.209539
vt 0.056690 0.601941
vt 0.057762 0.405740
vt 0.058833 0.209539
vt 0.058833 0.601941
vt 0.059926 0.405740
vt 0.061020 0.209539
vt 0.061020 0.601941
vt 0.213978 0.405740
vt 0.366937 0.209539
vt 0.366937 0.601941
vt 0.368257 0.405740
vt 0.369578 0.209539
vt 0.369578 0.601941
vt 0.376483 0.405740
vt 0.375158 0.209539
vt 0.377807 0.209539
vt 0.377807 0.601941
vt 0.375158 0.601941
vt 0.379136 0.405740
vt 0.380465 0.209539
vt 0.380465 0.601941
vt 0.381799 0.405740
vt 0.383133 0.209539
vt 0.383133 0.601941
vt 0.384473 0.405740
vt 0.385813 0.209539
vt 0.385813 0.601941
vt 0.387159 0.405740
vt 0.388505 0.209539
vt 0.388505 0.601941
vt 0.389857 0.405740
vt 0.391210 0.209539
vt 0.391210 0.601941
vt 0.392568 0.405740
vt 0.393927 0.209539
vt 0.393927 0.601941
vt 0.395291 0.405740
vt 0.396656 0.209539
vt 0.396656 0.601941
vt 0.398027 0.405740
vt 0.399397 0.209539
vt 0.399397 0.601941
vt 0.400774 0.405740
vt 0.402150 0.209539
vt 0.402150 0.601941
vt 0.403531 0.405740
vt 0.404912 0.209539
vt 0.404912 0.601941
vt 0.406298 0.405740
vt 0.407683 0.209539
vt 0.407683 0.601941
vt 0.409073 0.405740
vt 0.410463 0.209539
vt 0.410463 0.601941
vt 0.411855 0.405740
vt 0.413248 0.209539
vt 0.413248 0.601941
vt 0.414644 0.405740
vt 0.416039 0.209539
vt 0.416039 0.601941
vt 0.417436 0.405740
vt 0.418833 0.209539
vt 0.418833 0.601941
vt 0.420232 0.405740
vt 0.421630 0.209539
vt 0.421630 0.601941
vt 0.423029 0.405740
vt 0.424427 0.209539
vt 0.424427 0.601941
vt 0.425826 0.405740
vt 0.427224 0.209539
vt 0.427224 0.601941
vt 0.428621 0.405740
vt 0.430019 0.209539
vt 0.430019 0.601941
vt 0.431415 0.405740
vt 0.432811 0.209539
vt 0.432811 0.601941
vt 0.434204 0.405740
vt 0.435598 0.209539
vt 0.435598 0.601941
vt 0.436989 0.405740
vt 0.438380 0.209539
vt 0.438380 0.601941
vt 0.439769 0.405740
vt 0.441157 0.209539
vt 0.441157 0.601941
vt 0.442542 0.405740
vt 0.443926 0.209539
vt 0.443926 0.601941
vt 0.445308 0.405740
vt 0.446689 0.209539
vt 0.446689 0.601941
vt 0.448067 0.405740
vt 0.449445 0.209539
vt 0.449445 0.601941
vt 0.450820 0.405740
vt 0.452194 0.209539
vt 0.452194 0.601941
vt 0.453565 0.405740
vt 0.454937 0.209539
vt 0.454937 0.601941
vt 0.456306 0.405740
vt 0.457674 0.209539
vt 0.457674 0.601941
vt 0.459041 0.405740
vt 0.460408 0.209539
vt 0.460408 0.601941
vt 0.513179 0.405740
vt 0.565950 0.209539
vt 0.565950 0.601941
vt 0.567698 0.405740
vt 0.569446 0.209539
vt 0.569446 0.601941
vt 0.571142 0.405740
vt 0.572838 0.209539
vt 0.572838 0.601941
vt 0.574484 0.405740
vt 0.576131 0.209539
vt 0.576131 0.601941
vt 0.577734 0.405740
vt 0.579336 0.209539
vt 0.579336 0.601941
vt 0.580347 0.405740
vt 0.581358 0.209539
vt 0.581358 0.601941
vt 0.582353 0.405740
vt 0.583348 0.209539
vt 0.583348 0.601941
vt 0.584328 0.405740
vt 0.585309 0.209539
vt 0.585309 0.601941
vt 0.586276 0.405740
vt 0.587243 0.209539
vt 0.587243 0.601941
vt 0.588198 0.405740
vt 0.589152 0.209539
vt 0.589152 0.601941
vt 0.590096 0.405740
vt 0.591039 0.209539
vt 0.591039 0.601941
vt 0.591973 0.405740
vt 0.592906 0.209539
vt 0.592906 0.601941
vt 0.593831 0.405740
vt 0.594755 0.209539
vt 0.594755 0.601941
vt 0.595672 0.405740
vt 0.596589 0.209539
vt 0.596589 0.601941
vt 0.597499 0.405740
vt 0.598410 0.209539
vt 0.598410 0.601941
vt 0.599315 0.405740
vt 0.600220 0.209539
vt 0.600220 0.601941
vt 0.601121 0.405740
vt 0.602022 0.209539
vt 0.602022 0.601941
vt 0.602921 0.405740
vt 0.603819 0.209539
vt 0.603819 0.601941
vt 0.604716 0.405740
vt 0.605612 0.209539
vt 0.605612 0.601941
vt 0.606509 0.405740
vt 0.607405 0.209539
vt 0.607405 0.601941
vt 0.608303 0.405740
vt 0.609200 0.209539
vt 0.609200 0.601941
vt 0.610100 0.405740
vt 0.611000 0.209539
vt 0.611000 0.601941
vt 0.611903 0.405740
vt 0.612807 0.209539
vt 0.612807 0.601941
vt 0.613715 0.405740
vt 0.614623 0.209539
vt 0.614623 0.601941
vt 0.615538 0.405740
vt 0.616453 0.209539
vt 0.616453 0.601941
vt 0.617375 0.405740
vt 0.618297 0.209539
vt 0.618297 0.601941
vt 0.619228 0.405740
vt 0.620159 0.209539
vt 0.620159 0.601941
vt 0.621100 0.405740
vt 0.622042 0.209539
vt 0.622042 0.601941
vt 0.622994 0.405740
vt 0.623947 0.209539
vt 0.623947 0.601941
vt 0.624913 0.405740
vt 0.625879 0.209539
vt 0.625879 0.601941
vt 0.626859 0.405740
vt 0.627839 0.209539
vt 0.627839 0.601941
vt 0.628834 0.405740
vt 0.629830 0.209539
vt 0.629830 0.601941
vt 0.630843 0.405740
vt 0.631855 0.209539
vt 0.631855 0.601941
vt 0.632886 0.405740
vt 0.633917 0.209539
vt 0.633917 0.601941
vt 0.634967 0.405740
vt 0.636018 0.209539
vt 0.636018 0.601941
vt 0.637089 0.405740
vt 0.638160 0.209539
vt 0.638160 0.601941
vt 0.639254 0.405740
vt 0.640347 0.209539
vt 0.640347 0.601941
vt 0.655280 0.405740
vt 0.670212 0.209539
vt 0.670212 0.601941
vt 0.671484 0.405740
vt 0.672756 0.209539
vt 0.672756 0.601941
vt 0.674039 0.405740
vt 0.675322 0.209539
vt 0.675322 0.601941
vt 0.676616 0.405740
vt 0.677911 0.209539
vt 0.677911 0.601941
vt 0.679217 0.405740
vt 0.680524 0.209539
vt 0.680524 0.601941
vt 0.681842 0.405740
vt 0.683161 0.209539
vt 0.683161 0.601941
vt 0.684492 0.405740
vt 0.685823 0.209539
vt 0.685823 0.601941
vt 0.687166 0.405740
vt 0.688509 0.209539
vt 0.688509 0.601941
vt 0.689864 0.405740
vt 0.691219 0.209539
vt 0.691219 0.601941
vt 0.692586 0.405740
vt 0.693953 0.209539
vt 0.693953 0.601941
vt 0.695331 0.405740
vt 0.696710 0.209539
vt 0.696710 0.601941
vt 0.698100 0.405740
vt 0.699489 0.209539
vt 0.699489 0.601941
vt 0.700890 0.405740
vt 0.702291 0.209539
vt 0.702291 0.601941
vt 0.703703 0.405740
vt 0.705114 0.209539
vt 0.705114 0.601941
vt 0.706536 0.405740
vt 0.707958 0.209539
vt 0.707958 0.601941
vt 0.709390 0.405740
vt 0.710822 0.209539
vt 0.710822 0.601941
vt 0.712263 0.405740
vt 0.713705 0.209539
vt 0.713705 0.601941
vt 0.771957 0.405740
vt 0.830210 0.209539
vt 0.830210 0.601941
vt 0.001447 0.803799
vt 0.000006 0.607598
vt 0.002889 0.607598
vt 0.002889 1.000000
vt 0.000006 1.000000
vt 0.004321 0.803799
vt 0.005753 0.607598
vt 0.005753 1.000000
vt 0.007175 0.803799
vt 0.008596 0.607598
vt 0.008596 1.000000
vt 0.010008 0.803799
vt 0.011420 0.607598
vt 0.011420 1.000000
vt 0.012821 0.803799
vt 0.014222 0.607598
vt 0.014222 1.000000
vt 0.015612 0.803799
vt 0.017002 0.607598
vt 0.017002 1.000000
vt 0.018380 0.803799
vt 0.019759 0.607598
vt 0.019759 1.000000
vt 0.021126 0.803799
vt 0.022493 0.607598
vt 0.022493 1.000000
vt 0.023848 0.803799
vt 0.025203 0.607598
vt 0.025203 1.000000
vt 0.026546 0.803799
vt 0.027889 0.607598
vt 0.027889 1.000000
vt 0.029220 0.803799
vt 0.030551 0.607598
vt 0.030551 1.000000
vt 0.031870 0.803799
vt 0.033188 0.607598
vt 0.033188 1.000000
vt 0.034495 0.803799
vt 0.035801 0.607598
vt 0.035801 1.000000
vt 0.037096 0.803799
vt 0.038390 0.607598
vt 0.038390 1.000000
vt 0.039673 0.803799
vt 0.040956 0.607598
vt 0.040956 1.000000
vt 0.042228 0.803799
vt 0.043500 0.607598
vt 0.043500 1.000000
vt 0.109409 0.803799
vt 0.175317 0.607598
vt 0.175317 1.000000
vt 0.176638 0.803799
vt 0.177959 0.607598
vt 0.177959 1.000000
vt 0.179283 0.803799
vt 0.180608 0.607598
vt 0.180608 1.000000
vt 0.181936 0.803799
vt 0.183265 0.607598
vt 0.183265 1.000000
vt 0.184599 0.803799
vt 0.185933 0.607598
vt 0.185933 1.000000
vt 0.187273 0.803799
vt 0.188613 0.607598
vt 0.188613 1.000000
vt 0.189959 0.803799
vt 0.191305 0.607598
vt 0.191305 1.000000
vt 0.192658 0.803799
vt 0.194010 0.607598
vt 0.194010 1.000000
vt 0.195369 0.803799
vt 0.196727 0.607598
vt 0.196727 1.000000
vt 0.198092 0.803799
vt 0.199457 0.607598
vt 0.199457 1.000000
vt 0.200827 0.803799
vt 0.202198 0.607598
vt 0.202198 1.000000
vt 0.203574 0.803799
vt 0.204950 0.607598
vt 0.204950 1.000000
vt 0.206331 0.803799
vt 0.207713 0.607598
vt 0.207713 1.000000
vt 0.209098 0.803799
vt 0.210484 0.607598
vt 0.210484 1.000000
vt 0.211874 0.803799
vt 0.213263 0.607598
vt 0.213263 1.000000
vt 0.214656 0.803799
vt 0.216049 0.607598
vt 0.216049 1.000000
vt 0.217444 0.803799
vt 0.218840 0.607598
vt 0.218840 1.000000
vt 0.220237 0.803799
vt 0.221634 0.607598
vt 0.221634 1.000000
vt 0.223032 0.803799
vt 0.224431 0.607598
vt 0.224431 1.000000
vt 0.225829 0.803799
vt 0.227228 0.607598
vt 0.227228 1.000000
vt 0.228626 0.803799
vt 0.230025 0.607598
vt 0.230025 1.000000
vt 0.231422 0.803799
vt 0.232820 0.607598
vt 0.232820 1.000000
vt 0.234216 0.803799
vt 0.235612 0.607598
vt 0.235612 1.000000
vt 0.237005 0.803799
vt 0.238399 0.607598
vt 0.238399 1.000000
vt 0.239790 0.803799
vt 0.241182 0.607598
vt 0.241182 1.000000
vt 0.242570 0.803799
vt 0.243958 0.607598
vt 0.243958 1.000000
vt 0.245343 0.803799
vt 0.246728 0.607598
vt 0.246728 1.000000
vt 0.248109 0.803799
vt 0.249491 0.607598
vt 0.249491 1.000000
vt 0.250869 0.803799
vt 0.252246 0.607598
vt 0.252246 1.000000
vt 0.253621 0.803799
vt 0.254996 0.607598
vt 0.254996 1.000000
vt 0.256367 0.803799
vt 0.257738 0.607598
vt 0.257738 1.000000
vt 0.259107 0.803799
vt 0.260476 0.607598
vt 0.260476 1.000000
vt 0.261843 0.803799
vt 0.263210 0.607598
vt 0.263210 1.000000
vt 0.264958 0.803799
vt 0.266706 0.607598
vt 0.266706 1.000000
vt 0.268401 0.803799
vt 0.270097 0.607598
vt 0.270097 1.000000
vt 0.271744 0.803799
vt 0.273390 0.607598
vt 0.273390 1.000000
vt 0.274993 0.803799
vt 0.276595 0.607598
vt 0.276595 1.000000
vt 0.006907 0.011052
vt 0.008910 0.008865
vt 0.005141 0.013437
vt 0.011142 0.006889
vt 0.003622 0.016007
vt 0.013593 0.005136
vt 0.016255 0.003618
vt 0.002358 0.018752
vt 0.001360 0.021656
vt 0.019118 0.002349
vt 0.000045 0.031212
vt 0.000194 0.027899
vt 0.025410 0.000604
vt 0.028821 0.000153
vt 0.000136 0.033861
vt 0.022172 0.001340
vt 0.000635 0.024710
vt 0.000413 0.036570
vt 0.032398 0.000000
vt 0.000881 0.039335
vt 0.001542 0.042150
vt 0.046734 0.210811
vt 0.047370 0.212980
vt 0.048106 0.215120
vt 0.048940 0.217230
vt 0.049867 0.219305
vt 0.050884 0.221344
vt 0.061865 0.236029
vt 0.100177 0.252960
vt 0.051988 0.223345
vt 0.053175 0.225303
vt 0.054443 0.227217
vt 0.055787 0.229084
vt 0.057205 0.230902
vt 0.058693 0.232667
vt 0.060247 0.234377
vt 0.646383 0.252960
vt 0.537768 0.000000
vt 0.790727 0.000000
vt 0.776390 0.210811
vt 0.070788 0.243335
vt 0.068904 0.242011
vt 0.072715 0.244587
vt 0.067066 0.240615
vt 0.074683 0.245762
vt 0.076687 0.246858
vt 0.080790 0.248804
vt 0.078724 0.247873
vt 0.065278 0.239151
vt 0.085000 0.250403
vt 0.087136 0.251065
vt 0.089288 0.251633
vt 0.082884 0.249648
vt 0.093628 0.252475
vt 0.091454 0.252104
vt 0.095809 0.252743
vt 0.097994 0.252906
vt 0.063543 0.237622
vt 0.178845 0.253012
vt 0.176742 0.252960
vt 0.285356 0.000000
vt 0.185220 0.253777
vt 0.183088 0.253422
vt 0.189484 0.254781
vt 0.187353 0.254230
vt 0.191610 0.255426
vt 0.180962 0.253166
vt 0.338799 0.042150
vt 0.195828 0.256998
vt 0.193726 0.256166
vt 0.199977 0.258935
vt 0.197913 0.257922
vt 0.204025 0.261225
vt 0.202015 0.260036
vt 0.207943 0.263856
vt 0.206002 0.262498
vt 0.209843 0.265296
vt 0.217502 0.214198
vt 0.261692 0.163965
vt 0.263576 0.165055
vt 0.218845 0.215850
vt 0.287540 0.000055
vt 0.289724 0.000218
vt 0.291905 0.000486
vt 0.294080 0.000856
vt 0.296246 0.001327
vt 0.298398 0.001895
vt 0.300534 0.002558
vt 0.302650 0.003312
vt 0.304743 0.004156
vt 0.306810 0.005087
vt 0.308847 0.006102
vt 0.310851 0.007199
vt 0.314746 0.009625
vt 0.312819 0.008374
vt 0.316630 0.010950
vt 0.318468 0.012345
vt 0.320256 0.013809
vt 0.321991 0.015339
vt 0.323668 0.016931
vt 0.325286 0.018583
vt 0.326841 0.020294
vt 0.328329 0.022059
vt 0.329746 0.023876
vt 0.331091 0.025743
vt 0.332358 0.027657
vt 0.333546 0.029616
vt 0.334650 0.031616
vt 0.335667 0.033655
vt 0.336594 0.035731
vt 0.337427 0.037840
vt 0.338163 0.039981
vt 0.406579 0.295109
vt 0.285478 0.324921
vt 0.375724 0.337258
vt 0.407240 0.297923
vt 0.289319 0.327719
vt 0.318580 0.337258
vt 0.291297 0.328993
vt 0.293307 0.330181
vt 0.287379 0.326361
vt 0.297409 0.332296
vt 0.295345 0.331283
vt 0.299494 0.333220
vt 0.301597 0.334052
vt 0.307969 0.335988
vt 0.305838 0.335438
vt 0.310103 0.336441
vt 0.303712 0.334792
vt 0.314360 0.337052
vt 0.312234 0.336797
vt 0.316477 0.337207
vt 0.391866 0.333640
vt 0.406762 0.315602
vt 0.405763 0.318507
vt 0.404500 0.321251
vt 0.394528 0.332122
vt 0.407486 0.312549
vt 0.389004 0.334909
vt 0.407985 0.303398
vt 0.408077 0.306046
vt 0.379300 0.337105
vt 0.385949 0.335918
vt 0.407927 0.309359
vt 0.382711 0.336654
vt 0.402980 0.323822
vt 0.396979 0.330369
vt 0.399211 0.328393
vt 0.401215 0.326207
vt 0.407708 0.300688
vt 0.814214 0.008865
vt 0.816218 0.011052
vt 0.817984 0.013437
vt 0.819503 0.016007
vt 0.811982 0.006889
vt 0.806870 0.003618
vt 0.809531 0.005136
vt 0.820766 0.018752
vt 0.821765 0.021656
vt 0.804007 0.002349
vt 0.822931 0.027899
vt 0.823080 0.031212
vt 0.797715 0.000604
vt 0.822988 0.033861
vt 0.794303 0.000153
vt 0.800952 0.001340
vt 0.822489 0.024710
vt 0.822711 0.036570
vt 0.822244 0.039335
vt 0.821582 0.042150
vt 0.775754 0.212980
vt 0.775018 0.215120
vt 0.774185 0.217230
vt 0.773258 0.219305
vt 0.772241 0.221344
vt 0.761259 0.236029
vt 0.722947 0.252960
vt 0.771137 0.223345
vt 0.769949 0.225303
vt 0.768682 0.227217
vt 0.767337 0.229084
vt 0.765920 0.230902
vt 0.764432 0.232667
vt 0.762877 0.234377
vt 0.585706 0.000000
vt 0.734940 0.134614
vt 0.733764 0.137401
vt 0.550163 0.028072
vt 0.754221 0.242011
vt 0.752337 0.243335
vt 0.750409 0.244587
vt 0.756059 0.240615
vt 0.748442 0.245762
vt 0.746438 0.246858
vt 0.744401 0.247873
vt 0.742334 0.248804
vt 0.757847 0.239151
vt 0.738125 0.250403
vt 0.735989 0.251065
vt 0.733836 0.251633
vt 0.740241 0.249648
vt 0.729496 0.252475
vt 0.731671 0.252104
vt 0.727315 0.252743
vt 0.725131 0.252906
vt 0.759581 0.237622
vt 0.644279 0.253012
vt 0.637905 0.253777
vt 0.640037 0.253422
vt 0.633640 0.254781
vt 0.635771 0.254230
vt 0.631515 0.255426
vt 0.642163 0.253166
vt 0.627296 0.256998
vt 0.484325 0.042150
vt 0.629399 0.256166
vt 0.623148 0.258935
vt 0.625212 0.257922
vt 0.619099 0.261225
vt 0.621109 0.260036
vt 0.615181 0.263856
vt 0.617122 0.262498
vt 0.613281 0.265296
vt 0.535585 0.000055
vt 0.533400 0.000218
vt 0.531219 0.000486
vt 0.529044 0.000856
vt 0.524727 0.001895
vt 0.526879 0.001327
vt 0.522591 0.002558
vt 0.520474 0.003312
vt 0.516314 0.005087
vt 0.518381 0.004156
vt 0.514277 0.006102
vt 0.512273 0.007199
vt 0.508378 0.009625
vt 0.510306 0.008374
vt 0.506494 0.010950
vt 0.504656 0.012345
vt 0.502869 0.013809
vt 0.501134 0.015339
vt 0.499456 0.016931
vt 0.497838 0.018583
vt 0.496284 0.020294
vt 0.494796 0.022059
vt 0.493378 0.023876
vt 0.492034 0.025743
vt 0.490766 0.027657
vt 0.489579 0.029616
vt 0.488475 0.031616
vt 0.487458 0.033655
vt 0.486531 0.035731
vt 0.484961 0.039981
vt 0.485698 0.037840
vt 0.416546 0.295109
vt 0.537646 0.324921
vt 0.447401 0.337258
vt 0.415884 0.297923
vt 0.504545 0.337258
vt 0.533805 0.327719
vt 0.531828 0.328993
vt 0.529818 0.330181
vt 0.535746 0.326361
vt 0.525715 0.332296
vt 0.527779 0.331283
vt 0.523630 0.333220
vt 0.521528 0.334052
vt 0.515155 0.335988
vt 0.517287 0.335438
vt 0.513022 0.336441
vt 0.519412 0.334792
vt 0.510890 0.336797
vt 0.508764 0.337052
vt 0.506648 0.337207
vt 0.416363 0.315602
vt 0.431258 0.333640
vt 0.417362 0.318507
vt 0.418625 0.321251
vt 0.428597 0.332122
vt 0.415638 0.312549
vt 0.434121 0.334909
vt 0.415048 0.306046
vt 0.415139 0.303398
vt 0.443825 0.337105
vt 0.437176 0.335918
vt 0.415197 0.309359
vt 0.440413 0.336654
vt 0.420144 0.323822
vt 0.426145 0.330369
vt 0.423913 0.328393
vt 0.421910 0.326207
vt 0.415417 0.300688
vt 0.001325 0.506419
vt 0.000000 0.344183
vt 0.002650 0.344183
vt 0.002650 0.668656
vt 0.000000 0.668656
vt 0.004308 0.506419
vt 0.005966 0.344183
vt 0.005966 0.668656
vt 0.007576 0.506419
vt 0.009186 0.344183
vt 0.009186 0.668656
vt 0.010755 0.506419
vt 0.012324 0.344183
vt 0.012324 0.668656
vt 0.013860 0.506419
vt 0.015396 0.344183
vt 0.015396 0.668656
vt 0.016906 0.506419
vt 0.018417 0.344183
vt 0.018417 0.668656
vt 0.019910 0.506419
vt 0.021403 0.344183
vt 0.021403 0.668656
vt 0.022887 0.506419
vt 0.024371 0.344183
vt 0.024371 0.668656
vt 0.025853 0.506419
vt 0.027336 0.344183
vt 0.027336 0.668656
vt 0.028827 0.506419
vt 0.030317 0.344183
vt 0.030317 0.668656
vt 0.031824 0.506419
vt 0.033331 0.344183
vt 0.033331 0.668656
vt 0.034863 0.506419
vt 0.036395 0.344183
vt 0.036395 0.668656
vt 0.037960 0.506419
vt 0.039526 0.344183
vt 0.039526 0.668656
vt 0.041135 0.506419
vt 0.042743 0.344183
vt 0.042743 0.668656
vt 0.044403 0.506419
vt 0.046064 0.344183
vt 0.046064 0.668656
vt 0.047784 0.506419
vt 0.049504 0.344183
vt 0.049504 0.668656
vt 0.051294 0.506419
vt 0.053084 0.344183
vt 0.053084 0.668656
vt 0.081656 0.506419
vt 0.110228 0.344183
vt 0.110228 0.668656
vt 0.111280 0.506419
vt 0.112332 0.344183
vt 0.112332 0.668656
vt 0.113393 0.506419
vt 0.114454 0.344183
vt 0.114454 0.668656
vt 0.115524 0.506419
vt 0.116595 0.344183
vt 0.116595 0.668656
vt 0.117675 0.506419
vt 0.118756 0.344183
vt 0.118756 0.668656
vt 0.119846 0.506419
vt 0.120937 0.344183
vt 0.120937 0.668656
vt 0.122038 0.506419
vt 0.123138 0.344183
vt 0.123138 0.668656
vt 0.124249 0.506419
vt 0.125360 0.344183
vt 0.125360 0.668656
vt 0.126481 0.506419
vt 0.127601 0.344183
vt 0.127601 0.668656
vt 0.128732 0.506419
vt 0.129862 0.344183
vt 0.129862 0.668656
vt 0.131003 0.506419
vt 0.132143 0.344183
vt 0.132143 0.668656
vt 0.133292 0.506419
vt 0.134442 0.344183
vt 0.134442 0.668656
vt 0.135601 0.506419
vt 0.136759 0.344183
vt 0.136759 0.668656
vt 0.137927 0.506419
vt 0.139094 0.344183
vt 0.139094 0.668656
vt 0.140270 0.506419
vt 0.141446 0.344183
vt 0.141446 0.668656
vt 0.142631 0.506419
vt 0.143815 0.344183
vt 0.143815 0.668656
vt 0.145007 0.506419
vt 0.146199 0.344183
vt 0.146199 0.668656
vt 0.194355 0.506419
vt 0.242510 0.344183
vt 0.242510 0.668656
vt 0.243702 0.506419
vt 0.244895 0.344183
vt 0.244895 0.668656
vt 0.246079 0.506419
vt 0.247263 0.344183
vt 0.247263 0.668656
vt 0.248439 0.506419
vt 0.249615 0.344183
vt 0.249615 0.668656
vt 0.250782 0.506419
vt 0.251950 0.344183
vt 0.251950 0.668656
vt 0.253108 0.506419
vt 0.254267 0.344183
vt 0.254267 0.668656
vt 0.255416 0.506419
vt 0.256566 0.344183
vt 0.256566 0.668656
vt 0.257706 0.506419
vt 0.258846 0.344183
vt 0.258846 0.668656
vt 0.259977 0.506419
vt 0.261107 0.344183
vt 0.261107 0.668656
vt 0.262228 0.506419
vt 0.263349 0.344183
vt 0.263349 0.668656
vt 0.264459 0.506419
vt 0.265570 0.344183
vt 0.265570 0.668656
vt 0.266671 0.506419
vt 0.267771 0.344183
vt 0.267771 0.668656
vt 0.268862 0.506419
vt 0.269952 0.344183
vt 0.269952 0.668656
vt 0.271033 0.506419
vt 0.272113 0.344183
vt 0.272113 0.668656
vt 0.273184 0.506419
vt 0.274255 0.344183
vt 0.274255 0.668656
vt 0.275316 0.506419
vt 0.276377 0.344183
vt 0.276377 0.668656
vt 0.277429 0.506419
vt 0.278481 0.344183
vt 0.278481 0.668656
vt 0.316763 0.506419
vt 0.355046 0.344183
vt 0.355046 0.668656
vt 0.363008 0.506419
vt 0.361915 0.344183
vt 0.364100 0.344183
vt 0.364100 0.668656
vt 0.361915 0.668656
vt 0.365195 0.506419
vt 0.366290 0.344183
vt 0.366290 0.668656
vt 0.367389 0.506419
vt 0.368487 0.344183
vt 0.368487 0.668656
vt 0.369590 0.506419
vt 0.370694 0.344183
vt 0.370694 0.668656
vt 0.371802 0.506419
vt 0.372909 0.344183
vt 0.372909 0.668656
vt 0.374022 0.506419
vt 0.375135 0.344183
vt 0.375135 0.668656
vt 0.376254 0.506419
vt 0.377372 0.344183
vt 0.377372 0.668656
vt 0.378495 0.506419
vt 0.379619 0.344183
vt 0.379619 0.668656
vt 0.380747 0.506419
vt 0.381876 0.344183
vt 0.381876 0.668656
vt 0.383009 0.506419
vt 0.384142 0.344183
vt 0.384142 0.668656
vt 0.385280 0.506419
vt 0.386418 0.344183
vt 0.386418 0.668656
vt 0.387560 0.506419
vt 0.388702 0.344183
vt 0.388702 0.668656
vt 0.389848 0.506419
vt 0.390994 0.344183
vt 0.390994 0.668656
vt 0.392143 0.506419
vt 0.393292 0.344183
vt 0.393292 0.668656
vt 0.394444 0.506419
vt 0.395595 0.344183
vt 0.395595 0.668656
vt 0.396749 0.506419
vt 0.397903 0.344183
vt 0.397903 0.668656
vt 0.399058 0.506419
vt 0.400214 0.344183
vt 0.400214 0.668656
vt 0.401370 0.506419
vt 0.402526 0.344183
vt 0.402526 0.668656
vt 0.403683 0.506419
vt 0.404840 0.344183
vt 0.404840 0.668656
vt 0.405996 0.506419
vt 0.407152 0.344183
vt 0.407152 0.668656
vt 0.408308 0.506419
vt 0.409463 0.344183
vt 0.409463 0.668656
vt 0.410618 0.506419
vt 0.411772 0.344183
vt 0.411772 0.668656
vt 0.412924 0.506419
vt 0.414077 0.344183
vt 0.414077 0.668656
vt 0.415227 0.506419
vt 0.416378 0.344183
vt 0.416378 0.668656
vt 0.417526 0.506419
vt 0.418673 0.344183
vt 0.418673 0.668656
vt 0.419819 0.506419
vt 0.420964 0.344183
vt 0.420964 0.668656
vt 0.422106 0.506419
vt 0.423248 0.344183
vt 0.423248 0.668656
vt 0.424388 0.506419
vt 0.425527 0.344183
vt 0.425527 0.668656
vt 0.426664 0.506419
vt 0.427800 0.344183
vt 0.427800 0.668656
vt 0.428934 0.506419
vt 0.430068 0.344183
vt 0.430068 0.668656
vt 0.431200 0.506419
vt 0.432332 0.344183
vt 0.432332 0.668656
vt 0.433462 0.506419
vt 0.434592 0.344183
vt 0.434592 0.668656
vt 0.521898 0.506419
vt 0.609203 0.344183
vt 0.609203 0.668656
vt 0.610648 0.506419
vt 0.612094 0.344183
vt 0.612094 0.668656
vt 0.613496 0.506419
vt 0.614898 0.344183
vt 0.614898 0.668656
vt 0.616260 0.506419
vt 0.617622 0.344183
vt 0.617622 0.668656
vt 0.618947 0.506419
vt 0.620272 0.344183
vt 0.620272 0.668656
vt 0.621930 0.506419
vt 0.623588 0.344183
vt 0.623588 0.668656
vt 0.625198 0.506419
vt 0.626808 0.344183
vt 0.626808 0.668656
vt 0.628377 0.506419
vt 0.629946 0.344183
vt 0.629946 0.668656
vt 0.631482 0.506419
vt 0.633018 0.344183
vt 0.633018 0.668656
vt 0.634529 0.506419
vt 0.636039 0.344183
vt 0.636039 0.668656
vt 0.637532 0.506419
vt 0.639025 0.344183
vt 0.639025 0.668656
vt 0.640509 0.506419
vt 0.641993 0.344183
vt 0.641993 0.668656
vt 0.643476 0.506419
vt 0.644958 0.344183
vt 0.644958 0.668656
vt 0.646449 0.506419
vt 0.647939 0.344183
vt 0.647939 0.668656
vt 0.649446 0.506419
vt 0.650953 0.344183
vt 0.650953 0.668656
vt 0.652485 0.506419
vt 0.654017 0.344183
vt 0.654017 0.668656
vt 0.655583 0.506419
vt 0.657148 0.344183
vt 0.657148 0.668656
vt 0.658757 0.506419
vt 0.660365 0.344183
vt 0.660365 0.668656
vt 0.662025 0.506419
vt 0.663686 0.344183
vt 0.663686 0.668656
vt 0.665406 0.506419
vt 0.667127 0.344183
vt 0.667127 0.668656
vt 0.668916 0.506419
vt 0.670706 0.344183
vt 0.670706 0.668656
vt 0.797185 0.506419
vt 0.923665 0.344183
vt 0.923665 0.668656
vt 0.001118 0.837764
vt 0.000026 0.675527
vt 0.002210 0.675527
vt 0.002210 1.000000
vt 0.000026 1.000000
vt 0.003305 0.837764
vt 0.004401 0.675527
vt 0.004401 1.000000
vt 0.005499 0.837764
vt 0.006598 0.675527
vt 0.006598 1.000000
vt 0.007701 0.837764
vt 0.008804 0.675527
vt 0.008804 1.000000
vt 0.009912 0.837764
vt 0.011020 0.675527
vt 0.011020 1.000000
vt 0.012133 0.837764
vt 0.013246 0.675527
vt 0.013246 1.000000
vt 0.014365 0.837764
vt 0.015483 0.675527
vt 0.015483 1.000000
vt 0.016606 0.837764
vt 0.017730 0.675527
vt 0.017730 1.000000
vt 0.018858 0.837764
vt 0.019987 0.675527
vt 0.019987 1.000000
vt 0.021120 0.837764
vt 0.022253 0.675527
vt 0.022253 1.000000
vt 0.023391 0.837764
vt 0.024529 0.675527
vt 0.024529 1.000000
vt 0.025671 0.837764
vt 0.026813 0.675527
vt 0.026813 1.000000
vt 0.027959 0.837764
vt 0.029105 0.675527
vt 0.029105 1.000000
vt 0.030254 0.837764
vt 0.031403 0.675527
vt 0.031403 1.000000
vt 0.032555 0.837764
vt 0.033707 0.675527
vt 0.033707 1.000000
vt 0.034860 0.837764
vt 0.036014 0.675527
vt 0.036014 1.000000
vt 0.037170 0.837764
vt 0.038325 0.675527
vt 0.038325 1.000000
vt 0.039481 0.837764
vt 0.040637 0.675527
vt 0.040637 1.000000
vt 0.041794 0.837764
vt 0.042950 0.675527
vt 0.042950 1.000000
vt 0.044107 0.837764
vt 0.045263 0.675527
vt 0.045263 1.000000
vt 0.046419 0.837764
vt 0.047574 0.675527
vt 0.047574 1.000000
vt 0.048728 0.837764
vt 0.049883 0.675527
vt 0.049883 1.000000
vt 0.051035 0.837764
vt 0.052188 0.675527
vt 0.052188 1.000000
vt 0.053338 0.837764
vt 0.054488 0.675527
vt 0.054488 1.000000
vt 0.055636 0.837764
vt 0.056784 0.675527
vt 0.056784 1.000000
vt 0.057929 0.837764
vt 0.059074 0.675527
vt 0.059074 1.000000
vt 0.060217 0.837764
vt 0.061359 0.675527
vt 0.061359 1.000000
vt 0.062498 0.837764
vt 0.063638 0.675527
vt 0.063638 1.000000
vt 0.064774 0.837764
vt 0.065911 0.675527
vt 0.065911 1.000000
vt 0.067045 0.837764
vt 0.068179 0.675527
vt 0.068179 1.000000
vt 0.069311 0.837764
vt 0.070443 0.675527
vt 0.070443 1.000000
vt 0.071573 0.837764
vt 0.072703 0.675527
vt 0.072703 1.000000
vt 0.203644 0.837764
vt 0.334585 0.675527
vt 0.334585 1.000000
vt 0.342968 0.837764
vt 0.341523 0.675527
vt 0.344414 0.675527
vt 0.344414 1.000000
vt 0.341523 1.000000
vt 0.345816 0.837764
vt 0.347218 0.675527
vt 0.347218 1.000000
vt 0.348580 0.837764
vt 0.349942 0.675527
vt 0.349942 1.000000
vt 0.006333 0.127566
vt 0.007457 0.126993
vt 0.005291 0.128242
vt 0.008659 0.126531
vt 0.004333 0.129012
vt 0.009936 0.126190
vt 0.011285 0.125979
vt 0.002684 0.130797
vt 0.003463 0.129866
vt 0.001409 0.132849
vt 0.012703 0.125907
vt 0.000256 0.136271
vt 0.000535 0.135097
vt 0.004874 0.148492
vt 0.003705 0.147459
vt 0.000086 0.137468
vt 0.000920 0.133953
vt 0.001998 0.131794
vt 0.000029 0.138677
vt 0.331592 0.173476
vt 0.178554 0.120108
vt 0.180208 0.118939
vt 0.176837 0.121178
vt 0.153098 0.266555
vt 0.675873 0.332293
vt 0.650416 0.185846
vt 0.829743 0.276252
vt 0.828910 0.278925
vt 0.184748 0.114853
vt 0.186104 0.113308
vt 0.183310 0.116309
vt 0.181795 0.117671
vt 0.163461 0.125662
vt 0.165485 0.125360
vt 0.147212 0.260640
vt 0.478150 0.326494
vt 0.331508 0.326494
vt 0.343641 0.191761
vt 0.485979 0.303908
vt 0.161413 0.125845
vt 0.317617 0.329394
vt 0.315789 0.330256
vt 0.339549 0.187966
vt 0.341514 0.189941
vt 0.840958 0.260640
vt 0.838831 0.262460
vt 0.816812 0.123762
vt 0.818732 0.124407
vt 0.167479 0.124941
vt 0.169438 0.124407
vt 0.173235 0.123007
vt 0.149340 0.262460
vt 0.171358 0.123762
vt 0.151304 0.264435
vt 0.175063 0.122145
vt 0.159344 0.125907
vt 0.001869 0.145167
vt 0.000679 0.142653
vt 0.000315 0.141343
vt 0.001196 0.143931
vt 0.000099 0.140014
vt 0.002704 0.146346
vt 0.655745 0.176149
vt 0.833455 0.268807
vt 0.832023 0.271182
vt 0.654705 0.178733
vt 0.653465 0.181219
vt 0.830783 0.273667
vt 0.652033 0.183593
vt 0.788182 0.044784
vt 0.744307 0.107440
vt 0.742261 0.106975
vt 0.787221 0.043160
vt 0.154715 0.268807
vt 0.332425 0.176149
vt 0.207961 0.449971
vt 0.205074 0.447029
vt 0.204001 0.445154
vt 0.206409 0.448638
vt 0.209689 0.451022
vt 0.213504 0.452245
vt 0.203229 0.443020
vt 0.225661 0.447209
vt 0.218318 0.452087
vt 0.224637 0.448448
vt 0.223513 0.449513
vt 0.215506 0.452401
vt 0.211551 0.451783
vt 0.784941 0.443020
vt 0.762509 0.447209
vt 0.684693 0.340727
vt 0.222305 0.450407
vt 0.221027 0.451132
vt 0.219693 0.451691
vt 0.216918 0.452323
vt 0.187375 0.111674
vt 0.267340 0.002887
vt 0.271160 0.000710
vt 0.272535 0.000314
vt 0.268548 0.001994
vt 0.269827 0.001269
vt 0.266216 0.003952
vt 0.273935 0.000078
vt 0.275347 0.000000
vt 0.277349 0.000156
vt 0.265192 0.005191
vt 0.279301 0.000618
vt 0.287623 0.009382
vt 0.286852 0.007247
vt 0.281163 0.001379
vt 0.282891 0.002430
vt 0.284443 0.003763
vt 0.285778 0.005372
vt 0.759748 0.113462
vt 0.756918 0.114406
vt 0.769300 0.051555
vt 0.770933 0.052722
vt 0.672381 0.330256
vt 0.670553 0.329394
vt 0.646657 0.189941
vt 0.648621 0.187966
vt 0.337755 0.185846
vt 0.314015 0.331223
vt 0.336137 0.183593
vt 0.158427 0.276252
vt 0.656662 0.326494
vt 0.510020 0.326494
vt 0.502191 0.303908
vt 0.644529 0.191761
vt 0.490598 0.316129
vt 0.487149 0.304941
vt 0.488149 0.306054
vt 0.490825 0.313723
vt 0.488984 0.307234
vt 0.489658 0.308469
vt 0.490174 0.309748
vt 0.490754 0.312387
vt 0.490538 0.311058
vt 0.668677 0.328639
vt 0.666756 0.327994
vt 0.323373 0.327460
vt 0.321414 0.327994
vt 0.319494 0.328639
vt 0.329439 0.326556
vt 0.327391 0.326739
vt 0.325367 0.327041
vt 0.306104 0.337547
vt 0.159260 0.278925
vt 0.307542 0.336092
vt 0.303478 0.340727
vt 0.304748 0.339093
vt 0.309057 0.334730
vt 0.310644 0.333462
vt 0.312298 0.332293
vt 0.489933 0.318448
vt 0.489444 0.319552
vt 0.488855 0.320607
vt 0.479568 0.326422
vt 0.490767 0.314933
vt 0.490318 0.317304
vt 0.488170 0.321604
vt 0.486520 0.323389
vt 0.482194 0.325870
vt 0.480917 0.326211
vt 0.485562 0.324159
vt 0.483396 0.325408
vt 0.484520 0.324835
vt 0.487390 0.322534
vt 0.980713 0.126993
vt 0.981837 0.127566
vt 0.982879 0.128242
vt 0.983837 0.129012
vt 0.979511 0.126531
vt 0.976885 0.125979
vt 0.978234 0.126190
vt 0.985487 0.130797
vt 0.984707 0.129866
vt 0.986761 0.132849
vt 0.975467 0.125907
vt 0.987635 0.135097
vt 0.987915 0.136271
vt 0.983296 0.148492
vt 0.988084 0.137468
vt 0.984466 0.147459
vt 0.987250 0.133953
vt 0.986173 0.131794
vt 0.988142 0.138677
vt 0.809616 0.120108
vt 0.656579 0.173476
vt 0.807962 0.118939
vt 0.811333 0.121178
vt 0.835072 0.266555
vt 0.803423 0.114853
vt 0.802066 0.113308
vt 0.804861 0.116309
vt 0.806375 0.117671
vt 0.822686 0.125360
vt 0.824709 0.125662
vt 0.826758 0.125845
vt 0.833951 0.206731
vt 0.832541 0.205482
vt 0.866967 0.052078
vt 0.869654 0.051183
vt 0.820692 0.124941
vt 0.814936 0.123007
vt 0.836866 0.264435
vt 0.813108 0.122145
vt 0.828827 0.125907
vt 0.987492 0.142653
vt 0.986301 0.145167
vt 0.987856 0.141343
vt 0.986975 0.143931
vt 0.988071 0.140014
vt 0.985466 0.146346
vt 0.788641 0.208438
vt 0.745148 0.158620
vt 0.746652 0.157069
vt 0.790333 0.207227
vt 0.333465 0.178733
vt 0.156147 0.271182
vt 0.323310 0.448442
vt 0.201504 0.564633
vt 0.199664 0.562726
vt 0.321710 0.446532
vt 0.783096 0.447029
vt 0.780209 0.449971
vt 0.784170 0.445154
vt 0.781762 0.448638
vt 0.778481 0.451022
vt 0.774666 0.452245
vt 0.763533 0.448448
vt 0.769852 0.452087
vt 0.764657 0.449513
vt 0.772665 0.452401
vt 0.776619 0.451783
vt 0.722978 0.005191
vt 0.800796 0.111674
vt 0.700548 0.009382
vt 0.767144 0.451132
vt 0.765865 0.450407
vt 0.768478 0.451691
vt 0.771253 0.452323
vt 0.717010 0.000710
vt 0.720830 0.002887
vt 0.715636 0.000314
vt 0.718344 0.001269
vt 0.719622 0.001994
vt 0.721954 0.003952
vt 0.714235 0.000078
vt 0.710822 0.000156
vt 0.712823 0.000000
vt 0.708869 0.000618
vt 0.701319 0.007247
vt 0.707007 0.001379
vt 0.703727 0.003763
vt 0.705279 0.002430
vt 0.702393 0.005372
vt 0.130353 0.051183
vt 0.166055 0.206731
vt 0.164789 0.208113
vt 0.127724 0.050061
vt 0.674156 0.331223
vt 0.235834 0.474943
vt 0.102029 0.346387
vt 0.124422 0.338045
vt 0.237272 0.472208
vt 0.497573 0.316129
vt 0.501022 0.304941
vt 0.500021 0.306054
vt 0.497346 0.313723
vt 0.498513 0.308469
vt 0.499186 0.307234
vt 0.497996 0.309748
vt 0.497417 0.312387
vt 0.497632 0.311058
vt 0.664797 0.327460
vt 0.658731 0.326556
vt 0.662803 0.327041
vt 0.660780 0.326739
vt 0.682066 0.337547
vt 0.680628 0.336092
vt 0.683423 0.339093
vt 0.679113 0.334730
vt 0.677527 0.333462
vt 0.498237 0.318448
vt 0.498726 0.319552
vt 0.499315 0.320607
vt 0.508602 0.326422
vt 0.497403 0.314933
vt 0.497852 0.317304
vt 0.500001 0.321604
vt 0.505976 0.325870
vt 0.501650 0.323389
vt 0.507253 0.326211
vt 0.502608 0.324159
vt 0.504774 0.325408
vt 0.503650 0.324835
vt 0.500780 0.322534
vt 0.000605 0.592563
vt 0.000000 0.458928
vt 0.001211 0.458928
vt 0.001211 0.726198
vt 0.000000 0.726198
vt 0.001815 0.592563
vt 0.002419 0.458928
vt 0.002419 0.726198
vt 0.003023 0.592563
vt 0.003627 0.458928
vt 0.003627 0.726198
vt 0.004230 0.592563
vt 0.004834 0.458928
vt 0.004834 0.726198
vt 0.005437 0.592563
vt 0.006041 0.458928
vt 0.006041 0.726198
vt 0.006645 0.592563
vt 0.007249 0.458928
vt 0.007249 0.726198
vt 0.007854 0.592563
vt 0.008459 0.458928
vt 0.008459 0.726198
vt 0.009066 0.592563
vt 0.009673 0.458928
vt 0.009673 0.726198
vt 0.010283 0.592563
vt 0.010893 0.458928
vt 0.010893 0.726198
vt 0.011507 0.592563
vt 0.012122 0.458928
vt 0.012122 0.726198
vt 0.012743 0.592563
vt 0.013364 0.458928
vt 0.013364 0.726198
vt 0.013995 0.592563
vt 0.014626 0.458928
vt 0.014626 0.726198
vt 0.015269 0.592563
vt 0.015913 0.458928
vt 0.015913 0.726198
vt 0.016574 0.592563
vt 0.017235 0.458928
vt 0.017235 0.726198
vt 0.017918 0.592563
vt 0.018600 0.458928
vt 0.018600 0.726198
vt 0.019310 0.592563
vt 0.020020 0.458928
vt 0.020020 0.726198
vt 0.093341 0.592563
vt 0.166662 0.458928
vt 0.166662 0.726198
vt 0.167697 0.592563
vt 0.168732 0.458928
vt 0.168732 0.726198
vt 0.169760 0.592563
vt 0.170789 0.458928
vt 0.170789 0.726198
vt 0.171812 0.592563
vt 0.172835 0.458928
vt 0.172835 0.726198
vt 0.173853 0.592563
vt 0.174872 0.458928
vt 0.174872 0.726198
vt 0.175887 0.592563
vt 0.176903 0.458928
vt 0.176903 0.726198
vt 0.177916 0.592563
vt 0.178929 0.458928
vt 0.178929 0.726198
vt 0.179940 0.592563
vt 0.180951 0.458928
vt 0.180951 0.726198
vt 0.181962 0.592563
vt 0.182972 0.458928
vt 0.182972 0.726198
vt 0.183983 0.592563
vt 0.184994 0.458928
vt 0.184994 0.726198
vt 0.186005 0.592563
vt 0.187016 0.458928
vt 0.187016 0.726198
vt 0.188029 0.592563
vt 0.189042 0.458928
vt 0.189042 0.726198
vt 0.190057 0.592563
vt 0.191073 0.458928
vt 0.191073 0.726198
vt 0.192091 0.592563
vt 0.193110 0.458928
vt 0.193110 0.726198
vt 0.194133 0.592563
vt 0.195156 0.458928
vt 0.195156 0.726198
vt 0.196184 0.592563
vt 0.197213 0.458928
vt 0.197213 0.726198
vt 0.198247 0.592563
vt 0.199282 0.458928
vt 0.199282 0.726198
vt 0.265225 0.592563
vt 0.331167 0.458928
vt 0.331167 0.726198
vt 0.331971 0.592563
vt 0.332775 0.458928
vt 0.332775 0.726198
vt 0.333549 0.592563
vt 0.334324 0.458928
vt 0.334324 0.726198
vt 0.335075 0.592563
vt 0.335827 0.458928
vt 0.335827 0.726198
vt 0.336561 0.592563
vt 0.337296 0.458928
vt 0.337296 0.726198
vt 0.338019 0.592563
vt 0.338742 0.458928
vt 0.338742 0.726198
vt 0.339458 0.592563
vt 0.340173 0.458928
vt 0.340173 0.726198
vt 0.340883 0.592563
vt 0.341593 0.458928
vt 0.341593 0.726198
vt 0.342300 0.592563
vt 0.343007 0.458928
vt 0.343007 0.726198
vt 0.344011 0.592563
vt 0.345015 0.458928
vt 0.345015 0.726198
vt 0.346018 0.592563
vt 0.347022 0.458928
vt 0.347022 0.726198
vt 0.348027 0.592563
vt 0.349033 0.458928
vt 0.349033 0.726198
vt 0.350044 0.592563
vt 0.351056 0.458928
vt 0.351056 0.726198
vt 0.352079 0.592563
vt 0.353102 0.458928
vt 0.353102 0.726198
vt 0.354147 0.592563
vt 0.355192 0.458928
vt 0.355192 0.726198
vt 0.356273 0.592563
vt 0.357353 0.458928
vt 0.357353 0.726198
vt 0.358488 0.592563
vt 0.359622 0.458928
vt 0.359622 0.726198
vt 0.444564 0.592563
vt 0.529506 0.458928
vt 0.529506 0.726198
vt 0.537376 0.592563
vt 0.535976 0.458928
vt 0.538776 0.458928
vt 0.538776 0.726198
vt 0.535976 0.726198
vt 0.540169 0.592563
vt 0.541562 0.458928
vt 0.541562 0.726198
vt 0.542951 0.592563
vt 0.544339 0.458928
vt 0.544339 0.726198
vt 0.545726 0.592563
vt 0.547112 0.458928
vt 0.547112 0.726198
vt 0.548499 0.592563
vt 0.549885 0.458928
vt 0.549885 0.726198
vt 0.551274 0.592563
vt 0.552662 0.458928
vt 0.552662 0.726198
vt 0.554055 0.592563
vt 0.555448 0.458928
vt 0.555448 0.726198
vt 0.556848 0.592563
vt 0.558248 0.458928
vt 0.558248 0.726198
vt 0.648853 0.592563
vt 0.739458 0.458928
vt 0.739458 0.726198
vt 0.740238 0.592563
vt 0.741019 0.458928
vt 0.741019 0.726198
vt 0.741767 0.592563
vt 0.742515 0.458928
vt 0.742515 0.726198
vt 0.743237 0.592563
vt 0.743960 0.458928
vt 0.743960 0.726198
vt 0.744664 0.592563
vt 0.745367 0.458928
vt 0.745367 0.726198
vt 0.746057 0.592563
vt 0.746746 0.458928
vt 0.746746 0.726198
vt 0.747426 0.592563
vt 0.748106 0.458928
vt 0.748106 0.726198
vt 0.748779 0.592563
vt 0.749452 0.458928
vt 0.749452 0.726198
vt 0.750122 0.592563
vt 0.750791 0.458928
vt 0.750791 0.726198
vt 0.751396 0.592563
vt 0.752001 0.458928
vt 0.752001 0.726198
vt 0.752606 0.592563
vt 0.753210 0.458928
vt 0.753210 0.726198
vt 0.753814 0.592563
vt 0.754417 0.458928
vt 0.754417 0.726198
vt 0.755021 0.592563
vt 0.755624 0.458928
vt 0.755624 0.726198
vt 0.756228 0.592563
vt 0.756831 0.458928
vt 0.756831 0.726198
vt 0.757436 0.592563
vt 0.758040 0.458928
vt 0.758040 0.726198
vt 0.758645 0.592563
vt 0.759250 0.458928
vt 0.759250 0.726198
vt 0.759857 0.592563
vt 0.760464 0.458928
vt 0.760464 0.726198
vt 0.761073 0.592563
vt 0.761683 0.458928
vt 0.761683 0.726198
vt 0.762298 0.592563
vt 0.762912 0.458928
vt 0.762912 0.726198
vt 0.763533 0.592563
vt 0.764154 0.458928
vt 0.764154 0.726198
vt 0.764785 0.592563
vt 0.765416 0.458928
vt 0.765416 0.726198
vt 0.766060 0.592563
vt 0.766703 0.458928
vt 0.766703 0.726198
vt 0.767364 0.592563
vt 0.768025 0.458928
vt 0.768025 0.726198
vt 0.768708 0.592563
vt 0.769391 0.458928
vt 0.769391 0.726198
vt 0.770101 0.592563
vt 0.770811 0.458928
vt 0.770811 0.726198
vt 0.844131 0.592563
vt 0.917451 0.458928
vt 0.917451 0.726198
vt 0.001040 0.866365
vt 0.000005 0.732731
vt 0.002075 0.732731
vt 0.002075 1.000000
vt 0.000005 1.000000
vt 0.003103 0.866365
vt 0.004131 0.732731
vt 0.004131 1.000000
vt 0.005154 0.866365
vt 0.006177 0.732731
vt 0.006177 1.000000
vt 0.007196 0.866365
vt 0.008215 0.732731
vt 0.008215 1.000000
vt 0.009230 0.866365
vt 0.010246 0.732731
vt 0.010246 1.000000
vt 0.011258 0.866365
vt 0.012272 0.732731
vt 0.012272 1.000000
vt 0.013283 0.866365
vt 0.014294 0.732731
vt 0.014294 1.000000
vt 0.015305 0.866365
vt 0.016315 0.732731
vt 0.016315 1.000000
vt 0.017326 0.866365
vt 0.018336 0.732731
vt 0.018336 1.000000
vt 0.019348 0.866365
vt 0.020359 0.732731
vt 0.020359 1.000000
vt 0.021372 0.866365
vt 0.022385 0.732731
vt 0.022385 1.000000
vt 0.023400 0.866365
vt 0.024416 0.732731
vt 0.024416 1.000000
vt 0.025434 0.866365
vt 0.026453 0.732731
vt 0.026453 1.000000
vt 0.027476 0.866365
vt 0.028499 0.732731
vt 0.028499 1.000000
vt 0.029527 0.866365
vt 0.030555 0.732731
vt 0.030555 1.000000
vt 0.031590 0.866365
vt 0.032625 0.732731
vt 0.032625 1.000000
vt 0.098568 0.866365
vt 0.164512 0.732731
vt 0.164512 1.000000
vt 0.165315 0.866365
vt 0.166119 0.732731
vt 0.166119 1.000000
vt 0.166893 0.866365
vt 0.167667 0.732731
vt 0.167667 1.000000
vt 0.168419 0.866365
vt 0.169170 0.732731
vt 0.169170 1.000000
vt 0.169905 0.866365
vt 0.170640 0.732731
vt 0.170640 1.000000
vt 0.171363 0.866365
vt 0.172086 0.732731
vt 0.172086 1.000000
vt 0.172801 0.866365
vt 0.173516 0.732731
vt 0.173516 1.000000
vt 0.174226 0.866365
vt 0.174936 0.732731
vt 0.174936 1.000000
vt 0.175643 0.866365
vt 0.176351 0.732731
vt 0.176351 1.000000
vt 0.177354 0.866365
vt 0.178358 0.732731
vt 0.178358 1.000000
vt 0.179361 0.866365
vt 0.180365 0.732731
vt 0.180365 1.000000
vt 0.181370 0.866365
vt 0.182376 0.732731
vt 0.182376 1.000000
vt 0.183387 0.866365
vt 0.184398 0.732731
vt 0.184398 1.000000
vt 0.185422 0.866365
vt 0.186445 0.732731
vt 0.186445 1.000000
vt 0.187490 0.866365
vt 0.188535 0.732731
vt 0.188535 1.000000
vt 0.189615 0.866365
vt 0.190696 0.732731
vt 0.190696 1.000000
vt 0.191831 0.866365
vt 0.192965 0.732731
vt 0.192965 1.000000
vt 0.277907 0.866365
vt 0.362848 0.732731
vt 0.362848 1.000000
vt 0.364248 0.866365
vt 0.365648 0.732731
vt 0.365648 1.000000
vt 0.367041 0.866365
vt 0.368434 0.732731
vt 0.368434 1.000000
vt 0.369823 0.866365
vt 0.371212 0.732731
vt 0.371212 1.000000
vt 0.372598 0.866365
vt 0.373985 0.732731
vt 0.373985 1.000000
vt 0.381868 0.866365
vt 0.380482 0.732731
vt 0.383255 0.732731
vt 0.383255 1.000000
vt 0.380482 1.000000
vt 0.384644 0.866365
vt 0.386032 0.732731
vt 0.386032 1.000000
vt 0.387425 0.866365
vt 0.388818 0.732731
vt 0.388818 1.000000
vt 0.390218 0.866365
vt 0.391618 0.732731
vt 0.391618 1.000000
vt 0.482223 0.866365
vt 0.572828 0.732731
vt 0.572828 1.000000
vt 0.573608 0.866365
vt 0.574388 0.732731
vt 0.574388 1.000000
vt 0.575136 0.866365
vt 0.575884 0.732731
vt 0.575884 1.000000
vt 0.576607 0.866365
vt 0.577330 0.732731
vt 0.577330 1.000000
vt 0.578034 0.866365
vt 0.578737 0.732731
vt 0.578737 1.000000
vt 0.579427 0.866365
vt 0.580116 0.732731
vt 0.580116 1.000000
vt 0.580796 0.866365
vt 0.581476 0.732731
vt 0.581476 1.000000
vt 0.582149 0.866365
vt 0.582822 0.732731
vt 0.582822 1.000000
vt 0.583492 0.866365
vt 0.584161 0.732731
vt 0.584161 1.000000
vt 0.006046 0.006005
vt 0.007557 0.004666
vt 0.003493 0.009101
vt 0.004689 0.007486
vt 0.002464 0.010843
vt 0.012958 0.001591
vt 0.015027 0.000908
vt 0.000442 0.016737
vt 0.001609 0.012701
vt 0.009217 0.003479
vt 0.011019 0.002451
vt 0.000933 0.014669
vt 0.000143 0.018898
vt 0.017219 0.000409
vt 0.000042 0.021142
vt 0.000104 0.022933
vt 0.019530 0.000104
vt 0.021952 0.000000
vt 0.000291 0.024766
vt 0.000607 0.026635
vt 0.001053 0.028539
vt 0.345335 0.461238
vt 0.344141 0.459627
vt 0.483397 0.338045
vt 0.504295 0.366584
vt 0.169460 0.115700
vt 0.167525 0.116559
vt 0.171524 0.115018
vt 0.165726 0.117585
vt 0.380926 0.000000
vt 0.235467 0.114111
vt 0.178433 0.114111
vt 0.173712 0.114520
vt 0.176017 0.114215
vt 0.158132 0.126781
vt 0.158986 0.124929
vt 0.156669 0.132953
vt 0.156967 0.130802
vt 0.157457 0.128742
vt 0.164070 0.118769
vt 0.162561 0.120105
vt 0.161207 0.121582
vt 0.160013 0.123193
vt 0.156568 0.135187
vt 0.074996 0.303842
vt 0.074068 0.300931
vt 0.076185 0.306668
vt 0.077618 0.309398
vt 0.079276 0.312015
vt 0.085425 0.319049
vt 0.083198 0.316854
vt 0.081142 0.314505
vt 0.323339 0.506948
vt 0.326153 0.505747
vt 0.431280 0.638976
vt 0.395145 0.667471
vt 0.156627 0.136988
vt 0.156809 0.138836
vt 0.110203 0.329426
vt 0.090321 0.322913
vt 0.087805 0.321073
vt 0.092954 0.324555
vt 0.095686 0.325983
vt 0.101376 0.328144
vt 0.098500 0.327184
vt 0.104298 0.328847
vt 0.107246 0.329279
vt 0.157123 0.140724
vt 0.157578 0.142650
vt 0.158505 0.145560
vt 0.159694 0.148387
vt 0.161127 0.151117
vt 0.164651 0.156224
vt 0.166707 0.158573
vt 0.162785 0.153733
vt 0.168934 0.160768
vt 0.171314 0.162792
vt 0.176463 0.166274
vt 0.179196 0.167702
vt 0.173830 0.164632
vt 0.182009 0.168903
vt 0.184885 0.169862
vt 0.190755 0.170998
vt 0.193712 0.171145
vt 0.187807 0.170565
vt 0.250746 0.171145
vt 0.241372 0.114691
vt 0.238424 0.114259
vt 0.247171 0.116354
vt 0.244294 0.115394
vt 0.252718 0.118985
vt 0.249985 0.117556
vt 0.257870 0.122470
vt 0.255352 0.120628
vt 0.260253 0.124497
vt 0.264542 0.129047
vt 0.262483 0.126694
vt 0.268076 0.134163
vt 0.266412 0.131541
vt 0.524125 0.307722
vt 0.529477 0.247419
vt 0.732493 0.166896
vt 0.694131 0.307722
vt 0.334314 0.454396
vt 0.336999 0.454812
vt 0.282310 0.672424
vt 0.263429 0.662844
vt 0.272407 0.146413
vt 0.272092 0.144548
vt 0.468212 0.068844
vt 0.272594 0.148241
vt 0.271645 0.142650
vt 0.234638 0.477777
vt 0.050879 0.386736
vt 0.383779 0.000139
vt 0.386660 0.000550
vt 0.389547 0.001227
vt 0.392419 0.002162
vt 0.395254 0.003348
vt 0.398029 0.004779
vt 0.403319 0.008342
vt 0.400725 0.006445
vt 0.454469 0.048691
vt 0.456918 0.050785
vt 0.272656 0.150028
vt 0.459185 0.053038
vt 0.461256 0.055430
vt 0.463119 0.057944
vt 0.464759 0.060561
vt 0.466164 0.063263
vt 0.467319 0.066030
vt 0.798945 0.052429
vt 0.755071 0.115085
vt 0.753955 0.113578
vt 0.797015 0.051792
vt 0.268009 0.163663
vt 0.269205 0.162049
vt 0.412144 0.329426
vt 0.265141 0.166481
vt 0.266653 0.165143
vt 0.741883 0.161477
vt 0.785433 0.211141
vt 0.075290 0.659129
vt 0.003987 0.561746
vt 0.234259 0.496499
vt 0.235114 0.498355
vt 0.594646 0.324033
vt 0.577025 0.315826
vt 0.734232 0.157685
vt 0.735244 0.159396
vt 0.501361 0.223700
vt 0.271089 0.158454
vt 0.271765 0.156489
vt 0.257671 0.170238
vt 0.259740 0.169554
vt 0.253168 0.171042
vt 0.255478 0.170736
vt 0.261679 0.168695
vt 0.263481 0.167667
vt 0.414922 0.329288
vt 0.430058 0.321084
vt 0.417579 0.328876
vt 0.272256 0.154424
vt 0.272555 0.152268
vt 0.504303 0.203547
vt 0.504743 0.205423
vt 0.505056 0.214435
vt 0.504745 0.216126
vt 0.505056 0.207281
vt 0.504311 0.217765
vt 0.505243 0.209115
vt 0.505306 0.210921
vt 0.505243 0.212698
vt 0.428476 0.322980
vt 0.426672 0.324647
vt 0.422467 0.327264
vt 0.424664 0.326077
vt 0.420100 0.328199
vt 0.503755 0.219348
vt 0.503078 0.220869
vt 0.502279 0.222321
vt 0.497791 0.342711
vt 0.499302 0.344050
vt 0.501855 0.347146
vt 0.500659 0.345531
vt 0.502884 0.348888
vt 0.490321 0.338953
vt 0.492390 0.339636
vt 0.504906 0.354782
vt 0.496131 0.341524
vt 0.503739 0.350746
vt 0.494329 0.340496
vt 0.504415 0.352714
vt 0.505205 0.356943
vt 0.488129 0.338454
vt 0.505306 0.359187
vt 0.505244 0.360978
vt 0.485818 0.338149
vt 0.505057 0.362811
vt 0.504741 0.364681
vt 0.325133 0.450123
vt 0.203080 0.566794
vt 0.337823 0.454604
vt 0.335888 0.453745
vt 0.333824 0.453063
vt 0.339622 0.455630
vt 0.269881 0.452156
vt 0.326915 0.452156
vt 0.331636 0.452565
vt 0.329331 0.452260
vt 0.347216 0.464826
vt 0.346362 0.462974
vt 0.348679 0.470998
vt 0.348381 0.468847
vt 0.347891 0.466787
vt 0.341279 0.456814
vt 0.342787 0.458150
vt 0.348780 0.473232
vt 0.430352 0.641887
vt 0.429163 0.644713
vt 0.427731 0.647443
vt 0.426072 0.650060
vt 0.422150 0.654900
vt 0.419923 0.657094
vt 0.424206 0.652550
vt 0.190062 0.557855
vt 0.187202 0.557377
vt 0.231429 0.339705
vt 0.249524 0.348125
vt 0.348721 0.475033
vt 0.348539 0.476881
vt 0.415027 0.660958
vt 0.417543 0.659118
vt 0.412394 0.662600
vt 0.409662 0.664028
vt 0.406848 0.665229
vt 0.403972 0.666189
vt 0.401051 0.666892
vt 0.398102 0.667324
vt 0.348225 0.478769
vt 0.346843 0.483606
vt 0.347771 0.480695
vt 0.344221 0.489162
vt 0.345654 0.486432
vt 0.338641 0.496618
vt 0.340697 0.494269
vt 0.342563 0.491779
vt 0.334034 0.500837
vt 0.336414 0.498813
vt 0.328885 0.504319
vt 0.331518 0.502677
vt 0.320463 0.507907
vt 0.311636 0.509190
vt 0.314593 0.509043
vt 0.317541 0.508611
vt 0.254602 0.509190
vt 0.266924 0.452304
vt 0.263976 0.452736
vt 0.261054 0.453439
vt 0.258178 0.454399
vt 0.255364 0.455601
vt 0.252630 0.457030
vt 0.249996 0.458673
vt 0.247478 0.460515
vt 0.245095 0.462542
vt 0.242865 0.464739
vt 0.240806 0.467092
vt 0.238936 0.469586
vt 0.269514 0.136898
vt 0.270710 0.139732
vt 0.233257 0.482593
vt 0.232941 0.484458
vt 0.037136 0.406889
vt 0.232754 0.486286
vt 0.233703 0.480695
vt 0.204322 0.204202
vt 0.249423 0.152001
vt 0.250631 0.153754
vt 0.206145 0.205106
vt 0.121569 0.338184
vt 0.118688 0.338595
vt 0.115801 0.339272
vt 0.112929 0.340207
vt 0.107319 0.342824
vt 0.110095 0.341393
vt 0.104623 0.344490
vt 0.048430 0.388830
vt 0.232692 0.488073
vt 0.046163 0.391083
vt 0.044092 0.393475
vt 0.040589 0.398606
vt 0.042229 0.395989
vt 0.038029 0.404075
vt 0.039185 0.401308
vt 0.236143 0.500094
vt 0.237339 0.501708
vt 0.093204 0.667471
vt 0.238696 0.503188
vt 0.240207 0.504526
vt 0.506932 0.219995
vt 0.733391 0.155859
vt 0.270234 0.160310
vt 0.233583 0.494534
vt 0.245608 0.507599
vt 0.247677 0.508283
vt 0.249870 0.508781
vt 0.252180 0.509087
vt 0.241867 0.505712
vt 0.243669 0.506740
vt 0.090426 0.667333
vt 0.087769 0.666921
vt 0.232793 0.490313
vt 0.233092 0.492469
vt 0.001046 0.541592
vt 0.000605 0.543468
vt 0.000292 0.552480
vt 0.000603 0.554171
vt 0.000292 0.545326
vt 0.001037 0.555810
vt 0.000042 0.548966
vt 0.000105 0.547161
vt 0.000105 0.550743
vt 0.076872 0.661025
vt 0.078676 0.662692
vt 0.082881 0.665309
vt 0.080684 0.664122
vt 0.085248 0.666244
vt 0.002270 0.558914
vt 0.001593 0.557393
vt 0.003069 0.560366
vt 0.514913 0.109777
vt 0.514019 0.000012
vt 0.515807 0.000012
vt 0.515807 0.219541
vt 0.514019 0.219541
vt 0.516726 0.109777
vt 0.517644 0.000012
vt 0.517644 0.219541
vt 0.518590 0.109777
vt 0.519536 0.000012
vt 0.519536 0.219541
vt 0.520511 0.109777
vt 0.521485 0.000012
vt 0.521485 0.219541
vt 0.523018 0.109777
vt 0.524550 0.000012
vt 0.524550 0.219541
vt 0.526088 0.109777
vt 0.527625 0.000012
vt 0.527625 0.219541
vt 0.529171 0.109777
vt 0.530716 0.000012
vt 0.530716 0.219541
vt 0.532268 0.109777
vt 0.533821 0.000012
vt 0.533821 0.219541
vt 0.535380 0.109777
vt 0.536939 0.000012
vt 0.536939 0.219541
vt 0.538502 0.109777
vt 0.540066 0.000012
vt 0.540066 0.219541
vt 0.541631 0.109777
vt 0.543196 0.000012
vt 0.543196 0.219541
vt 0.544760 0.109777
vt 0.546324 0.000012
vt 0.546324 0.219541
vt 0.547884 0.109777
vt 0.549444 0.000012
vt 0.549444 0.219541
vt 0.550996 0.109777
vt 0.552549 0.000012
vt 0.552549 0.219541
vt 0.554091 0.109777
vt 0.555633 0.000012
vt 0.555633 0.219541
vt 0.557163 0.109777
vt 0.558693 0.000012
vt 0.558693 0.219541
vt 0.560209 0.109777
vt 0.561726 0.000012
vt 0.561726 0.219541
vt 0.563228 0.109777
vt 0.564731 0.000012
vt 0.564731 0.219541
vt 0.566221 0.109777
vt 0.567710 0.000012
vt 0.567710 0.219541
vt 0.569191 0.109777
vt 0.570671 0.000012
vt 0.570671 0.219541
vt 0.599188 0.109777
vt 0.627705 0.000012
vt 0.627705 0.219541
vt 0.628914 0.109777
vt 0.630123 0.000012
vt 0.630123 0.219541
vt 0.631286 0.109777
vt 0.632449 0.000012
vt 0.632449 0.219541
vt 0.633570 0.109777
vt 0.634692 0.000012
vt 0.634692 0.219541
vt 0.635779 0.109777
vt 0.636866 0.000012
vt 0.636866 0.219541
vt 0.637925 0.109777
vt 0.638983 0.000012
vt 0.638983 0.219541
vt 0.640018 0.109777
vt 0.641054 0.000012
vt 0.641054 0.219541
vt 0.642072 0.109777
vt 0.643090 0.000012
vt 0.643090 0.219541
vt 0.644098 0.109777
vt 0.645105 0.000012
vt 0.645105 0.219541
vt 0.646107 0.109777
vt 0.647109 0.000012
vt 0.647109 0.219541
vt 0.648112 0.109777
vt 0.649114 0.000012
vt 0.649114 0.219541
vt 0.650123 0.109777
vt 0.651131 0.000012
vt 0.651131 0.219541
vt 0.652151 0.109777
vt 0.653171 0.000012
vt 0.653171 0.219541
vt 0.654208 0.109777
vt 0.655244 0.000012
vt 0.655244 0.219541
vt 0.656303 0.109777
vt 0.657362 0.000012
vt 0.657362 0.219541
vt 0.658448 0.109777
vt 0.659533 0.000012
vt 0.659533 0.219541
vt 0.660651 0.109777
vt 0.661769 0.000012
vt 0.661769 0.219541
vt 0.662671 0.109777
vt 0.663572 0.000012
vt 0.663572 0.219541
vt 0.664500 0.109777
vt 0.665428 0.000012
vt 0.665428 0.219541
vt 0.666386 0.109777
vt 0.667343 0.000012
vt 0.667343 0.219541
vt 0.668333 0.109777
vt 0.669322 0.000012
vt 0.669322 0.219541
vt 0.670849 0.109777
vt 0.672376 0.000012
vt 0.672376 0.219541
vt 0.673910 0.109777
vt 0.675443 0.000012
vt 0.675443 0.219541
vt 0.676984 0.109777
vt 0.678525 0.000012
vt 0.678525 0.219541
vt 0.680075 0.109777
vt 0.681624 0.000012
vt 0.681624 0.219541
vt 0.683180 0.109777
vt 0.684736 0.000012
vt 0.684736 0.219541
vt 0.686297 0.109777
vt 0.687858 0.000012
vt 0.687858 0.219541
vt 0.689421 0.109777
vt 0.690984 0.000012
vt 0.690984 0.219541
vt 0.692546 0.109777
vt 0.694109 0.000012
vt 0.694109 0.219541
vt 0.695667 0.109777
vt 0.697226 0.000012
vt 0.697226 0.219541
vt 0.698777 0.109777
vt 0.700329 0.000012
vt 0.700329 0.219541
vt 0.701870 0.109777
vt 0.703412 0.000012
vt 0.703412 0.219541
vt 0.704941 0.109777
vt 0.706471 0.000012
vt 0.706471 0.219541
vt 0.707987 0.109777
vt 0.709503 0.000012
vt 0.709503 0.219541
vt 0.711005 0.109777
vt 0.712508 0.000012
vt 0.712508 0.219541
vt 0.713998 0.109777
vt 0.715488 0.000012
vt 0.715488 0.219541
vt 0.716968 0.109777
vt 0.718448 0.000012
vt 0.718448 0.219541
vt 0.746965 0.109777
vt 0.775482 0.000012
vt 0.775482 0.219541
vt 0.776694 0.109777
vt 0.777906 0.000012
vt 0.777906 0.219541
vt 0.779072 0.109777
vt 0.780237 0.000012
vt 0.780237 0.219541
vt 0.781361 0.109777
vt 0.782486 0.000012
vt 0.782486 0.219541
vt 0.783575 0.109777
vt 0.784664 0.000012
vt 0.784664 0.219541
vt 0.785725 0.109777
vt 0.786785 0.000012
vt 0.786785 0.219541
vt 0.787822 0.109777
vt 0.788860 0.000012
vt 0.788860 0.219541
vt 0.789880 0.109777
vt 0.790900 0.000012
vt 0.790900 0.219541
vt 0.791909 0.109777
vt 0.792919 0.000012
vt 0.792919 0.219541
vt 0.793922 0.109777
vt 0.794926 0.000012
vt 0.794926 0.219541
vt 0.795931 0.109777
vt 0.796935 0.000012
vt 0.796935 0.219541
vt 0.797945 0.109777
vt 0.798956 0.000012
vt 0.798956 0.219541
vt 0.799978 0.109777
vt 0.801000 0.000012
vt 0.801000 0.219541
vt 0.802039 0.109777
vt 0.803077 0.000012
vt 0.803077 0.219541
vt 0.804139 0.109777
vt 0.805200 0.000012
vt 0.805200 0.219541
vt 0.806288 0.109777
vt 0.807377 0.000012
vt 0.807377 0.219541
vt 0.808498 0.109777
vt 0.809619 0.000012
vt 0.809619 0.219541
vt 0.514884 0.447822
vt 0.513981 0.338057
vt 0.515787 0.338057
vt 0.515787 0.557586
vt 0.513981 0.557586
vt 0.516676 0.447822
vt 0.517565 0.338057
vt 0.517565 0.557586
vt 0.518439 0.447822
vt 0.519312 0.338057
vt 0.519312 0.557586
vt 0.520172 0.447822
vt 0.521032 0.338057
vt 0.521032 0.557586
vt 0.521880 0.447822
vt 0.522728 0.338057
vt 0.522728 0.557586
vt 0.523567 0.447822
vt 0.524405 0.338057
vt 0.524405 0.557586
vt 0.525238 0.447822
vt 0.526070 0.338057
vt 0.526070 0.557586
vt 0.526899 0.447822
vt 0.527728 0.338057
vt 0.527728 0.557586
vt 0.528556 0.447822
vt 0.529385 0.338057
vt 0.529385 0.557586
vt 0.589733 0.447822
vt 0.650081 0.338057
vt 0.650081 0.557586
vt 0.651316 0.447822
vt 0.652551 0.338057
vt 0.652551 0.557586
vt 0.653779 0.447822
vt 0.655007 0.338057
vt 0.655007 0.557586
vt 0.656239 0.447822
vt 0.657472 0.338057
vt 0.657472 0.557586
vt 0.658720 0.447822
vt 0.659969 0.338057
vt 0.659969 0.557586
vt 0.661241 0.447822
vt 0.662514 0.338057
vt 0.662514 0.557586
vt 0.663819 0.447822
vt 0.665124 0.338057
vt 0.665124 0.557586
vt 0.666469 0.447822
vt 0.667813 0.338057
vt 0.667813 0.557586
vt 0.669204 0.447822
vt 0.670594 0.338057
vt 0.670594 0.557586
vt 0.821565 0.447822
vt 0.972536 0.338057
vt 0.972536 0.557586
vt 0.974016 0.447822
vt 0.975496 0.338057
vt 0.975496 0.557586
vt 0.976986 0.447822
vt 0.978476 0.338057
vt 0.978476 0.557586
vt 0.979979 0.447822
vt 0.981481 0.338057
vt 0.981481 0.557586
vt 0.982997 0.447822
vt 0.984513 0.338057
vt 0.984513 0.557586
vt 0.986043 0.447822
vt 0.987572 0.338057
vt 0.987572 0.557586
vt 0.989114 0.447822
vt 0.990655 0.338057
vt 0.990655 0.557586
vt 0.992207 0.447822
vt 0.993758 0.338057
vt 0.993758 0.557586
vt 0.995317 0.447822
vt 0.996875 0.338057
vt 0.996875 0.557586
vt 0.998438 0.447822
vt 1.000000 0.338057
vt 1.000000 0.557586
vt 0.001563 0.785867
vt 0.000000 0.676102
vt 0.003126 0.676102
vt 0.003126 0.895631
vt 0.000000 0.895631
vt 0.004687 0.785867
vt 0.006248 0.676102
vt 0.006248 0.895631
vt 0.007804 0.785867
vt 0.009360 0.676102
vt 0.009360 0.895631
vt 0.010909 0.785867
vt 0.012458 0.676102
vt 0.012458 0.895631
vt 0.014000 0.785867
vt 0.015541 0.676102
vt 0.015541 0.895631
vt 0.017074 0.785867
vt 0.018608 0.676102
vt 0.018608 0.895631
vt 0.020135 0.785867
vt 0.021662 0.676102
vt 0.021662 0.895631
vt 0.162666 0.785867
vt 0.303671 0.676102
vt 0.303671 0.895631
vt 0.304648 0.785867
vt 0.305626 0.676102
vt 0.305626 0.895631
vt 0.306574 0.785867
vt 0.307522 0.676102
vt 0.307522 0.895631
vt 0.308443 0.785867
vt 0.309364 0.676102
vt 0.309364 0.895631
vt 0.310260 0.785867
vt 0.311157 0.676102
vt 0.311157 0.895631
vt 0.312280 0.785867
vt 0.313403 0.676102
vt 0.313403 0.895631
vt 0.314493 0.785867
vt 0.315584 0.676102
vt 0.315584 0.895631
vt 0.316646 0.785867
vt 0.317709 0.676102
vt 0.317709 0.895631
vt 0.318750 0.785867
vt 0.319790 0.676102
vt 0.319790 0.895631
vt 0.320813 0.785867
vt 0.321836 0.676102
vt 0.321836 0.895631
vt 0.322847 0.785867
vt 0.323858 0.676102
vt 0.323858 0.895631
vt 0.324863 0.785867
vt 0.325868 0.676102
vt 0.325868 0.895631
vt 0.326873 0.785867
vt 0.327877 0.676102
vt 0.327877 0.895631
vt 0.328886 0.785867
vt 0.329896 0.676102
vt 0.329896 0.895631
vt 0.330916 0.785867
vt 0.331937 0.676102
vt 0.331937 0.895631
vt 0.332974 0.785867
vt 0.334012 0.676102
vt 0.334012 0.895631
vt 0.335072 0.785867
vt 0.336133 0.676102
vt 0.336133 0.895631
vt 0.337222 0.785867
vt 0.338311 0.676102
vt 0.338311 0.895631
vt 0.339435 0.785867
vt 0.340560 0.676102
vt 0.340560 0.895631
vt 0.341725 0.785867
vt 0.342890 0.676102
vt 0.342890 0.895631
vt 0.344102 0.785867
vt 0.345314 0.676102
vt 0.345314 0.895631
vt 0.524802 0.785867
vt 0.704289 0.676102
vt 0.704289 0.895631
vt 0.714356 0.785867
vt 0.712928 0.676102
vt 0.715784 0.676102
vt 0.715784 0.895631
vt 0.712928 0.895631
vt 0.717239 0.785867
vt 0.718694 0.676102
vt 0.718694 0.895631
vt 0.720177 0.785867
vt 0.721659 0.676102
vt 0.721659 0.895631
vt 0.723169 0.785867
vt 0.724679 0.676102
vt 0.724679 0.895631
vt 0.726216 0.785867
vt 0.727752 0.676102
vt 0.727752 0.895631
vt 0.729313 0.785867
vt 0.730875 0.676102
vt 0.730875 0.895631
vt 0.732459 0.785867
vt 0.734044 0.676102
vt 0.734044 0.895631
vt 0.735651 0.785867
vt 0.737257 0.676102
vt 0.737257 0.895631
vt 0.769832 0.785867
vt 0.802406 0.676102
vt 0.802406 0.895631
vt 0.804017 0.785867
vt 0.805628 0.676102
vt 0.805628 0.895631
vt 0.807226 0.785867
vt 0.808824 0.676102
vt 0.808824 0.895631
vt 0.810407 0.785867
vt 0.811989 0.676102
vt 0.811989 0.895631
vt 0.813553 0.785867
vt 0.815118 0.676102
vt 0.815118 0.895631
vt 0.816662 0.785867
vt 0.818206 0.676102
vt 0.818206 0.895631
vt 0.819729 0.785867
vt 0.821251 0.676102
vt 0.821251 0.895631
vt 0.822750 0.785867
vt 0.824250 0.676102
vt 0.824250 0.895631
vt 0.825726 0.785867
vt 0.827202 0.676102
vt 0.827202 0.895631
vt 0.896929 0.785867
vt 0.966656 0.676102
vt 0.966656 0.895631
vt 0.967620 0.785867
vt 0.968583 0.676102
vt 0.968583 0.895631
vt 0.969525 0.785867
vt 0.970467 0.676102
vt 0.970467 0.895631
vt 0.971389 0.785867
vt 0.972311 0.676102
vt 0.972311 0.895631
vt 0.002495 0.010938
vt 0.007634 0.004707
vt 0.009309 0.003509
vt 0.003533 0.009182
vt 0.004740 0.007552
vt 0.006109 0.006058
vt 0.001632 0.012813
vt 0.011128 0.002473
vt 0.000051 0.021328
vt 0.017384 0.000413
vt 0.019715 0.000105
vt 0.000113 0.023138
vt 0.022159 0.000000
vt 0.000454 0.016885
vt 0.013084 0.001605
vt 0.015172 0.000916
vt 0.000153 0.019064
vt 0.000950 0.014798
vt 0.001074 0.028802
vt 0.091736 0.000000
vt 0.000303 0.024989
vt 0.000622 0.026879
vt 0.128254 0.028802
vt 0.097697 0.000585
vt 0.100648 0.001295
vt 0.106396 0.003476
vt 0.103553 0.002263
vt 0.109157 0.004919
vt 0.114362 0.008436
vt 0.111819 0.006577
vt 0.116769 0.010481
vt 0.119021 0.012698
vt 0.121100 0.015073
vt 0.122987 0.017591
vt 0.124665 0.020237
vt 0.126114 0.022997
vt 0.143697 0.086431
vt 0.127317 0.025857
vt 0.147284 0.094991
vt 0.145836 0.092233
vt 0.144634 0.089374
vt 0.074791 0.303917
vt 0.148960 0.097636
vt 0.150846 0.100153
vt 0.094720 0.000149
vt 0.152923 0.102527
vt 0.075729 0.306862
vt 0.076931 0.309722
vt 0.078381 0.312482
vt 0.080058 0.315128
vt 0.081946 0.317646
vt 0.162779 0.110306
vt 0.160119 0.108647
vt 0.157578 0.106788
vt 0.084025 0.320021
vt 0.165538 0.111749
vt 0.393429 0.000000
vt 0.421990 0.106593
vt 0.262162 0.106593
vt 0.233600 0.000000
vt 0.155173 0.104743
vt 0.111311 0.332719
vt 0.088684 0.324283
vt 0.086277 0.322238
vt 0.091227 0.326142
vt 0.093889 0.327800
vt 0.099493 0.330456
vt 0.102399 0.331424
vt 0.096650 0.329243
vt 0.105349 0.332134
vt 0.108326 0.332570
vt 0.168379 0.112963
vt 0.174232 0.114644
vt 0.171283 0.113932
vt 0.180190 0.115233
vt 0.177207 0.115082
vt 0.795206 0.050989
vt 0.752689 0.112196
vt 0.751278 0.110947
vt 0.793524 0.050030
vt 0.333662 0.227090
vt 0.209580 0.111862
vt 0.211609 0.110418
vt 0.204973 0.114006
vt 0.207363 0.113060
vt 0.331769 0.453710
vt 0.196912 0.115248
vt 0.199743 0.115108
vt 0.254431 0.332719
vt 0.257436 0.332558
vt 0.273312 0.323140
vt 0.260296 0.332080
vt 0.269898 0.327209
vt 0.271737 0.325302
vt 0.267813 0.328850
vt 0.265505 0.330216
vt 0.262993 0.331296
vt 0.787005 0.209744
vt 0.743556 0.160092
vt 0.292669 0.003387
vt 0.294886 0.002188
vt 0.287218 0.008421
vt 0.288818 0.006511
vt 0.290640 0.004830
vt 0.297276 0.001243
vt 0.299821 0.000557
vt 0.302506 0.000141
vt 0.305312 0.000000
vt 0.748063 0.155445
vt 0.792076 0.206116
vt 0.248326 0.150195
vt 0.202469 0.203408
vt 0.349540 0.217673
vt 0.352544 0.217511
vt 0.339161 0.221380
vt 0.215032 0.106828
vt 0.341470 0.220015
vt 0.337077 0.223022
vt 0.461949 0.028802
vt 0.374466 0.218096
vt 0.371489 0.217660
vt 0.138522 0.053138
vt 0.170697 0.203415
vt 0.169015 0.204374
vt 0.135769 0.052735
vt 0.377416 0.218806
vt 0.343983 0.218935
vt 0.425431 0.000000
vt 0.428415 0.000149
vt 0.431392 0.000585
vt 0.434343 0.001295
vt 0.437248 0.002263
vt 0.440091 0.003476
vt 0.442852 0.004919
vt 0.445514 0.006577
vt 0.448057 0.008436
vt 0.450464 0.010481
vt 0.452716 0.012698
vt 0.383165 0.220988
vt 0.380322 0.219775
vt 0.385926 0.222430
vt 0.391131 0.225947
vt 0.388588 0.224088
vt 0.393538 0.227993
vt 0.454795 0.015073
vt 0.456682 0.017591
vt 0.458360 0.020237
vt 0.459809 0.022997
vt 0.461012 0.025857
vt 0.395790 0.230210
vt 0.397869 0.232585
vt 0.399757 0.235102
vt 0.401434 0.237748
vt 0.535667 0.303917
vt 0.404086 0.243368
vt 0.402884 0.240509
vt 0.420459 0.303917
vt 0.405024 0.246313
vt 0.424049 0.312482
vt 0.425727 0.315128
vt 0.422600 0.309722
vt 0.421397 0.306862
vt 0.456978 0.332719
vt 0.431945 0.322238
vt 0.427614 0.317646
vt 0.429693 0.320021
vt 0.434352 0.324283
vt 0.445161 0.330456
vt 0.442318 0.329243
vt 0.439557 0.327800
vt 0.448066 0.331424
vt 0.451017 0.332134
vt 0.436895 0.326142
vt 0.535792 0.317920
vt 0.523657 0.331114
vt 0.536287 0.315834
vt 0.536119 0.305840
vt 0.514583 0.332719
vt 0.534246 0.321781
vt 0.527432 0.329210
vt 0.535110 0.319905
vt 0.525613 0.330246
vt 0.533208 0.323537
vt 0.529107 0.328012
vt 0.536439 0.307729
vt 0.536628 0.309581
vt 0.517026 0.332615
vt 0.536691 0.311391
vt 0.521570 0.331803
vt 0.536589 0.313654
vt 0.519357 0.332306
vt 0.453993 0.332570
vt 0.530632 0.326661
vt 0.532001 0.325167
vt 0.529107 0.344412
vt 0.534246 0.350643
vt 0.527432 0.343214
vt 0.532001 0.347256
vt 0.533208 0.348886
vt 0.530632 0.345762
vt 0.535110 0.352518
vt 0.525614 0.342177
vt 0.519358 0.340117
vt 0.536691 0.361032
vt 0.517026 0.339809
vt 0.536628 0.362842
vt 0.514583 0.339705
vt 0.523657 0.341310
vt 0.536287 0.356589
vt 0.521570 0.340620
vt 0.536589 0.358769
vt 0.535792 0.354503
vt 0.535667 0.368507
vt 0.445006 0.339705
vt 0.536439 0.364694
vt 0.536119 0.366583
vt 0.408487 0.368507
vt 0.436094 0.340999
vt 0.439044 0.340290
vt 0.430346 0.343181
vt 0.433188 0.341968
vt 0.427584 0.344623
vt 0.422379 0.348140
vt 0.424923 0.346281
vt 0.419973 0.350186
vt 0.417720 0.352403
vt 0.415642 0.354778
vt 0.413754 0.357295
vt 0.412077 0.359942
vt 0.410628 0.362702
vt 0.393045 0.426136
vt 0.409425 0.365562
vt 0.389458 0.434696
vt 0.390906 0.431937
vt 0.392108 0.429079
vt 0.387782 0.437341
vt 0.461950 0.643622
vt 0.385896 0.439857
vt 0.442021 0.339853
vt 0.383819 0.442231
vt 0.461013 0.646567
vt 0.459810 0.649426
vt 0.458361 0.652186
vt 0.456683 0.654833
vt 0.454796 0.657350
vt 0.373962 0.450010
vt 0.376622 0.448352
vt 0.379163 0.446493
vt 0.452717 0.659725
vt 0.371203 0.451453
vt 0.381568 0.444448
vt 0.448058 0.663988
vt 0.425431 0.672424
vt 0.450465 0.661942
vt 0.445514 0.665847
vt 0.442853 0.667505
vt 0.437248 0.670160
vt 0.434343 0.671129
vt 0.440091 0.668947
vt 0.431392 0.671839
vt 0.428415 0.672275
vt 0.368362 0.452667
vt 0.362510 0.454348
vt 0.365458 0.453637
vt 0.356551 0.454938
vt 0.359534 0.454787
vt 0.213432 0.108738
vt 0.335237 0.224928
vt 0.327161 0.451566
vt 0.329379 0.452765
vt 0.154601 0.055573
vt 0.164687 0.114604
vt 0.162916 0.115612
vt 0.151731 0.054881
vt 0.339830 0.454953
vt 0.279306 0.672262
vt 0.276445 0.671784
vt 0.202427 0.114691
vt 0.266844 0.666913
vt 0.265004 0.665006
vt 0.268928 0.668554
vt 0.271236 0.669920
vt 0.273749 0.671000
vt 0.241855 0.341893
vt 0.244073 0.343091
vt 0.247924 0.346215
vt 0.246101 0.344535
vt 0.239465 0.340947
vt 0.234236 0.339845
vt 0.236920 0.340262
vt 0.346679 0.218151
vt 0.368505 0.217511
vt 0.184197 0.557216
vt 0.197580 0.561085
vt 0.195272 0.559719
vt 0.162275 0.557801
vt 0.074792 0.368507
vt 0.165252 0.557364
vt 0.159325 0.558511
vt 0.192759 0.558639
vt 0.108326 0.339853
vt 0.111311 0.339705
vt 0.105349 0.340290
vt 0.099493 0.341968
vt 0.102399 0.340999
vt 0.096651 0.343181
vt 0.091228 0.346281
vt 0.093889 0.344623
vt 0.088684 0.348140
vt 0.086277 0.350186
vt 0.084025 0.352403
vt 0.156419 0.559479
vt 0.153577 0.560692
vt 0.150815 0.562135
vt 0.148154 0.563793
vt 0.145610 0.565652
vt 0.143203 0.567697
vt 0.081946 0.354778
vt 0.080059 0.357295
vt 0.078382 0.359942
vt 0.075730 0.365562
vt 0.076932 0.362702
vt 0.140951 0.569914
vt 0.138872 0.572289
vt 0.136985 0.574807
vt 0.135307 0.577453
vt 0.132655 0.583073
vt 0.001074 0.643622
vt 0.133858 0.580213
vt 0.116282 0.643622
vt 0.131717 0.586018
vt 0.112692 0.652186
vt 0.111015 0.654833
vt 0.114142 0.649426
vt 0.115344 0.646567
vt 0.079764 0.672424
vt 0.104796 0.661942
vt 0.109127 0.657350
vt 0.107048 0.659725
vt 0.102389 0.663988
vt 0.094423 0.668947
vt 0.091581 0.670160
vt 0.097185 0.667505
vt 0.088675 0.671129
vt 0.085725 0.671839
vt 0.099846 0.665847
vt 0.013084 0.670818
vt 0.000950 0.657625
vt 0.000454 0.655538
vt 0.000622 0.645545
vt 0.022159 0.672424
vt 0.009310 0.668914
vt 0.002495 0.661485
vt 0.001632 0.659610
vt 0.011128 0.669951
vt 0.003534 0.663242
vt 0.007634 0.667716
vt 0.000303 0.647434
vt 0.000113 0.649285
vt 0.019715 0.672319
vt 0.000051 0.651095
vt 0.015172 0.671508
vt 0.000153 0.653359
vt 0.017384 0.672011
vt 0.082748 0.672275
vt 0.006109 0.666366
vt 0.004740 0.664871
vt 0.000905 0.790287
vt 0.000000 0.679425
vt 0.001811 0.679425
vt 0.001811 0.901149
vt 0.000000 0.901149
vt 0.002944 0.790287
vt 0.004077 0.679425
vt 0.004077 0.901149
vt 0.005177 0.790287
vt 0.006277 0.679425
vt 0.006277 0.901149
vt 0.007349 0.790287
vt 0.008421 0.679425
vt 0.008421 0.901149
vt 0.009471 0.790287
vt 0.010521 0.679425
vt 0.010521 0.901149
vt 0.011553 0.790287
vt 0.012585 0.679425
vt 0.012585 0.901149
vt 0.013605 0.790287
vt 0.014625 0.679425
vt 0.014625 0.901149
vt 0.015639 0.790287
vt 0.016653 0.679425
vt 0.016653 0.901149
vt 0.017667 0.790287
vt 0.018680 0.679425
vt 0.018680 0.901149
vt 0.019699 0.790287
vt 0.020717 0.679425
vt 0.020717 0.901149
vt 0.021747 0.790287
vt 0.022776 0.679425
vt 0.022776 0.901149
vt 0.023823 0.790287
vt 0.024870 0.679425
vt 0.024870 0.901149
vt 0.025940 0.790287
vt 0.027010 0.679425
vt 0.027010 0.901149
vt 0.028109 0.790287
vt 0.029208 0.679425
vt 0.029208 0.901149
vt 0.030342 0.790287
vt 0.031477 0.679425
vt 0.031477 0.901149
vt 0.032653 0.790287
vt 0.033828 0.679425
vt 0.033828 0.901149
vt 0.035051 0.790287
vt 0.036274 0.679425
vt 0.036274 0.901149
vt 0.065077 0.790287
vt 0.093879 0.679425
vt 0.093879 0.901149
vt 0.095373 0.790287
vt 0.096867 0.679425
vt 0.096867 0.901149
vt 0.098371 0.790287
vt 0.099876 0.679425
vt 0.099876 0.901149
vt 0.101393 0.790287
vt 0.102910 0.679425
vt 0.102910 0.901149
vt 0.104441 0.790287
vt 0.105973 0.679425
vt 0.105973 0.901149
vt 0.107518 0.790287
vt 0.109063 0.679425
vt 0.109063 0.901149
vt 0.110621 0.790287
vt 0.112179 0.679425
vt 0.112179 0.901149
vt 0.113747 0.790287
vt 0.115314 0.679425
vt 0.115314 0.901149
vt 0.116890 0.790287
vt 0.118465 0.679425
vt 0.118465 0.901149
vt 0.120044 0.790287
vt 0.121623 0.679425
vt 0.121623 0.901149
vt 0.123204 0.790287
vt 0.124784 0.679425
vt 0.124784 0.901149
vt 0.126362 0.790287
vt 0.127940 0.679425
vt 0.127940 0.901149
vt 0.129513 0.790287
vt 0.131087 0.679425
vt 0.131087 0.901149
vt 0.132653 0.790287
vt 0.134220 0.679425
vt 0.134220 0.901149
vt 0.135779 0.790287
vt 0.137337 0.679425
vt 0.137337 0.901149
vt 0.138888 0.790287
vt 0.140440 0.679425
vt 0.140440 0.901149
vt 0.141985 0.790287
vt 0.143530 0.679425
vt 0.143530 0.901149
vt 0.173348 0.790287
vt 0.203166 0.679425
vt 0.203166 0.901149
vt 0.204711 0.790287
vt 0.206257 0.679425
vt 0.206257 0.901149
vt 0.207808 0.790287
vt 0.209359 0.679425
vt 0.209359 0.901149
vt 0.210918 0.790287
vt 0.212477 0.679425
vt 0.212477 0.901149
vt 0.214043 0.790287
vt 0.215610 0.679425
vt 0.215610 0.901149
vt 0.217183 0.790287
vt 0.218756 0.679425
vt 0.218756 0.901149
vt 0.220335 0.790287
vt 0.221913 0.679425
vt 0.221913 0.901149
vt 0.223493 0.790287
vt 0.225073 0.679425
vt 0.225073 0.901149
vt 0.226652 0.790287
vt 0.228232 0.679425
vt 0.228232 0.901149
vt 0.229807 0.790287
vt 0.231382 0.679425
vt 0.231382 0.901149
vt 0.232950 0.790287
vt 0.234518 0.679425
vt 0.234518 0.901149
vt 0.236076 0.790287
vt 0.237633 0.679425
vt 0.237633 0.901149
vt 0.239179 0.790287
vt 0.240724 0.679425
vt 0.240724 0.901149
vt 0.242255 0.790287
vt 0.243787 0.679425
vt 0.243787 0.901149
vt 0.245304 0.790287
vt 0.246821 0.679425
vt 0.246821 0.901149
vt 0.248326 0.790287
vt 0.249830 0.679425
vt 0.249830 0.901149
vt 0.251324 0.790287
vt 0.252818 0.679425
vt 0.252818 0.901149
vt 0.260799 0.790287
vt 0.268779 0.679425
vt 0.268779 0.901149
vt 0.270283 0.790287
vt 0.271787 0.679425
vt 0.271787 0.901149
vt 0.273238 0.790287
vt 0.274688 0.679425
vt 0.274688 0.901149
vt 0.276092 0.790287
vt 0.277496 0.679425
vt 0.277496 0.901149
vt 0.278864 0.790287
vt 0.280231 0.679425
vt 0.280231 0.901149
vt 0.281572 0.790287
vt 0.282913 0.679425
vt 0.282913 0.901149
vt 0.284240 0.790287
vt 0.285566 0.679425
vt 0.285566 0.901149
vt 0.286891 0.790287
vt 0.288216 0.679425
vt 0.288216 0.901149
vt 0.289553 0.790287
vt 0.290890 0.679425
vt 0.290890 0.901149
vt 0.347608 0.790287
vt 0.404326 0.679425
vt 0.404326 0.901149
vt 0.405664 0.790287
vt 0.407001 0.679425
vt 0.407001 0.901149
vt 0.408326 0.790287
vt 0.409651 0.679425
vt 0.409651 0.901149
vt 0.410977 0.790287
vt 0.412303 0.679425
vt 0.412303 0.901149
vt 0.413645 0.790287
vt 0.414986 0.679425
vt 0.414986 0.901149
vt 0.416353 0.790287
vt 0.417720 0.679425
vt 0.417720 0.901149
vt 0.419124 0.790287
vt 0.420528 0.679425
vt 0.420528 0.901149
vt 0.421979 0.790287
vt 0.423429 0.679425
vt 0.423429 0.901149
vt 0.424933 0.790287
vt 0.426437 0.679425
vt 0.426437 0.901149
vt 0.497998 0.790287
vt 0.569558 0.679425
vt 0.569558 0.901149
vt 0.545193 0.110878
vt 0.543699 0.000016
vt 0.546687 0.000016
vt 0.546687 0.221740
vt 0.543699 0.221740
vt 0.548192 0.110878
vt 0.549696 0.000016
vt 0.549696 0.221740
vt 0.551213 0.110878
vt 0.552731 0.000016
vt 0.552731 0.221740
vt 0.554262 0.110878
vt 0.555794 0.000016
vt 0.555794 0.221740
vt 0.557339 0.110878
vt 0.558884 0.000016
vt 0.558884 0.221740
vt 0.560442 0.110878
vt 0.562000 0.000016
vt 0.562000 0.221740
vt 0.563568 0.110878
vt 0.565136 0.000016
vt 0.565136 0.221740
vt 0.566711 0.110878
vt 0.568286 0.000016
vt 0.568286 0.221740
vt 0.569865 0.110878
vt 0.571445 0.000016
vt 0.571445 0.221740
vt 0.573025 0.110878
vt 0.574605 0.000016
vt 0.574605 0.221740
vt 0.576183 0.110878
vt 0.577761 0.000016
vt 0.577761 0.221740
vt 0.579335 0.110878
vt 0.580908 0.000016
vt 0.580908 0.221740
vt 0.582475 0.110878
vt 0.584041 0.000016
vt 0.584041 0.221740
vt 0.585600 0.110878
vt 0.587159 0.000016
vt 0.587159 0.221740
vt 0.588710 0.110878
vt 0.590261 0.000016
vt 0.590261 0.221740
vt 0.591806 0.110878
vt 0.593351 0.000016
vt 0.593351 0.221740
vt 0.735762 0.110878
vt 0.878172 0.000016
vt 0.878172 0.221740
vt 0.879159 0.110878
vt 0.880147 0.000016
vt 0.880147 0.221740
vt 0.881105 0.110878
vt 0.882064 0.000016
vt 0.882064 0.221740
vt 0.882994 0.110878
vt 0.883925 0.000016
vt 0.883925 0.221740
vt 0.884830 0.110878
vt 0.885736 0.000016
vt 0.885736 0.221740
vt 0.886869 0.110878
vt 0.888002 0.000016
vt 0.888002 0.221740
vt 0.889102 0.110878
vt 0.890202 0.000016
vt 0.890202 0.221740
vt 0.891274 0.110878
vt 0.892346 0.000016
vt 0.892346 0.221740
vt 0.893396 0.110878
vt 0.894445 0.000016
vt 0.894445 0.221740
vt 0.895478 0.110878
vt 0.896510 0.000016
vt 0.896510 0.221740
vt 0.897530 0.110878
vt 0.898550 0.000016
vt 0.898550 0.221740
vt 0.899564 0.110878
vt 0.900578 0.000016
vt 0.900578 0.221740
vt 0.901591 0.110878
vt 0.902604 0.000016
vt 0.902604 0.221740
vt 0.903623 0.110878
vt 0.904642 0.000016
vt 0.904642 0.221740
vt 0.905671 0.110878
vt 0.906701 0.000016
vt 0.906701 0.221740
vt 0.907748 0.110878
vt 0.908794 0.000016
vt 0.908794 0.221740
vt 0.909864 0.110878
vt 0.910934 0.000016
vt 0.910934 0.221740
vt 0.912033 0.110878
vt 0.913133 0.000016
vt 0.913133 0.221740
vt 0.914267 0.110878
vt 0.915401 0.000016
vt 0.915401 0.221740
vt 0.916577 0.110878
vt 0.917753 0.000016
vt 0.917753 0.221740
vt 0.918976 0.110878
vt 0.920199 0.000016
vt 0.920199 0.221740
vt 0.954987 0.110878
vt 0.989776 0.000016
vt 0.989776 0.221740
vt 0.991270 0.110878
vt 0.992764 0.000016
vt 0.992764 0.221740
vt 0.994268 0.110878
vt 0.995773 0.000016
vt 0.995773 0.221740
vt 0.997290 0.110878
vt 0.998807 0.000016
vt 0.998807 0.221740
vt 0.545289 0.450582
vt 0.543758 0.339720
vt 0.546820 0.339720
vt 0.546820 0.561444
vt 0.543758 0.561444
vt 0.548366 0.450582
vt 0.549911 0.339720
vt 0.549911 0.561444
vt 0.551469 0.450582
vt 0.553026 0.339720
vt 0.553026 0.561444
vt 0.554594 0.450582
vt 0.556162 0.339720
vt 0.556162 0.561444
vt 0.557737 0.450582
vt 0.559313 0.339720
vt 0.559313 0.561444
vt 0.560892 0.450582
vt 0.562471 0.339720
vt 0.562471 0.561444
vt 0.564051 0.450582
vt 0.565631 0.339720
vt 0.565631 0.561444
vt 0.567210 0.450582
vt 0.568788 0.339720
vt 0.568788 0.561444
vt 0.570361 0.450582
vt 0.571934 0.339720
vt 0.571934 0.561444
vt 0.573501 0.450582
vt 0.575067 0.339720
vt 0.575067 0.561444
vt 0.576626 0.450582
vt 0.578185 0.339720
vt 0.578185 0.561444
vt 0.579736 0.450582
vt 0.581287 0.339720
vt 0.581287 0.561444
vt 0.582832 0.450582
vt 0.584378 0.339720
vt 0.584378 0.561444
vt 0.614209 0.450582
vt 0.644040 0.339720
vt 0.644040 0.561444
vt 0.645585 0.450582
vt 0.647129 0.339720
vt 0.647129 0.561444
vt 0.648679 0.450582
vt 0.650229 0.339720
vt 0.650229 0.561444
vt 0.651787 0.450582
vt 0.653345 0.339720
vt 0.653345 0.561444
vt 0.654911 0.450582
vt 0.656476 0.339720
vt 0.656476 0.561444
vt 0.658049 0.450582
vt 0.659621 0.339720
vt 0.659621 0.561444
vt 0.661198 0.450582
vt 0.662776 0.339720
vt 0.662776 0.561444
vt 0.664355 0.450582
vt 0.665934 0.339720
vt 0.665934 0.561444
vt 0.667513 0.450582
vt 0.669091 0.339720
vt 0.669091 0.561444
vt 0.670666 0.450582
vt 0.672240 0.339720
vt 0.672240 0.561444
vt 0.673807 0.450582
vt 0.675374 0.339720
vt 0.675374 0.561444
vt 0.676931 0.450582
vt 0.678488 0.339720
vt 0.678488 0.561444
vt 0.680033 0.450582
vt 0.681577 0.339720
vt 0.681577 0.561444
vt 0.683108 0.450582
vt 0.684639 0.339720
vt 0.684639 0.561444
vt 0.686155 0.450582
vt 0.687672 0.339720
vt 0.687672 0.561444
vt 0.689176 0.450582
vt 0.690680 0.339720
vt 0.690680 0.561444
vt 0.692173 0.450582
vt 0.693667 0.339720
vt 0.693667 0.561444
vt 0.702027 0.450582
vt 0.710388 0.339720
vt 0.710388 0.561444
vt 0.711805 0.450582
vt 0.713223 0.339720
vt 0.713223 0.561444
vt 0.714581 0.450582
vt 0.715939 0.339720
vt 0.715939 0.561444
vt 0.717257 0.450582
vt 0.718575 0.339720
vt 0.718575 0.561444
vt 0.719860 0.450582
vt 0.721145 0.339720
vt 0.721145 0.561444
vt 0.722406 0.450582
vt 0.723666 0.339720
vt 0.723666 0.561444
vt 0.724911 0.450582
vt 0.726156 0.339720
vt 0.726156 0.561444
vt 0.727396 0.450582
vt 0.728635 0.339720
vt 0.728635 0.561444
vt 0.729881 0.450582
vt 0.731127 0.339720
vt 0.731127 0.561444
vt 0.792149 0.450582
vt 0.853171 0.339720
vt 0.853171 0.561444
vt 0.854417 0.450582
vt 0.855663 0.339720
vt 0.855663 0.561444
vt 0.856902 0.450582
vt 0.858142 0.339720
vt 0.858142 0.561444
vt 0.859386 0.450582
vt 0.860631 0.339720
vt 0.860631 0.561444
vt 0.861892 0.450582
vt 0.863152 0.339720
vt 0.863152 0.561444
vt 0.864437 0.450582
vt 0.865722 0.339720
vt 0.865722 0.561444
vt 0.867040 0.450582
vt 0.868358 0.339720
vt 0.868358 0.561444
vt 0.869716 0.450582
vt 0.871074 0.339720
vt 0.871074 0.561444
vt 0.872479 0.450582
vt 0.873884 0.339720
vt 0.873884 0.561444
vt 0.933944 0.450582
vt 0.994003 0.339720
vt 0.994003 0.561444
vt 0.995497 0.450582
vt 0.996991 0.339720
vt 0.996991 0.561444
vt 0.998496 0.450582
vt 1.000000 0.339720
vt 1.000000 0.561444
vt 0.578055 0.790287
vt 0.576537 0.679425
vt 0.579572 0.679425
vt 0.579572 0.901149
vt 0.576537 0.901149
vt 0.581103 0.790287
vt 0.582635 0.679425
vt 0.582635 0.901149
vt 0.584180 0.790287
vt 0.585725 0.679425
vt 0.585725 0.901149
vt 0.587283 0.790287
vt 0.588841 0.679425
vt 0.588841 0.901149
vt 0.590409 0.790287
vt 0.591976 0.679425
vt 0.591976 0.901149
vt 0.593552 0.790287
vt 0.595127 0.679425
vt 0.595127 0.901149
vt 0.596706 0.790287
vt 0.598285 0.679425
vt 0.598285 0.901149
vt 0.599866 0.790287
vt 0.601446 0.679425
vt 0.601446 0.901149
vt 0.603024 0.790287
vt 0.604602 0.679425
vt 0.604602 0.901149
vt 0.606175 0.790287
vt 0.607748 0.679425
vt 0.607748 0.901149
vt 0.609315 0.790287
vt 0.610882 0.679425
vt 0.610882 0.901149
vt 0.612440 0.790287
vt 0.613999 0.679425
vt 0.613999 0.901149
vt 0.615550 0.790287
vt 0.617101 0.679425
vt 0.617101 0.901149
vt 0.618647 0.790287
vt 0.620192 0.679425
vt 0.620192 0.901149
vt 0.762602 0.790287
vt 0.905012 0.679425
vt 0.905012 0.901149
vt 0.906000 0.790287
vt 0.906988 0.679425
vt 0.906988 0.901149
vt 0.907946 0.790287
vt 0.908904 0.679425
vt 0.908904 0.901149
vt 0.909835 0.790287
vt 0.910765 0.679425
vt 0.910765 0.901149
vt 0.014739 0.000893
vt 0.000393 0.016463
vt 0.012704 0.001565
vt 0.016896 0.000402
vt 0.000099 0.018588
vt 0.002382 0.010665
vt 0.007392 0.004590
vt 0.009025 0.003422
vt 0.001541 0.012493
vt 0.010797 0.002411
vt 0.000876 0.014429
vt 0.000000 0.020795
vt 0.019168 0.000102
vt 0.089269 0.000000
vt 0.000995 0.028072
vt 0.021551 0.000000
vt 0.095077 0.000570
vt 0.092177 0.000145
vt 0.097951 0.001262
vt 0.100780 0.002206
vt 0.103547 0.003388
vt 0.000061 0.022557
vt 0.106235 0.004794
vt 0.000245 0.024360
vt 0.003394 0.008952
vt 0.004571 0.007363
vt 0.005905 0.005906
vt 0.126938 0.033758
vt 0.000555 0.026199
vt 0.108825 0.006410
vt 0.111299 0.008222
vt 0.113641 0.010215
vt 0.124811 0.028072
vt 0.115831 0.012376
vt 0.117853 0.014690
vt 0.119689 0.017144
vt 0.121320 0.019724
vt 0.122730 0.022414
vt 0.123899 0.025201
vt 0.125767 0.030977
vt 0.129983 0.039017
vt 0.128349 0.036442
vt 0.154294 0.128621
vt 0.131821 0.041466
vt 0.133846 0.043777
vt 0.155440 0.124660
vt 0.136039 0.045935
vt 0.138383 0.047927
vt 0.157292 0.121128
vt 0.140859 0.049737
vt 0.143450 0.051351
vt 0.156281 0.122837
vt 0.154776 0.126591
vt 0.754150 0.115588
vt 0.767813 0.050239
vt 0.227295 0.053733
vt 0.237379 0.112770
vt 0.234478 0.112345
vt 0.225388 0.054578
vt 0.231570 0.112200
vt 0.216541 0.056143
vt 0.218923 0.056041
vt 0.221196 0.055741
vt 0.838715 0.116777
vt 0.837084 0.115612
vt 0.848269 0.054881
vt 0.851096 0.053938
vt 0.158467 0.119543
vt 0.146138 0.052756
vt 0.835313 0.114604
vt 0.845399 0.055573
vt 0.153962 0.134717
vt 0.153901 0.132943
vt 0.154150 0.136533
vt 0.073727 0.298867
vt 0.072814 0.296004
vt 0.074897 0.301647
vt 0.154466 0.138385
vt 0.076309 0.304332
vt 0.154000 0.130741
vt 0.154913 0.140271
vt 0.155825 0.143177
vt 0.077942 0.306906
vt 0.079781 0.309356
vt 0.081805 0.311667
vt 0.083998 0.313825
vt 0.108357 0.324033
vt 0.086342 0.315816
vt 0.088819 0.317626
vt 0.094097 0.320646
vt 0.096864 0.321827
vt 0.091410 0.319241
vt 0.102561 0.323462
vt 0.099691 0.322771
vt 0.105455 0.323888
vt 0.156996 0.145958
vt 0.159800 0.118090
vt 0.160398 0.056143
vt 0.175427 0.112200
vt 0.173048 0.112302
vt 0.170778 0.112601
vt 0.168624 0.113090
vt 0.839602 0.056143
vt 0.842504 0.055998
vt 0.833408 0.113761
vt 0.831376 0.113090
vt 0.160041 0.151216
vt 0.161879 0.153666
vt 0.158407 0.148642
vt 0.163904 0.155977
vt 0.166097 0.158135
vt 0.168441 0.160126
vt 0.170917 0.161936
vt 0.173508 0.163551
vt 0.176196 0.164956
vt 0.181789 0.167081
vt 0.184659 0.167773
vt 0.187554 0.168198
vt 0.190456 0.168343
vt 0.178962 0.166138
vt 0.246599 0.168343
vt 0.223353 0.055250
vt 0.236454 0.016464
vt 0.250800 0.000893
vt 0.236160 0.018589
vt 0.252957 0.000402
vt 0.236060 0.020796
vt 0.255229 0.000102
vt 0.236121 0.022558
vt 0.257612 0.000000
vt 0.236305 0.024361
vt 0.236615 0.026200
vt 0.237098 0.028115
vt 0.236936 0.014430
vt 0.248765 0.001565
vt 0.237601 0.012494
vt 0.246858 0.002411
vt 0.237537 0.029982
vt 0.237847 0.031816
vt 0.238092 0.035372
vt 0.238031 0.033614
vt 0.245085 0.003422
vt 0.238443 0.010666
vt 0.161285 0.116777
vt 0.148904 0.053938
vt 0.762621 0.112770
vt 0.772705 0.053733
vt 0.774612 0.054578
vt 0.776647 0.055250
vt 0.768430 0.112200
vt 0.765522 0.112345
vt 0.740105 0.106690
vt 0.737845 0.106593
vt 0.785792 0.039590
vt 0.786423 0.041426
vt 0.237699 0.039696
vt 0.258143 0.124576
vt 0.237216 0.041727
vt 0.255950 0.122415
vt 0.236551 0.043659
vt 0.234698 0.047196
vt 0.248538 0.116994
vt 0.233521 0.048784
vt 0.232187 0.050239
vt 0.245850 0.115588
vt 0.251130 0.118610
vt 0.235710 0.045485
vt 0.253606 0.120421
vt 0.237993 0.037575
vt 0.243452 0.004590
vt 0.414294 0.000000
vt 0.260169 0.126890
vt 0.420103 0.000570
vt 0.417203 0.000145
vt 0.422976 0.001262
vt 0.425805 0.002206
vt 0.428573 0.003388
vt 0.431260 0.004794
vt 0.241965 0.005907
vt 0.239455 0.008953
vt 0.433850 0.006410
vt 0.436325 0.008222
vt 0.240631 0.007364
vt 0.438667 0.010215
vt 0.449837 0.028072
vt 0.440857 0.012376
vt 0.442879 0.014690
vt 0.444715 0.017144
vt 0.446346 0.019724
vt 0.447756 0.022414
vt 0.448925 0.025201
vt 0.262009 0.129344
vt 0.263645 0.131923
vt 0.265060 0.134614
vt 0.257353 0.165933
vt 0.259125 0.164922
vt 0.405354 0.324033
vt 0.255446 0.166778
vt 0.248981 0.168241
vt 0.251254 0.167941
vt 0.253411 0.167450
vt 0.260758 0.163755
vt 0.262245 0.162439
vt 0.263579 0.160983
vt 0.264756 0.159396
vt 0.267156 0.140315
vt 0.266236 0.137401
vt 0.267595 0.142181
vt 0.267905 0.144016
vt 0.732726 0.153927
vt 0.504039 0.200171
vt 0.732243 0.151896
vt 0.268051 0.149775
vt 0.268150 0.147572
vt 0.495961 0.200171
vt 0.267757 0.151896
vt 0.268089 0.145814
vt 0.496403 0.202017
vt 0.493068 0.219995
vt 0.496717 0.203844
vt 0.496967 0.207424
vt 0.496904 0.209172
vt 0.496904 0.205649
vt 0.496718 0.210881
vt 0.417669 0.320738
vt 0.422975 0.315826
vt 0.419645 0.319331
vt 0.415509 0.321905
vt 0.410701 0.323491
vt 0.408087 0.323896
vt 0.413180 0.322825
vt 0.495979 0.214157
vt 0.495429 0.215714
vt 0.496409 0.212544
vt 0.494759 0.217209
vt 0.421419 0.317692
vt 0.493972 0.218638
vt 0.266609 0.155859
vt 0.267274 0.153927
vt 0.999607 0.016463
vt 0.985261 0.000893
vt 0.987296 0.001565
vt 0.999901 0.018588
vt 0.983104 0.000402
vt 0.992608 0.004590
vt 0.997618 0.010665
vt 0.990975 0.003422
vt 0.998459 0.012493
vt 0.989203 0.002411
vt 0.999124 0.014429
vt 1.000000 0.020795
vt 0.980832 0.000102
vt 0.999005 0.028072
vt 0.910731 0.000000
vt 0.978449 0.000000
vt 0.904923 0.000570
vt 0.907823 0.000145
vt 0.899220 0.002206
vt 0.902050 0.001262
vt 0.896453 0.003388
vt 0.999939 0.022557
vt 0.893765 0.004794
vt 0.999755 0.024360
vt 0.995429 0.007363
vt 0.996606 0.008952
vt 0.994095 0.005906
vt 0.873062 0.033758
vt 0.999445 0.026199
vt 0.891175 0.006410
vt 0.888701 0.008222
vt 0.886359 0.010215
vt 0.875189 0.028072
vt 0.884169 0.012376
vt 0.882147 0.014690
vt 0.880311 0.017144
vt 0.878680 0.019724
vt 0.876101 0.025201
vt 0.877270 0.022414
vt 0.874233 0.030977
vt 0.870017 0.039017
vt 0.871651 0.036442
vt 0.868179 0.041466
vt 0.845706 0.128621
vt 0.866154 0.043777
vt 0.863961 0.045935
vt 0.844560 0.124660
vt 0.861617 0.047927
vt 0.859141 0.049737
vt 0.842708 0.121128
vt 0.856550 0.051351
vt 0.843719 0.122837
vt 0.845224 0.126591
vt 0.157496 0.055998
vt 0.166592 0.113761
vt 0.783459 0.056143
vt 0.781077 0.056041
vt 0.778804 0.055741
vt 0.196792 0.201714
vt 0.245755 0.144510
vt 0.246486 0.146443
vt 0.198697 0.202160
vt 0.841533 0.119543
vt 0.853862 0.052756
vt 0.240252 0.113462
vt 0.229067 0.052722
vt 0.846038 0.134717
vt 0.846099 0.132943
vt 0.845850 0.136533
vt 0.927186 0.296004
vt 0.926273 0.298867
vt 0.925103 0.301647
vt 0.845534 0.138385
vt 0.923691 0.304332
vt 0.846000 0.130741
vt 0.844175 0.143177
vt 0.845087 0.140271
vt 0.922058 0.306906
vt 0.920219 0.309356
vt 0.918195 0.311667
vt 0.916002 0.313825
vt 0.913658 0.315816
vt 0.891643 0.324033
vt 0.911181 0.317626
vt 0.905903 0.320646
vt 0.903136 0.321827
vt 0.908590 0.319241
vt 0.900309 0.322771
vt 0.897439 0.323462
vt 0.894545 0.323888
vt 0.843004 0.145958
vt 0.840200 0.118090
vt 0.824573 0.112200
vt 0.826952 0.112302
vt 0.829222 0.112601
vt 0.838121 0.153666
vt 0.839959 0.151216
vt 0.841593 0.148642
vt 0.833903 0.158135
vt 0.836096 0.155977
vt 0.829083 0.161936
vt 0.831559 0.160126
vt 0.823804 0.164956
vt 0.826492 0.163551
vt 0.815341 0.167773
vt 0.818211 0.167081
vt 0.809544 0.168343
vt 0.812446 0.168198
vt 0.821038 0.166138
vt 0.753401 0.168343
vt 0.749200 0.000893
vt 0.763546 0.016464
vt 0.763840 0.018589
vt 0.763940 0.020796
vt 0.747043 0.000402
vt 0.763879 0.022558
vt 0.744771 0.000102
vt 0.763695 0.024361
vt 0.742388 0.000000
vt 0.763385 0.026200
vt 0.762902 0.028115
vt 0.751235 0.001565
vt 0.763064 0.014430
vt 0.753142 0.002411
vt 0.762399 0.012494
vt 0.762463 0.029982
vt 0.762153 0.031816
vt 0.761908 0.035372
vt 0.761969 0.033614
vt 0.754915 0.003422
vt 0.761557 0.010666
vt 0.243082 0.114406
vt 0.230700 0.051555
vt 0.731911 0.145814
vt 0.732095 0.144016
vt 0.749376 0.153754
vt 0.793861 0.205106
vt 0.741857 0.124576
vt 0.762301 0.039696
vt 0.762784 0.041727
vt 0.744050 0.122415
vt 0.763449 0.043659
vt 0.751462 0.116994
vt 0.765302 0.047196
vt 0.766479 0.048784
vt 0.748870 0.118610
vt 0.764290 0.045485
vt 0.746394 0.120421
vt 0.762007 0.037575
vt 0.756548 0.004590
vt 0.739831 0.126890
vt 0.579897 0.000570
vt 0.582797 0.000145
vt 0.574195 0.002206
vt 0.577024 0.001262
vt 0.571427 0.003388
vt 0.568740 0.004794
vt 0.758035 0.005907
vt 0.760545 0.008953
vt 0.566150 0.006410
vt 0.563675 0.008222
vt 0.759369 0.007364
vt 0.561333 0.010215
vt 0.559143 0.012376
vt 0.557121 0.014690
vt 0.555285 0.017144
vt 0.552244 0.022414
vt 0.553654 0.019724
vt 0.551075 0.025201
vt 0.737991 0.129344
vt 0.736355 0.131923
vt 0.740875 0.164922
vt 0.742647 0.165933
vt 0.744554 0.166778
vt 0.751019 0.168241
vt 0.746589 0.167450
vt 0.748746 0.167941
vt 0.265768 0.157685
vt 0.737755 0.162439
vt 0.739242 0.163755
vt 0.736421 0.160983
vt 0.732844 0.140315
vt 0.732405 0.142181
vt 0.731850 0.147572
vt 0.731949 0.149775
vt 0.503597 0.202017
vt 0.503283 0.203844
vt 0.503096 0.209172
vt 0.503033 0.207424
vt 0.503096 0.205649
vt 0.503282 0.210881
vt 0.582331 0.320738
vt 0.580355 0.319331
vt 0.584491 0.321905
vt 0.591913 0.323896
vt 0.589299 0.323491
vt 0.586820 0.322825
vt 0.504571 0.215714
vt 0.504021 0.214157
vt 0.503591 0.212544
vt 0.505241 0.217209
vt 0.578581 0.317692
vt 0.506028 0.218638
vt 0.000883 0.438102
vt 0.000003 0.330135
vt 0.001762 0.330135
vt 0.001762 0.546070
vt 0.000003 0.546070
vt 0.002666 0.438102
vt 0.003570 0.330135
vt 0.003570 0.546070
vt 0.004500 0.438102
vt 0.005430 0.330135
vt 0.005430 0.546070
vt 0.006389 0.438102
vt 0.007348 0.330135
vt 0.007348 0.546070
vt 0.008875 0.438102
vt 0.010403 0.330135
vt 0.010403 0.546070
vt 0.011916 0.438102
vt 0.013428 0.330135
vt 0.013428 0.546070
vt 0.014948 0.438102
vt 0.016468 0.330135
vt 0.016468 0.546070
vt 0.017995 0.438102
vt 0.019523 0.330135
vt 0.019523 0.546070
vt 0.021056 0.438102
vt 0.022589 0.330135
vt 0.022589 0.546070
vt 0.024127 0.438102
vt 0.025665 0.330135
vt 0.025665 0.546070
vt 0.027205 0.438102
vt 0.028744 0.330135
vt 0.028744 0.546070
vt 0.030283 0.438102
vt 0.031821 0.330135
vt 0.031821 0.546070
vt 0.033355 0.438102
vt 0.034890 0.330135
vt 0.034890 0.546070
vt 0.036417 0.438102
vt 0.037944 0.330135
vt 0.037944 0.546070
vt 0.039460 0.438102
vt 0.040977 0.330135
vt 0.040977 0.546070
vt 0.042482 0.438102
vt 0.043987 0.330135
vt 0.043987 0.546070
vt 0.045479 0.438102
vt 0.046970 0.330135
vt 0.046970 0.546070
vt 0.048448 0.438102
vt 0.049926 0.330135
vt 0.049926 0.546070
vt 0.051392 0.438102
vt 0.052857 0.330135
vt 0.052857 0.546070
vt 0.054313 0.438102
vt 0.055769 0.330135
vt 0.055769 0.546070
vt 0.083841 0.438102
vt 0.111913 0.330135
vt 0.111913 0.546070
vt 0.113103 0.438102
vt 0.114294 0.330135
vt 0.114294 0.546070
vt 0.115438 0.438102
vt 0.116583 0.330135
vt 0.116583 0.546070
vt 0.117687 0.438102
vt 0.118792 0.330135
vt 0.118792 0.546070
vt 0.119862 0.438102
vt 0.120932 0.330135
vt 0.120932 0.546070
vt 0.121973 0.438102
vt 0.123015 0.330135
vt 0.123015 0.546070
vt 0.124034 0.438102
vt 0.125053 0.330135
vt 0.125053 0.546070
vt 0.126055 0.438102
vt 0.127057 0.330135
vt 0.127057 0.546070
vt 0.128048 0.438102
vt 0.129039 0.330135
vt 0.129039 0.546070
vt 0.130025 0.438102
vt 0.131011 0.330135
vt 0.131011 0.546070
vt 0.131998 0.438102
vt 0.132984 0.330135
vt 0.132984 0.546070
vt 0.133977 0.438102
vt 0.134969 0.330135
vt 0.134969 0.546070
vt 0.135973 0.438102
vt 0.136978 0.330135
vt 0.136978 0.546070
vt 0.137998 0.438102
vt 0.139019 0.330135
vt 0.139019 0.546070
vt 0.140062 0.438102
vt 0.141105 0.330135
vt 0.141105 0.546070
vt 0.142176 0.438102
vt 0.143246 0.330135
vt 0.143246 0.546070
vt 0.144348 0.438102
vt 0.145450 0.330135
vt 0.145450 0.546070
vt 0.146338 0.438102
vt 0.147225 0.330135
vt 0.147225 0.546070
vt 0.148138 0.438102
vt 0.149050 0.330135
vt 0.149050 0.546070
vt 0.149990 0.438102
vt 0.150930 0.330135
vt 0.150930 0.546070
vt 0.151899 0.438102
vt 0.152868 0.330135
vt 0.152868 0.546070
vt 0.154391 0.438102
vt 0.155914 0.330135
vt 0.155914 0.546070
vt 0.157423 0.438102
vt 0.158931 0.330135
vt 0.158931 0.546070
vt 0.160448 0.438102
vt 0.161964 0.330135
vt 0.161964 0.546070
vt 0.163488 0.438102
vt 0.165013 0.330135
vt 0.165013 0.546070
vt 0.166544 0.438102
vt 0.168075 0.330135
vt 0.168075 0.546070
vt 0.169612 0.438102
vt 0.171148 0.330135
vt 0.171148 0.546070
vt 0.172686 0.438102
vt 0.174225 0.330135
vt 0.174225 0.546070
vt 0.175763 0.438102
vt 0.177300 0.330135
vt 0.177300 0.546070
vt 0.178834 0.438102
vt 0.180368 0.330135
vt 0.180368 0.546070
vt 0.181894 0.438102
vt 0.183420 0.330135
vt 0.183420 0.546070
vt 0.184937 0.438102
vt 0.186453 0.330135
vt 0.186453 0.546070
vt 0.187957 0.438102
vt 0.189461 0.330135
vt 0.189461 0.546070
vt 0.190952 0.438102
vt 0.192442 0.330135
vt 0.192442 0.546070
vt 0.193918 0.438102
vt 0.195394 0.330135
vt 0.195394 0.546070
vt 0.196857 0.438102
vt 0.198320 0.330135
vt 0.198320 0.546070
vt 0.199772 0.438102
vt 0.201225 0.330135
vt 0.201225 0.546070
vt 0.229296 0.438102
vt 0.257368 0.330135
vt 0.257368 0.546070
vt 0.258560 0.438102
vt 0.259753 0.330135
vt 0.259753 0.546070
vt 0.260899 0.438102
vt 0.262045 0.330135
vt 0.262045 0.546070
vt 0.263151 0.438102
vt 0.264257 0.330135
vt 0.264257 0.546070
vt 0.265328 0.438102
vt 0.266400 0.330135
vt 0.266400 0.546070
vt 0.267443 0.438102
vt 0.268486 0.330135
vt 0.268486 0.546070
vt 0.269506 0.438102
vt 0.270527 0.330135
vt 0.270527 0.546070
vt 0.271530 0.438102
vt 0.272534 0.330135
vt 0.272534 0.546070
vt 0.273526 0.438102
vt 0.274519 0.330135
vt 0.274519 0.546070
vt 0.275507 0.438102
vt 0.276494 0.330135
vt 0.276494 0.546070
vt 0.277482 0.438102
vt 0.278470 0.330135
vt 0.278470 0.546070
vt 0.279463 0.438102
vt 0.280457 0.330135
vt 0.280457 0.546070
vt 0.281463 0.438102
vt 0.282468 0.330135
vt 0.282468 0.546070
vt 0.283490 0.438102
vt 0.284512 0.330135
vt 0.284512 0.546070
vt 0.285555 0.438102
vt 0.286599 0.330135
vt 0.286599 0.546070
vt 0.287670 0.438102
vt 0.288741 0.330135
vt 0.288741 0.546070
vt 0.289843 0.438102
vt 0.290946 0.330135
vt 0.290946 0.546070
vt 0.297925 0.438102
vt 0.297037 0.330135
vt 0.298813 0.330135
vt 0.298813 0.546070
vt 0.297037 0.546070
vt 0.299688 0.438102
vt 0.300562 0.330135
vt 0.300562 0.546070
vt 0.301422 0.438102
vt 0.302281 0.330135
vt 0.302281 0.546070
vt 0.303127 0.438102
vt 0.303973 0.330135
vt 0.303973 0.546070
vt 0.304807 0.438102
vt 0.305642 0.330135
vt 0.305642 0.546070
vt 0.306467 0.438102
vt 0.307293 0.330135
vt 0.307293 0.546070
vt 0.308112 0.438102
vt 0.308932 0.330135
vt 0.308932 0.546070
vt 0.309747 0.438102
vt 0.310563 0.330135
vt 0.310563 0.546070
vt 0.311378 0.438102
vt 0.312193 0.330135
vt 0.312193 0.546070
vt 0.371558 0.438102
vt 0.430923 0.330135
vt 0.430923 0.546070
vt 0.432138 0.438102
vt 0.433352 0.330135
vt 0.433352 0.546070
vt 0.434560 0.438102
vt 0.435768 0.330135
vt 0.435768 0.546070
vt 0.436981 0.438102
vt 0.438193 0.330135
vt 0.438193 0.546070
vt 0.439421 0.438102
vt 0.440649 0.330135
vt 0.440649 0.546070
vt 0.441901 0.438102
vt 0.443152 0.330135
vt 0.443152 0.546070
vt 0.444436 0.438102
vt 0.445720 0.330135
vt 0.445720 0.546070
vt 0.447042 0.438102
vt 0.448365 0.330135
vt 0.448365 0.546070
vt 0.449733 0.438102
vt 0.451101 0.330135
vt 0.451101 0.546070
vt 0.599599 0.438102
vt 0.748098 0.330135
vt 0.748098 0.546070
vt 0.298516 0.660136
vt 0.297063 0.552168
vt 0.299968 0.552168
vt 0.299968 0.768103
vt 0.297063 0.768103
vt 0.301431 0.660136
vt 0.302894 0.552168
vt 0.302894 0.768103
vt 0.304370 0.660136
vt 0.305846 0.552168
vt 0.305846 0.768103
vt 0.307336 0.660136
vt 0.308826 0.552168
vt 0.308826 0.768103
vt 0.310330 0.660136
vt 0.311835 0.552168
vt 0.311835 0.768103
vt 0.313351 0.660136
vt 0.314867 0.552168
vt 0.314867 0.768103
vt 0.316394 0.660136
vt 0.317920 0.552168
vt 0.317920 0.768103
vt 0.319454 0.660136
vt 0.320988 0.552168
vt 0.320988 0.768103
vt 0.322525 0.660136
vt 0.324063 0.552168
vt 0.324063 0.768103
vt 0.325602 0.660136
vt 0.327140 0.552168
vt 0.327140 0.768103
vt 0.328676 0.660136
vt 0.330212 0.552168
vt 0.330212 0.768103
vt 0.331744 0.660136
vt 0.333275 0.552168
vt 0.333275 0.768103
vt 0.334800 0.660136
vt 0.336324 0.552168
vt 0.336324 0.768103
vt 0.337840 0.660136
vt 0.339357 0.552168
vt 0.339357 0.768103
vt 0.340865 0.660136
vt 0.342374 0.552168
vt 0.342374 0.768103
vt 0.343876 0.660136
vt 0.345378 0.552168
vt 0.345378 0.768103
vt 0.484074 0.660136
vt 0.622770 0.552168
vt 0.622770 0.768103
vt 0.623731 0.660136
vt 0.624693 0.552168
vt 0.624693 0.768103
vt 0.625625 0.660136
vt 0.626558 0.552168
vt 0.626558 0.768103
vt 0.627464 0.660136
vt 0.628370 0.552168
vt 0.628370 0.768103
vt 0.629251 0.660136
vt 0.630133 0.552168
vt 0.630133 0.768103
vt 0.631238 0.660136
vt 0.632342 0.552168
vt 0.632342 0.768103
vt 0.633415 0.660136
vt 0.634488 0.552168
vt 0.634488 0.768103
vt 0.635533 0.660136
vt 0.636578 0.552168
vt 0.636578 0.768103
vt 0.637602 0.660136
vt 0.638625 0.552168
vt 0.638625 0.768103
vt 0.639631 0.660136
vt 0.640638 0.552168
vt 0.640638 0.768103
vt 0.641632 0.660136
vt 0.642627 0.552168
vt 0.642627 0.768103
vt 0.643615 0.660136
vt 0.644604 0.552168
vt 0.644604 0.768103
vt 0.645592 0.660136
vt 0.646580 0.552168
vt 0.646580 0.768103
vt 0.647573 0.660136
vt 0.648566 0.552168
vt 0.648566 0.768103
vt 0.649569 0.660136
vt 0.650573 0.552168
vt 0.650573 0.768103
vt 0.651594 0.660136
vt 0.652614 0.552168
vt 0.652614 0.768103
vt 0.653657 0.660136
vt 0.654700 0.552168
vt 0.654700 0.768103
vt 0.655772 0.660136
vt 0.656843 0.552168
vt 0.656843 0.768103
vt 0.657949 0.660136
vt 0.659055 0.552168
vt 0.659055 0.768103
vt 0.660201 0.660136
vt 0.661347 0.552168
vt 0.661347 0.768103
vt 0.662539 0.660136
vt 0.663731 0.552168
vt 0.663731 0.768103
vt 0.697590 0.660136
vt 0.731450 0.552168
vt 0.731450 0.768103
vt 0.298492 0.882169
vt 0.297036 0.774202
vt 0.299948 0.774202
vt 0.299948 0.990137
vt 0.297036 0.990137
vt 0.301414 0.882169
vt 0.302879 0.774202
vt 0.302879 0.990137
vt 0.304357 0.882169
vt 0.305835 0.774202
vt 0.305835 0.990137
vt 0.307326 0.882169
vt 0.308817 0.774202
vt 0.308817 0.990137
vt 0.310322 0.882169
vt 0.311827 0.774202
vt 0.311827 0.990137
vt 0.313343 0.882169
vt 0.314860 0.774202
vt 0.314860 0.990137
vt 0.316386 0.882169
vt 0.317912 0.774202
vt 0.317912 0.990137
vt 0.319446 0.882169
vt 0.320979 0.774202
vt 0.320979 0.990137
vt 0.322517 0.882169
vt 0.324055 0.774202
vt 0.324055 0.990137
vt 0.325593 0.882169
vt 0.327132 0.774202
vt 0.327132 0.990137
vt 0.328668 0.882169
vt 0.330205 0.774202
vt 0.330205 0.990137
vt 0.331737 0.882169
vt 0.333270 0.774202
vt 0.333270 0.990137
vt 0.334796 0.882169
vt 0.336321 0.774202
vt 0.336321 0.990137
vt 0.337840 0.882169
vt 0.339359 0.774202
vt 0.339359 0.990137
vt 0.340870 0.882169
vt 0.342381 0.774202
vt 0.342381 0.990137
vt 0.343887 0.882169
vt 0.345393 0.774202
vt 0.345393 0.990137
vt 0.346923 0.882169
vt 0.348452 0.774202
vt 0.348452 0.990137
vt 0.349961 0.882169
vt 0.351469 0.774202
vt 0.351469 0.990137
vt 0.352985 0.882169
vt 0.354502 0.774202
vt 0.354502 0.990137
vt 0.356026 0.882169
vt 0.357551 0.774202
vt 0.357551 0.990137
vt 0.359082 0.882169
vt 0.360613 0.774202
vt 0.360613 0.990137
vt 0.362150 0.882169
vt 0.363686 0.774202
vt 0.363686 0.990137
vt 0.365224 0.882169
vt 0.366763 0.774202
vt 0.366763 0.990137
vt 0.368300 0.882169
vt 0.369838 0.774202
vt 0.369838 0.990137
vt 0.371372 0.882169
vt 0.372905 0.774202
vt 0.372905 0.990137
vt 0.374432 0.882169
vt 0.375958 0.774202
vt 0.375958 0.990137
vt 0.377475 0.882169
vt 0.378991 0.774202
vt 0.378991 0.990137
vt 0.380495 0.882169
vt 0.381999 0.774202
vt 0.381999 0.990137
vt 0.383490 0.882169
vt 0.384980 0.774202
vt 0.384980 0.990137
vt 0.386456 0.882169
vt 0.387932 0.774202
vt 0.387932 0.990137
vt 0.389395 0.882169
vt 0.390858 0.774202
vt 0.390858 0.990137
vt 0.392310 0.882169
vt 0.393763 0.774202
vt 0.393763 0.990137
vt 0.421834 0.882169
vt 0.449906 0.774202
vt 0.449906 0.990137
vt 0.451098 0.882169
vt 0.452291 0.774202
vt 0.452291 0.990137
vt 0.453437 0.882169
vt 0.454583 0.774202
vt 0.454583 0.990137
vt 0.455689 0.882169
vt 0.456795 0.774202
vt 0.456795 0.990137
vt 0.457866 0.882169
vt 0.458938 0.774202
vt 0.458938 0.990137
vt 0.459981 0.882169
vt 0.461024 0.774202
vt 0.461024 0.990137
vt 0.462044 0.882169
vt 0.463065 0.774202
vt 0.463065 0.990137
vt 0.464068 0.882169
vt 0.465072 0.774202
vt 0.465072 0.990137
vt 0.466064 0.882169
vt 0.467057 0.774202
vt 0.467057 0.990137
vt 0.468044 0.882169
vt 0.469032 0.774202
vt 0.469032 0.990137
vt 0.470020 0.882169
vt 0.471008 0.774202
vt 0.471008 0.990137
vt 0.472001 0.882169
vt 0.472995 0.774202
vt 0.472995 0.990137
vt 0.474001 0.882169
vt 0.475006 0.774202
vt 0.475006 0.990137
vt 0.476028 0.882169
vt 0.477050 0.774202
vt 0.477050 0.990137
vt 0.478093 0.882169
vt 0.479137 0.774202
vt 0.479137 0.990137
vt 0.480208 0.882169
vt 0.481278 0.774202
vt 0.481278 0.990137
vt 0.482381 0.882169
vt 0.483484 0.774202
vt 0.483484 0.990137
vt 0.484363 0.882169
vt 0.485242 0.774202
vt 0.485242 0.990137
vt 0.486146 0.882169
vt 0.487050 0.774202
vt 0.487050 0.990137
vt 0.487980 0.882169
vt 0.488910 0.774202
vt 0.488910 0.990137
vt 0.489869 0.882169
vt 0.490828 0.774202
vt 0.490828 0.990137
vt 0.491816 0.882169
vt 0.492803 0.774202
vt 0.492803 0.990137
vt 0.493736 0.882169
vt 0.494668 0.774202
vt 0.494668 0.990137
vt 0.495574 0.882169
vt 0.496480 0.774202
vt 0.496480 0.990137
vt 0.497361 0.882169
vt 0.498243 0.774202
vt 0.498243 0.990137
vt 0.499348 0.882169
vt 0.500452 0.774202
vt 0.500452 0.990137
vt 0.501525 0.882169
vt 0.502598 0.774202
vt 0.502598 0.990137
vt 0.503643 0.882169
vt 0.504689 0.774202
vt 0.504689 0.990137
vt 0.505712 0.882169
vt 0.506735 0.774202
vt 0.506735 0.990137
vt 0.507741 0.882169
vt 0.508748 0.774202
vt 0.508748 0.990137
vt 0.509743 0.882169
vt 0.510737 0.774202
vt 0.510737 0.990137
vt 0.511726 0.882169
vt 0.512714 0.774202
vt 0.512714 0.990137
vt 0.513702 0.882169
vt 0.514690 0.774202
vt 0.514690 0.990137
vt 0.515683 0.882169
vt 0.516676 0.774202
vt 0.516676 0.990137
vt 0.517680 0.882169
vt 0.518684 0.774202
vt 0.518684 0.990137
vt 0.519704 0.882169
vt 0.520725 0.774202
vt 0.520725 0.990137
vt 0.521768 0.882169
vt 0.522811 0.774202
vt 0.522811 0.990137
vt 0.523882 0.882169
vt 0.524954 0.774202
vt 0.524954 0.990137
vt 0.526060 0.882169
vt 0.527166 0.774202
vt 0.527166 0.990137
vt 0.528312 0.882169
vt 0.529458 0.774202
vt 0.529458 0.990137
vt 0.530650 0.882169
vt 0.531843 0.774202
vt 0.531843 0.990137
vt 0.610184 0.882169
vt 0.688525 0.774202
vt 0.688525 0.990137
vt 0.755646 0.438102
vt 0.754190 0.330135
vt 0.757102 0.330135
vt 0.757102 0.546070
vt 0.754190 0.546070
vt 0.758567 0.438102
vt 0.760033 0.330135
vt 0.760033 0.546070
vt 0.761511 0.438102
vt 0.762988 0.330135
vt 0.762988 0.546070
vt 0.764480 0.438102
vt 0.765971 0.330135
vt 0.765971 0.546070
vt 0.767476 0.438102
vt 0.768980 0.330135
vt 0.768980 0.546070
vt 0.770497 0.438102
vt 0.772013 0.330135
vt 0.772013 0.546070
vt 0.773540 0.438102
vt 0.775066 0.330135
vt 0.775066 0.546070
vt 0.776599 0.438102
vt 0.778133 0.330135
vt 0.778133 0.546070
vt 0.779671 0.438102
vt 0.781208 0.330135
vt 0.781208 0.546070
vt 0.782747 0.438102
vt 0.784285 0.330135
vt 0.784285 0.546070
vt 0.785822 0.438102
vt 0.787359 0.330135
vt 0.787359 0.546070
vt 0.788891 0.438102
vt 0.790423 0.330135
vt 0.790423 0.546070
vt 0.791949 0.438102
vt 0.793475 0.330135
vt 0.793475 0.546070
vt 0.794993 0.438102
vt 0.796512 0.330135
vt 0.796512 0.546070
vt 0.798023 0.438102
vt 0.799535 0.330135
vt 0.799535 0.546070
vt 0.801041 0.438102
vt 0.802547 0.330135
vt 0.802547 0.546070
vt 0.891633 0.438102
vt 0.980720 0.330135
vt 0.980720 0.546070
vt 0.981669 0.438102
vt 0.982617 0.330135
vt 0.982617 0.546070
vt 0.983545 0.438102
vt 0.984472 0.330135
vt 0.984472 0.546070
vt 0.985379 0.438102
vt 0.986286 0.330135
vt 0.986286 0.546070
vt 0.012061 0.001485
vt 0.000838 0.013687
vt 0.010252 0.002287
vt 0.013991 0.000847
vt 0.000380 0.015617
vt 0.016037 0.000382
vt 0.000101 0.017632
vt 0.003228 0.008492
vt 0.004344 0.006985
vt 0.005610 0.005603
vt 0.002267 0.010117
vt 0.007020 0.004354
vt 0.008570 0.003246
vt 0.001469 0.011851
vt 0.000007 0.019726
vt 0.018194 0.000097
vt 0.073730 0.000000
vt 0.000953 0.026639
vt 0.020453 0.000000
vt 0.076491 0.000138
vt 0.079244 0.000541
vt 0.081973 0.001198
vt 0.084660 0.002093
vt 0.087289 0.003215
vt 0.092305 0.006083
vt 0.089843 0.004549
vt 0.000064 0.021400
vt 0.094657 0.007802
vt 0.000240 0.023113
vt 0.000535 0.024860
vt 0.096883 0.009694
vt 0.107506 0.026639
vt 0.109486 0.032007
vt 0.098966 0.011745
vt 0.100889 0.013941
vt 0.102635 0.016270
vt 0.104186 0.018717
vt 0.105527 0.021270
vt 0.106639 0.023915
vt 0.108374 0.029362
vt 0.231340 0.000097
vt 0.213211 0.021400
vt 0.213153 0.019726
vt 0.110826 0.034560
vt 0.114124 0.039336
vt 0.116047 0.041532
vt 0.112378 0.037007
vt 0.213386 0.023113
vt 0.225207 0.001485
vt 0.213526 0.015617
vt 0.213984 0.013687
vt 0.213247 0.017632
vt 0.227138 0.000847
vt 0.213681 0.024860
vt 0.214099 0.026639
vt 0.805408 0.053276
vt 0.757461 0.120280
vt 0.756830 0.118444
vt 0.803148 0.053179
vt 0.214517 0.028417
vt 0.229184 0.000382
vt 0.118130 0.043582
vt 0.120356 0.045474
vt 0.069132 0.281084
vt 0.122708 0.047193
vt 0.163673 0.209620
vt 0.125170 0.048727
vt 0.829309 0.203415
vt 0.861485 0.053138
vt 0.864238 0.052735
vt 0.830991 0.204374
vt 0.194882 0.201391
vt 0.245158 0.142548
vt 0.835217 0.208113
vt 0.872283 0.050061
vt 0.168237 0.557216
vt 0.827500 0.202613
vt 0.858725 0.053276
vt 0.790564 0.047674
vt 0.748047 0.108880
vt 0.746238 0.108078
vt 0.789298 0.046292
vt 0.800992 0.052894
vt 0.756031 0.116710
vt 0.791974 0.048922
vt 0.749729 0.109839
vt 0.244935 0.115085
vt 0.243975 0.116710
vt 0.199015 0.052894
vt 0.201061 0.052429
vt 0.160452 0.220854
vt 0.160547 0.218761
vt 0.160826 0.216745
vt 0.162713 0.211245
vt 0.160510 0.222528
vt 0.070000 0.283808
vt 0.071112 0.286452
vt 0.072452 0.289005
vt 0.074004 0.291453
vt 0.160981 0.225988
vt 0.160685 0.224241
vt 0.161915 0.212979
vt 0.161284 0.214815
vt 0.161399 0.227767
vt 0.930874 0.281084
vt 0.897099 0.307722
vt 0.824322 0.281084
vt 0.838608 0.227767
vt 0.075749 0.293781
vt 0.077672 0.295977
vt 0.079755 0.298028
vt 0.081981 0.299920
vt 0.102907 0.307722
vt 0.086795 0.303172
vt 0.084333 0.301639
vt 0.089348 0.304507
vt 0.091977 0.305628
vt 0.097394 0.307180
vt 0.094665 0.306524
vt 0.164577 0.306237
vt 0.175800 0.294035
vt 0.166386 0.305435
vt 0.156184 0.307722
vt 0.175685 0.281084
vt 0.162647 0.306875
vt 0.176258 0.292106
vt 0.100147 0.307584
vt 0.158444 0.307625
vt 0.176631 0.287997
vt 0.160600 0.307340
vt 0.176537 0.290090
vt 0.176573 0.286323
vt 0.241948 0.129705
vt 0.180899 0.201129
vt 0.178639 0.201225
vt 0.242661 0.133232
vt 0.192975 0.201195
vt 0.191076 0.201129
vt 0.242243 0.131453
vt 0.172506 0.202613
vt 0.141282 0.053276
vt 0.174437 0.201975
vt 0.176483 0.201510
vt 0.241715 0.126319
vt 0.167466 0.205482
vt 0.133040 0.052078
vt 0.757345 0.133232
vt 0.807032 0.201195
vt 0.805125 0.201391
vt 0.754849 0.142548
vt 0.754251 0.144510
vt 0.803215 0.201714
vt 0.753520 0.146443
vt 0.801310 0.202160
vt 0.752661 0.148340
vt 0.799415 0.202726
vt 0.750583 0.152001
vt 0.751680 0.150195
vt 0.797538 0.203408
vt 0.795684 0.204202
vt 0.175169 0.295871
vt 0.168068 0.304476
vt 0.176103 0.282863
vt 0.176398 0.284610
vt 0.174370 0.297605
vt 0.169618 0.303368
vt 0.171028 0.302119
vt 0.173410 0.299230
vt 0.172294 0.300737
vt 0.334705 0.181219
vt 0.157387 0.273667
vt 0.214615 0.011851
vt 0.223398 0.002287
vt 0.220167 0.004354
vt 0.215413 0.010117
vt 0.216374 0.008492
vt 0.217490 0.006985
vt 0.218756 0.005603
vt 0.215046 0.033551
vt 0.214988 0.031877
vt 0.214952 0.035645
vt 0.214813 0.030165
vt 0.214673 0.037660
vt 0.221716 0.003246
vt 0.578017 0.106593
vt 0.606578 0.000000
vt 0.766407 0.000000
vt 0.242088 0.122210
vt 0.194599 0.053276
vt 0.242546 0.120280
vt 0.241772 0.127993
vt 0.241809 0.124225
vt 0.396189 0.000138
vt 0.398942 0.000541
vt 0.401670 0.001198
vt 0.404358 0.002093
vt 0.406987 0.003215
vt 0.409541 0.004549
vt 0.414354 0.007802
vt 0.412002 0.006083
vt 0.416580 0.009694
vt 0.427203 0.026639
vt 0.418663 0.011745
vt 0.420586 0.013941
vt 0.422332 0.016270
vt 0.423883 0.018717
vt 0.425224 0.021270
vt 0.426336 0.023915
vt 0.441490 0.079956
vt 0.441908 0.081734
vt 0.440176 0.096477
vt 0.435423 0.102240
vt 0.433874 0.103347
vt 0.439216 0.098101
vt 0.436833 0.100991
vt 0.440974 0.094743
vt 0.432192 0.104306
vt 0.426406 0.106211
vt 0.424250 0.106496
vt 0.442436 0.086868
vt 0.428452 0.105746
vt 0.442063 0.090977
vt 0.430382 0.105109
vt 0.442342 0.088962
vt 0.441605 0.092907
vt 0.442379 0.085194
vt 0.438100 0.099609
vt 0.442203 0.083482
vt 0.265518 0.166034
vt 0.781161 0.215850
vt 0.736431 0.165055
vt 0.267513 0.166896
vt 0.305876 0.307722
vt 0.280877 0.296224
vt 0.279450 0.294653
vt 0.278107 0.293001
vt 0.282379 0.297710
vt 0.285587 0.300413
vt 0.287279 0.301623
vt 0.283951 0.299107
vt 0.292631 0.304648
vt 0.290808 0.303745
vt 0.294484 0.305443
vt 0.296361 0.306125
vt 0.289022 0.302735
vt 0.300161 0.307136
vt 0.298256 0.306690
vt 0.302071 0.307459
vt 0.303978 0.307655
vt 0.475881 0.307722
vt 0.470529 0.247419
vt 0.472524 0.248281
vt 0.474467 0.249260
vt 0.476350 0.250350
vt 0.479919 0.252838
vt 0.478170 0.251545
vt 0.483184 0.255695
vt 0.481592 0.254224
vt 0.484688 0.257246
vt 0.487412 0.260562
vt 0.486100 0.258870
vt 0.489717 0.264121
vt 0.488619 0.262314
vt 0.490697 0.265975
vt 0.491556 0.267872
vt 0.492288 0.269805
vt 0.495383 0.281084
vt 0.492885 0.271767
vt 0.495801 0.282862
vt 0.494068 0.297605
vt 0.489315 0.303368
vt 0.487766 0.304476
vt 0.493108 0.299229
vt 0.490726 0.302119
vt 0.494867 0.295870
vt 0.486084 0.305435
vt 0.480298 0.307340
vt 0.478142 0.307625
vt 0.496329 0.287995
vt 0.482344 0.306875
vt 0.495956 0.292105
vt 0.484274 0.306237
vt 0.496235 0.290089
vt 0.495498 0.294034
vt 0.496271 0.286322
vt 0.491992 0.300737
vt 0.496096 0.284610
vt 0.214215 0.039590
vt 0.999169 0.013687
vt 0.987946 0.001485
vt 0.989755 0.002287
vt 0.999627 0.015617
vt 0.986015 0.000847
vt 0.999906 0.017632
vt 0.983969 0.000382
vt 0.995663 0.006985
vt 0.996779 0.008492
vt 0.994397 0.005603
vt 0.992986 0.004354
vt 0.997739 0.010117
vt 0.991437 0.003246
vt 0.998538 0.011851
vt 1.000000 0.019726
vt 0.981813 0.000097
vt 0.999053 0.026639
vt 0.926276 0.000000
vt 0.979553 0.000000
vt 0.920763 0.000541
vt 0.923516 0.000138
vt 0.918034 0.001198
vt 0.912717 0.003215
vt 0.915346 0.002093
vt 0.907702 0.006083
vt 0.910164 0.004549
vt 0.999942 0.021400
vt 0.905350 0.007802
vt 0.999767 0.023113
vt 0.999472 0.024860
vt 0.903123 0.009694
vt 0.892500 0.026639
vt 0.890521 0.032007
vt 0.901041 0.011745
vt 0.899118 0.013941
vt 0.897372 0.016270
vt 0.895821 0.018717
vt 0.894480 0.021270
vt 0.893368 0.023915
vt 0.891633 0.029362
vt 0.786796 0.021400
vt 0.768667 0.000097
vt 0.786854 0.019726
vt 0.889180 0.034560
vt 0.883960 0.041532
vt 0.885883 0.039336
vt 0.887629 0.037007
vt 0.786621 0.023113
vt 0.786481 0.015617
vt 0.774800 0.001485
vt 0.786023 0.013687
vt 0.786760 0.017632
vt 0.772869 0.000847
vt 0.786326 0.024860
vt 0.785907 0.026639
vt 0.259901 0.106690
vt 0.213584 0.041426
vt 0.785489 0.028417
vt 0.770823 0.000382
vt 0.879651 0.045474
vt 0.881877 0.043582
vt 0.877299 0.047193
vt 0.874837 0.048727
vt 0.836333 0.209620
vt 0.248728 0.110947
vt 0.206483 0.050030
vt 0.208032 0.048922
vt 0.250277 0.109839
vt 0.255699 0.107440
vt 0.253769 0.108078
vt 0.210709 0.046292
vt 0.211825 0.044784
vt 0.251960 0.108880
vt 0.209443 0.047674
vt 0.243177 0.118444
vt 0.196859 0.053179
vt 0.247318 0.112196
vt 0.246051 0.113578
vt 0.202992 0.051792
vt 0.204801 0.050989
vt 0.247345 0.148340
vt 0.200592 0.202726
vt 0.212785 0.043160
vt 0.257745 0.106975
vt 0.839554 0.220854
vt 0.839460 0.218761
vt 0.839181 0.216745
vt 0.837294 0.211245
vt 0.839496 0.222528
vt 0.930007 0.283808
vt 0.928895 0.286452
vt 0.927554 0.289005
vt 0.926003 0.291453
vt 0.839026 0.225988
vt 0.839321 0.224241
vt 0.838723 0.214815
vt 0.838092 0.212979
vt 0.924258 0.293781
vt 0.922335 0.295977
vt 0.920252 0.298028
vt 0.918026 0.299920
vt 0.913212 0.303172
vt 0.915674 0.301639
vt 0.910658 0.304507
vt 0.908029 0.305628
vt 0.902613 0.307180
vt 0.905342 0.306524
vt 0.824207 0.294035
vt 0.835430 0.306237
vt 0.833620 0.305435
vt 0.843822 0.307722
vt 0.837360 0.306875
vt 0.823749 0.292106
vt 0.899860 0.307584
vt 0.823376 0.287997
vt 0.841562 0.307625
vt 0.839406 0.307340
vt 0.823470 0.290090
vt 0.823433 0.286323
vt 0.819107 0.201129
vt 0.758059 0.129705
vt 0.821367 0.201225
vt 0.808930 0.201129
vt 0.757764 0.131453
vt 0.825570 0.201975
vt 0.823523 0.201510
vt 0.758292 0.126319
vt 0.251943 0.155445
vt 0.207931 0.206116
vt 0.831938 0.304476
vt 0.824838 0.295871
vt 0.823904 0.282863
vt 0.823609 0.284610
vt 0.825636 0.297605
vt 0.830389 0.303368
vt 0.826596 0.299230
vt 0.828979 0.302119
vt 0.827712 0.300737
vt 0.254859 0.158620
vt 0.211366 0.208438
vt 0.209674 0.207227
vt 0.253354 0.157069
vt 0.256451 0.160092
vt 0.213001 0.209744
vt 0.258124 0.161477
vt 0.214574 0.211141
vt 0.776609 0.002287
vt 0.785392 0.011851
vt 0.784593 0.010117
vt 0.779840 0.004354
vt 0.783633 0.008492
vt 0.781251 0.005603
vt 0.782517 0.006985
vt 0.784961 0.033551
vt 0.785019 0.031877
vt 0.785055 0.035645
vt 0.785194 0.030165
vt 0.785334 0.037660
vt 0.778291 0.003246
vt 0.757919 0.122210
vt 0.758234 0.127993
vt 0.758198 0.124225
vt 0.603818 0.000138
vt 0.601065 0.000541
vt 0.598336 0.001198
vt 0.595649 0.002093
vt 0.590466 0.004549
vt 0.593020 0.003215
vt 0.585652 0.007802
vt 0.588005 0.006083
vt 0.583426 0.009694
vt 0.572803 0.026639
vt 0.581343 0.011745
vt 0.579421 0.013941
vt 0.577675 0.016270
vt 0.576123 0.018717
vt 0.573671 0.023915
vt 0.574783 0.021270
vt 0.558517 0.079956
vt 0.558099 0.081734
vt 0.564584 0.102240
vt 0.559831 0.096477
vt 0.566133 0.103347
vt 0.563173 0.100991
vt 0.560791 0.098101
vt 0.559032 0.094743
vt 0.567815 0.104306
vt 0.575757 0.106496
vt 0.573601 0.106211
vt 0.557570 0.086868
vt 0.557943 0.090977
vt 0.571555 0.105746
vt 0.569624 0.105109
vt 0.557665 0.088962
vt 0.558401 0.092907
vt 0.557628 0.085194
vt 0.561907 0.099609
vt 0.557803 0.083482
vt 0.259873 0.162770
vt 0.216076 0.212627
vt 0.734488 0.166034
vt 0.719130 0.296224
vt 0.720556 0.294653
vt 0.721899 0.293001
vt 0.717628 0.297710
vt 0.714420 0.300413
vt 0.712727 0.301623
vt 0.716055 0.299107
vt 0.707376 0.304648
vt 0.709199 0.303745
vt 0.705523 0.305443
vt 0.703645 0.306125
vt 0.710985 0.302735
vt 0.701751 0.306690
vt 0.699845 0.307136
vt 0.697936 0.307459
vt 0.696029 0.307655
vt 0.527482 0.248281
vt 0.525540 0.249260
vt 0.523656 0.250350
vt 0.520088 0.252838
vt 0.521837 0.251545
vt 0.516823 0.255695
vt 0.518414 0.254224
vt 0.515318 0.257246
vt 0.512595 0.260562
vt 0.513907 0.258870
vt 0.510290 0.264121
vt 0.511387 0.262314
vt 0.509309 0.265975
vt 0.508450 0.267872
vt 0.507719 0.269805
vt 0.504624 0.281084
vt 0.507121 0.271767
vt 0.504206 0.282862
vt 0.510692 0.303368
vt 0.505939 0.297605
vt 0.512241 0.304476
vt 0.509281 0.302119
vt 0.506899 0.299229
vt 0.505140 0.295870
vt 0.513923 0.305435
vt 0.521865 0.307625
vt 0.519709 0.307340
vt 0.503678 0.287995
vt 0.504051 0.292105
vt 0.517663 0.306875
vt 0.515732 0.306237
vt 0.503772 0.290089
vt 0.504509 0.294034
vt 0.503736 0.286322
vt 0.508015 0.300737
vt 0.503911 0.284610
vt 0.000896 0.417654
vt 0.000059 0.315121
vt 0.001734 0.315121
vt 0.001734 0.520186
vt 0.000059 0.520186
vt 0.002782 0.417654
vt 0.003830 0.315121
vt 0.003830 0.520186
vt 0.004847 0.417654
vt 0.005865 0.315121
vt 0.005865 0.520186
vt 0.006856 0.417654
vt 0.007848 0.315121
vt 0.007848 0.520186
vt 0.008819 0.417654
vt 0.009789 0.315121
vt 0.009789 0.520186
vt 0.010744 0.417654
vt 0.011699 0.315121
vt 0.011699 0.520186
vt 0.012642 0.417654
vt 0.013586 0.315121
vt 0.013586 0.520186
vt 0.014523 0.417654
vt 0.015461 0.315121
vt 0.015461 0.520186
vt 0.016399 0.417654
vt 0.017336 0.315121
vt 0.017336 0.520186
vt 0.018278 0.417654
vt 0.019220 0.315121
vt 0.019220 0.520186
vt 0.020172 0.417654
vt 0.021124 0.315121
vt 0.021124 0.520186
vt 0.022093 0.417654
vt 0.023061 0.315121
vt 0.023061 0.520186
vt 0.024050 0.417654
vt 0.025040 0.315121
vt 0.025040 0.520186
vt 0.026057 0.417654
vt 0.027073 0.315121
vt 0.027073 0.520186
vt 0.028122 0.417654
vt 0.029172 0.315121
vt 0.029172 0.520186
vt 0.030259 0.417654
vt 0.031346 0.315121
vt 0.031346 0.520186
vt 0.032478 0.417654
vt 0.033609 0.315121
vt 0.033609 0.520186
vt 0.118611 0.417654
vt 0.203614 0.315121
vt 0.203614 0.520186
vt 0.204563 0.417654
vt 0.205513 0.315121
vt 0.205513 0.520186
vt 0.206472 0.417654
vt 0.207430 0.315121
vt 0.207430 0.520186
vt 0.208399 0.417654
vt 0.209367 0.315121
vt 0.209367 0.520186
vt 0.210345 0.417654
vt 0.211324 0.315121
vt 0.211324 0.520186
vt 0.212312 0.417654
vt 0.213301 0.315121
vt 0.213301 0.520186
vt 0.214300 0.417654
vt 0.215298 0.315121
vt 0.215298 0.520186
vt 0.216307 0.417654
vt 0.217315 0.315121
vt 0.217315 0.520186
vt 0.218332 0.417654
vt 0.219349 0.315121
vt 0.219349 0.520186
vt 0.220375 0.417654
vt 0.221401 0.315121
vt 0.221401 0.520186
vt 0.222434 0.417654
vt 0.223468 0.315121
vt 0.223468 0.520186
vt 0.224508 0.417654
vt 0.225549 0.315121
vt 0.225549 0.520186
vt 0.226595 0.417654
vt 0.227641 0.315121
vt 0.227641 0.520186
vt 0.228693 0.417654
vt 0.229745 0.315121
vt 0.229745 0.520186
vt 0.230802 0.417654
vt 0.231858 0.315121
vt 0.231858 0.520186
vt 0.232919 0.417654
vt 0.233980 0.315121
vt 0.233980 0.520186
vt 0.235045 0.417654
vt 0.236109 0.315121
vt 0.236109 0.520186
vt 0.284751 0.417654
vt 0.333393 0.315121
vt 0.333393 0.520186
vt 0.334458 0.417654
vt 0.335522 0.315121
vt 0.335522 0.520186
vt 0.336583 0.417654
vt 0.337644 0.315121
vt 0.337644 0.520186
vt 0.338701 0.417654
vt 0.339757 0.315121
vt 0.339757 0.520186
vt 0.340809 0.417654
vt 0.341861 0.315121
vt 0.341861 0.520186
vt 0.342907 0.417654
vt 0.343954 0.315121
vt 0.343954 0.520186
vt 0.344994 0.417654
vt 0.346034 0.315121
vt 0.346034 0.520186
vt 0.347068 0.417654
vt 0.348101 0.315121
vt 0.348101 0.520186
vt 0.349127 0.417654
vt 0.350153 0.315121
vt 0.350153 0.520186
vt 0.351170 0.417654
vt 0.352187 0.315121
vt 0.352187 0.520186
vt 0.353196 0.417654
vt 0.354204 0.315121
vt 0.354204 0.520186
vt 0.355203 0.417654
vt 0.356201 0.315121
vt 0.356201 0.520186
vt 0.357190 0.417654
vt 0.358179 0.315121
vt 0.358179 0.520186
vt 0.359157 0.417654
vt 0.360135 0.315121
vt 0.360135 0.520186
vt 0.361104 0.417654
vt 0.362072 0.315121
vt 0.362072 0.520186
vt 0.363031 0.417654
vt 0.363989 0.315121
vt 0.363989 0.520186
vt 0.364939 0.417654
vt 0.365889 0.315121
vt 0.365889 0.520186
vt 0.370978 0.417654
vt 0.376066 0.315121
vt 0.376066 0.520186
vt 0.377197 0.417654
vt 0.378328 0.315121
vt 0.378328 0.520186
vt 0.379416 0.417654
vt 0.380503 0.315121
vt 0.380503 0.520186
vt 0.381552 0.417654
vt 0.382601 0.315121
vt 0.382601 0.520186
vt 0.383618 0.417654
vt 0.384635 0.315121
vt 0.384635 0.520186
vt 0.385624 0.417654
vt 0.386614 0.315121
vt 0.386614 0.520186
vt 0.387582 0.417654
vt 0.388550 0.315121
vt 0.388550 0.520186
vt 0.389502 0.417654
vt 0.390455 0.315121
vt 0.390455 0.520186
vt 0.391397 0.417654
vt 0.392339 0.315121
vt 0.392339 0.520186
vt 0.393276 0.417654
vt 0.394213 0.315121
vt 0.394213 0.520186
vt 0.395151 0.417654
vt 0.396088 0.315121
vt 0.396088 0.520186
vt 0.397032 0.417654
vt 0.397976 0.315121
vt 0.397976 0.520186
vt 0.398930 0.417654
vt 0.399885 0.315121
vt 0.399885 0.520186
vt 0.408299 0.417654
vt 0.407328 0.315121
vt 0.409269 0.315121
vt 0.409269 0.520186
vt 0.407328 0.520186
vt 0.410261 0.417654
vt 0.411253 0.315121
vt 0.411253 0.520186
vt 0.412270 0.417654
vt 0.413288 0.315121
vt 0.413288 0.520186
vt 0.414335 0.417654
vt 0.415383 0.315121
vt 0.415383 0.520186
vt 0.416221 0.417654
vt 0.417058 0.315121
vt 0.417058 0.520186
vt 0.417919 0.417654
vt 0.418780 0.315121
vt 0.418780 0.520186
vt 0.419666 0.417654
vt 0.420552 0.315121
vt 0.420552 0.520186
vt 0.421466 0.417654
vt 0.422379 0.315121
vt 0.422379 0.520186
vt 0.449978 0.417654
vt 0.477577 0.315121
vt 0.477577 0.520186
vt 0.478491 0.417654
vt 0.479404 0.315121
vt 0.479404 0.520186
vt 0.480290 0.417654
vt 0.481176 0.315121
vt 0.481176 0.520186
vt 0.482037 0.417654
vt 0.482898 0.315121
vt 0.482898 0.520186
vt 0.483735 0.417654
vt 0.484573 0.315121
vt 0.484573 0.520186
vt 0.485620 0.417654
vt 0.486668 0.315121
vt 0.486668 0.520186
vt 0.487686 0.417654
vt 0.488703 0.315121
vt 0.488703 0.520186
vt 0.489695 0.417654
vt 0.490686 0.315121
vt 0.490686 0.520186
vt 0.491657 0.417654
vt 0.492628 0.315121
vt 0.492628 0.520186
vt 0.493582 0.417654
vt 0.494537 0.315121
vt 0.494537 0.520186
vt 0.495480 0.417654
vt 0.496424 0.315121
vt 0.496424 0.520186
vt 0.497362 0.417654
vt 0.498299 0.315121
vt 0.498299 0.520186
vt 0.499237 0.417654
vt 0.500174 0.315121
vt 0.500174 0.520186
vt 0.501116 0.417654
vt 0.502058 0.315121
vt 0.502058 0.520186
vt 0.503010 0.417654
vt 0.503962 0.315121
vt 0.503962 0.520186
vt 0.504930 0.417654
vt 0.505898 0.315121
vt 0.505898 0.520186
vt 0.506888 0.417654
vt 0.507878 0.315121
vt 0.507878 0.520186
vt 0.508894 0.417654
vt 0.509911 0.315121
vt 0.509911 0.520186
vt 0.510960 0.417654
vt 0.512009 0.315121
vt 0.512009 0.520186
vt 0.513096 0.417654
vt 0.514184 0.315121
vt 0.514184 0.520186
vt 0.515315 0.417654
vt 0.516446 0.315121
vt 0.516446 0.520186
vt 0.543084 0.417654
vt 0.569723 0.315121
vt 0.569723 0.520186
vt 0.571105 0.417654
vt 0.572487 0.315121
vt 0.572487 0.520186
vt 0.573878 0.417654
vt 0.575269 0.315121
vt 0.575269 0.520186
vt 0.576673 0.417654
vt 0.578076 0.315121
vt 0.578076 0.520186
vt 0.579492 0.417654
vt 0.580909 0.315121
vt 0.580909 0.520186
vt 0.582338 0.417654
vt 0.583767 0.315121
vt 0.583767 0.520186
vt 0.585208 0.417654
vt 0.586648 0.315121
vt 0.586648 0.520186
vt 0.588099 0.417654
vt 0.589549 0.315121
vt 0.589549 0.520186
vt 0.591005 0.417654
vt 0.592462 0.315121
vt 0.592462 0.520186
vt 0.593923 0.417654
vt 0.595383 0.315121
vt 0.595383 0.520186
vt 0.596845 0.417654
vt 0.598306 0.315121
vt 0.598306 0.520186
vt 0.599766 0.417654
vt 0.601225 0.315121
vt 0.601225 0.520186
vt 0.602680 0.417654
vt 0.604135 0.315121
vt 0.604135 0.520186
vt 0.605584 0.417654
vt 0.607033 0.315121
vt 0.607033 0.520186
vt 0.608475 0.417654
vt 0.609916 0.315121
vt 0.609916 0.520186
vt 0.611351 0.417654
vt 0.612786 0.315121
vt 0.612786 0.520186
vt 0.614215 0.417654
vt 0.615644 0.315121
vt 0.615644 0.520186
vt 0.747355 0.417654
vt 0.879065 0.315121
vt 0.879065 0.520186
vt 0.000934 0.630096
vt 0.000020 0.527564
vt 0.001847 0.527564
vt 0.001847 0.732629
vt 0.000020 0.732629
vt 0.002733 0.630096
vt 0.003620 0.527564
vt 0.003620 0.732629
vt 0.004480 0.630096
vt 0.005341 0.527564
vt 0.005341 0.732629
vt 0.006178 0.630096
vt 0.007016 0.527564
vt 0.007016 0.732629
vt 0.008064 0.630096
vt 0.009112 0.527564
vt 0.009112 0.732629
vt 0.010129 0.630096
vt 0.011146 0.527564
vt 0.011146 0.732629
vt 0.012138 0.630096
vt 0.013130 0.527564
vt 0.013130 0.732629
vt 0.014101 0.630096
vt 0.015071 0.527564
vt 0.015071 0.732629
vt 0.016026 0.630096
vt 0.016981 0.527564
vt 0.016981 0.732629
vt 0.017924 0.630096
vt 0.018868 0.527564
vt 0.018868 0.732629
vt 0.019806 0.630096
vt 0.020743 0.527564
vt 0.020743 0.732629
vt 0.021681 0.630096
vt 0.022618 0.527564
vt 0.022618 0.732629
vt 0.023560 0.630096
vt 0.024502 0.527564
vt 0.024502 0.732629
vt 0.025454 0.630096
vt 0.026406 0.527564
vt 0.026406 0.732629
vt 0.027374 0.630096
vt 0.028343 0.527564
vt 0.028343 0.732629
vt 0.029332 0.630096
vt 0.030322 0.527564
vt 0.030322 0.732629
vt 0.031338 0.630096
vt 0.032355 0.527564
vt 0.032355 0.732629
vt 0.033404 0.630096
vt 0.034453 0.527564
vt 0.034453 0.732629
vt 0.035540 0.630096
vt 0.036628 0.527564
vt 0.036628 0.732629
vt 0.037759 0.630096
vt 0.038890 0.527564
vt 0.038890 0.732629
vt 0.065528 0.630096
vt 0.092167 0.527564
vt 0.092167 0.732629
vt 0.093549 0.630096
vt 0.094931 0.527564
vt 0.094931 0.732629
vt 0.096322 0.630096
vt 0.097713 0.527564
vt 0.097713 0.732629
vt 0.099117 0.630096
vt 0.100520 0.527564
vt 0.100520 0.732629
vt 0.101936 0.630096
vt 0.103353 0.527564
vt 0.103353 0.732629
vt 0.104782 0.630096
vt 0.106211 0.527564
vt 0.106211 0.732629
vt 0.107652 0.630096
vt 0.109092 0.527564
vt 0.109092 0.732629
vt 0.110543 0.630096
vt 0.111993 0.527564
vt 0.111993 0.732629
vt 0.113449 0.630096
vt 0.114906 0.527564
vt 0.114906 0.732629
vt 0.116367 0.630096
vt 0.117828 0.527564
vt 0.117828 0.732629
vt 0.119289 0.630096
vt 0.120751 0.527564
vt 0.120751 0.732629
vt 0.122210 0.630096
vt 0.123670 0.527564
vt 0.123670 0.732629
vt 0.125125 0.630096
vt 0.126580 0.527564
vt 0.126580 0.732629
vt 0.128029 0.630096
vt 0.129478 0.527564
vt 0.129478 0.732629
vt 0.130919 0.630096
vt 0.132361 0.527564
vt 0.132361 0.732629
vt 0.133796 0.630096
vt 0.135231 0.527564
vt 0.135231 0.732629
vt 0.136660 0.630096
vt 0.138089 0.527564
vt 0.138089 0.732629
vt 0.139518 0.630096
vt 0.140947 0.527564
vt 0.140947 0.732629
vt 0.142382 0.630096
vt 0.143817 0.527564
vt 0.143817 0.732629
vt 0.145258 0.630096
vt 0.146700 0.527564
vt 0.146700 0.732629
vt 0.148149 0.630096
vt 0.149598 0.527564
vt 0.149598 0.732629
vt 0.151053 0.630096
vt 0.152508 0.527564
vt 0.152508 0.732629
vt 0.153967 0.630096
vt 0.155427 0.527564
vt 0.155427 0.732629
vt 0.156888 0.630096
vt 0.158350 0.527564
vt 0.158350 0.732629
vt 0.159811 0.630096
vt 0.161271 0.527564
vt 0.161271 0.732629
vt 0.162728 0.630096
vt 0.164185 0.527564
vt 0.164185 0.732629
vt 0.165635 0.630096
vt 0.167085 0.527564
vt 0.167085 0.732629
vt 0.168526 0.630096
vt 0.169966 0.527564
vt 0.169966 0.732629
vt 0.171396 0.630096
vt 0.172825 0.527564
vt 0.172825 0.732629
vt 0.174241 0.630096
vt 0.175658 0.527564
vt 0.175658 0.732629
vt 0.177061 0.630096
vt 0.178464 0.527564
vt 0.178464 0.732629
vt 0.179855 0.630096
vt 0.181246 0.527564
vt 0.181246 0.732629
vt 0.182628 0.630096
vt 0.184010 0.527564
vt 0.184010 0.732629
vt 0.210669 0.630096
vt 0.237327 0.527564
vt 0.237327 0.732629
vt 0.238458 0.630096
vt 0.239589 0.527564
vt 0.239589 0.732629
vt 0.240677 0.630096
vt 0.241764 0.527564
vt 0.241764 0.732629
vt 0.242813 0.630096
vt 0.243863 0.527564
vt 0.243863 0.732629
vt 0.244879 0.630096
vt 0.245896 0.527564
vt 0.245896 0.732629
vt 0.246885 0.630096
vt 0.247875 0.527564
vt 0.247875 0.732629
vt 0.248843 0.630096
vt 0.249811 0.527564
vt 0.249811 0.732629
vt 0.250763 0.630096
vt 0.251716 0.527564
vt 0.251716 0.732629
vt 0.252658 0.630096
vt 0.253600 0.527564
vt 0.253600 0.732629
vt 0.254537 0.630096
vt 0.255474 0.527564
vt 0.255474 0.732629
vt 0.256412 0.630096
vt 0.257349 0.527564
vt 0.257349 0.732629
vt 0.258293 0.630096
vt 0.259236 0.527564
vt 0.259236 0.732629
vt 0.260191 0.630096
vt 0.261146 0.527564
vt 0.261146 0.732629
vt 0.262116 0.630096
vt 0.263087 0.527564
vt 0.263087 0.732629
vt 0.264078 0.630096
vt 0.265070 0.527564
vt 0.265070 0.732629
vt 0.266087 0.630096
vt 0.267105 0.527564
vt 0.267105 0.732629
vt 0.268153 0.630096
vt 0.269201 0.527564
vt 0.269201 0.732629
vt 0.270038 0.630096
vt 0.270875 0.527564
vt 0.270875 0.732629
vt 0.271736 0.630096
vt 0.272597 0.527564
vt 0.272597 0.732629
vt 0.273483 0.630096
vt 0.274369 0.527564
vt 0.274369 0.732629
vt 0.275283 0.630096
vt 0.276196 0.527564
vt 0.276196 0.732629
vt 0.277110 0.630096
vt 0.278023 0.527564
vt 0.278023 0.732629
vt 0.278909 0.630096
vt 0.279796 0.527564
vt 0.279796 0.732629
vt 0.280656 0.630096
vt 0.281517 0.527564
vt 0.281517 0.732629
vt 0.282354 0.630096
vt 0.283192 0.527564
vt 0.283192 0.732629
vt 0.284240 0.630096
vt 0.285288 0.527564
vt 0.285288 0.732629
vt 0.286305 0.630096
vt 0.287323 0.527564
vt 0.287323 0.732629
vt 0.288314 0.630096
vt 0.289306 0.527564
vt 0.289306 0.732629
vt 0.290277 0.630096
vt 0.291247 0.527564
vt 0.291247 0.732629
vt 0.292202 0.630096
vt 0.293156 0.527564
vt 0.293156 0.732629
vt 0.294100 0.630096
vt 0.295044 0.527564
vt 0.295044 0.732629
vt 0.295981 0.630096
vt 0.296919 0.527564
vt 0.296919 0.732629
vt 0.297856 0.630096
vt 0.298794 0.527564
vt 0.298794 0.732629
vt 0.299736 0.630096
vt 0.300678 0.527564
vt 0.300678 0.732629
vt 0.301630 0.630096
vt 0.302582 0.527564
vt 0.302582 0.732629
vt 0.303550 0.630096
vt 0.304519 0.527564
vt 0.304519 0.732629
vt 0.305508 0.630096
vt 0.306498 0.527564
vt 0.306498 0.732629
vt 0.307514 0.630096
vt 0.308531 0.527564
vt 0.308531 0.732629
vt 0.309580 0.630096
vt 0.310629 0.527564
vt 0.310629 0.732629
vt 0.311716 0.630096
vt 0.312804 0.527564
vt 0.312804 0.732629
vt 0.313935 0.630096
vt 0.315066 0.527564
vt 0.315066 0.732629
vt 0.394980 0.630096
vt 0.474895 0.527564
vt 0.474895 0.732629
vt 0.001382 0.842539
vt 0.000000 0.740006
vt 0.002764 0.740006
vt 0.002764 0.945072
vt 0.000000 0.945072
vt 0.004155 0.842539
vt 0.005546 0.740006
vt 0.005546 0.945072
vt 0.006949 0.842539
vt 0.008353 0.740006
vt 0.008353 0.945072
vt 0.009769 0.842539
vt 0.011185 0.740006
vt 0.011185 0.945072
vt 0.012614 0.842539
vt 0.014044 0.740006
vt 0.014044 0.945072
vt 0.015484 0.842539
vt 0.016925 0.740006
vt 0.016925 0.945072
vt 0.018375 0.842539
vt 0.019825 0.740006
vt 0.019825 0.945072
vt 0.021282 0.842539
vt 0.022739 0.740006
vt 0.022739 0.945072
vt 0.024199 0.842539
vt 0.025660 0.740006
vt 0.025660 0.945072
vt 0.027121 0.842539
vt 0.028583 0.740006
vt 0.028583 0.945072
vt 0.030042 0.842539
vt 0.031502 0.740006
vt 0.031502 0.945072
vt 0.032957 0.842539
vt 0.034412 0.740006
vt 0.034412 0.945072
vt 0.035861 0.842539
vt 0.037310 0.740006
vt 0.037310 0.945072
vt 0.038752 0.842539
vt 0.040193 0.740006
vt 0.040193 0.945072
vt 0.041628 0.842539
vt 0.043063 0.740006
vt 0.043063 0.945072
vt 0.044492 0.842539
vt 0.045921 0.740006
vt 0.045921 0.945072
vt 0.073520 0.842539
vt 0.101119 0.740006
vt 0.101119 0.945072
vt 0.102033 0.842539
vt 0.102946 0.740006
vt 0.102946 0.945072
vt 0.103832 0.842539
vt 0.104719 0.740006
vt 0.104719 0.945072
vt 0.105579 0.842539
vt 0.106440 0.740006
vt 0.106440 0.945072
vt 0.107277 0.842539
vt 0.108115 0.740006
vt 0.108115 0.945072
vt 0.109163 0.842539
vt 0.110211 0.740006
vt 0.110211 0.945072
vt 0.111228 0.842539
vt 0.112245 0.740006
vt 0.112245 0.945072
vt 0.113237 0.842539
vt 0.114229 0.740006
vt 0.114229 0.945072
vt 0.115199 0.842539
vt 0.116170 0.740006
vt 0.116170 0.945072
vt 0.117124 0.842539
vt 0.118079 0.740006
vt 0.118079 0.945072
vt 0.119023 0.842539
vt 0.119966 0.740006
vt 0.119966 0.945072
vt 0.120904 0.842539
vt 0.121842 0.740006
vt 0.121842 0.945072
vt 0.122779 0.842539
vt 0.123716 0.740006
vt 0.123716 0.945072
vt 0.124658 0.842539
vt 0.125600 0.740006
vt 0.125600 0.945072
vt 0.126552 0.842539
vt 0.127504 0.740006
vt 0.127504 0.945072
vt 0.128472 0.842539
vt 0.129441 0.740006
vt 0.129441 0.945072
vt 0.130430 0.842539
vt 0.131420 0.740006
vt 0.131420 0.945072
vt 0.132436 0.842539
vt 0.133453 0.740006
vt 0.133453 0.945072
vt 0.134502 0.842539
vt 0.135551 0.740006
vt 0.135551 0.945072
vt 0.136639 0.842539
vt 0.137726 0.740006
vt 0.137726 0.945072
vt 0.138857 0.842539
vt 0.139988 0.740006
vt 0.139988 0.945072
vt 0.219902 0.842539
vt 0.299816 0.740006
vt 0.299816 0.945072
vt 0.300947 0.842539
vt 0.302078 0.740006
vt 0.302078 0.945072
vt 0.303166 0.842539
vt 0.304253 0.740006
vt 0.304253 0.945072
vt 0.305302 0.842539
vt 0.306351 0.740006
vt 0.306351 0.945072
vt 0.307368 0.842539
vt 0.308385 0.740006
vt 0.308385 0.945072
vt 0.309374 0.842539
vt 0.310364 0.740006
vt 0.310364 0.945072
vt 0.311332 0.842539
vt 0.312300 0.740006
vt 0.312300 0.945072
vt 0.313252 0.842539
vt 0.314205 0.740006
vt 0.314205 0.945072
vt 0.315147 0.842539
vt 0.316089 0.740006
vt 0.316089 0.945072
vt 0.317026 0.842539
vt 0.317963 0.740006
vt 0.317963 0.945072
vt 0.318901 0.842539
vt 0.319838 0.740006
vt 0.319838 0.945072
vt 0.320782 0.842539
vt 0.321726 0.740006
vt 0.321726 0.945072
vt 0.322680 0.842539
vt 0.323635 0.740006
vt 0.323635 0.945072
vt 0.324605 0.842539
vt 0.325576 0.740006
vt 0.325576 0.945072
vt 0.326568 0.842539
vt 0.327559 0.740006
vt 0.327559 0.945072
vt 0.328577 0.842539
vt 0.329594 0.740006
vt 0.329594 0.945072
vt 0.330642 0.842539
vt 0.331690 0.740006
vt 0.331690 0.945072
vt 0.332528 0.842539
vt 0.333365 0.740006
vt 0.333365 0.945072
vt 0.334226 0.842539
vt 0.335087 0.740006
vt 0.335087 0.945072
vt 0.335973 0.842539
vt 0.336859 0.740006
vt 0.336859 0.945072
vt 0.337772 0.842539
vt 0.338686 0.740006
vt 0.338686 0.945072
vt 0.343508 0.842539
vt 0.348331 0.740006
vt 0.348331 0.945072
vt 0.349356 0.842539
vt 0.350382 0.740006
vt 0.350382 0.945072
vt 0.351415 0.842539
vt 0.352448 0.740006
vt 0.352448 0.945072
vt 0.353490 0.842539
vt 0.354531 0.740006
vt 0.354531 0.945072
vt 0.355580 0.842539
vt 0.356629 0.740006
vt 0.356629 0.945072
vt 0.357686 0.842539
vt 0.358743 0.740006
vt 0.358743 0.945072
vt 0.359807 0.842539
vt 0.360871 0.740006
vt 0.360871 0.945072
vt 0.361942 0.842539
vt 0.363012 0.740006
vt 0.363012 0.945072
vt 0.364088 0.842539
vt 0.365164 0.740006
vt 0.365164 0.945072
vt 0.366244 0.842539
vt 0.367324 0.740006
vt 0.367324 0.945072
vt 0.368408 0.842539
vt 0.369492 0.740006
vt 0.369492 0.945072
vt 0.370578 0.842539
vt 0.371664 0.740006
vt 0.371664 0.945072
vt 0.372752 0.842539
vt 0.373840 0.740006
vt 0.373840 0.945072
vt 0.374928 0.842539
vt 0.376016 0.740006
vt 0.376016 0.945072
vt 0.377104 0.842539
vt 0.378192 0.740006
vt 0.378192 0.945072
vt 0.379280 0.842539
vt 0.380367 0.740006
vt 0.380367 0.945072
vt 0.381454 0.842539
vt 0.382541 0.740006
vt 0.382541 0.945072
vt 0.491742 0.842539
vt 0.600943 0.740006
vt 0.600943 0.945072
vt 0.887597 0.417654
vt 0.886510 0.315121
vt 0.888683 0.315121
vt 0.888683 0.520186
vt 0.886510 0.520186
vt 0.889771 0.417654
vt 0.890858 0.315121
vt 0.890858 0.520186
vt 0.891947 0.417654
vt 0.893035 0.315121
vt 0.893035 0.520186
vt 0.894123 0.417654
vt 0.895211 0.315121
vt 0.895211 0.520186
vt 0.896299 0.417654
vt 0.897387 0.315121
vt 0.897387 0.520186
vt 0.898473 0.417654
vt 0.899559 0.315121
vt 0.899559 0.520186
vt 0.900643 0.417654
vt 0.901727 0.315121
vt 0.901727 0.520186
vt 0.902807 0.417654
vt 0.903887 0.315121
vt 0.903887 0.520186
vt 0.904963 0.417654
vt 0.906039 0.315121
vt 0.906039 0.520186
vt 0.907109 0.417654
vt 0.908180 0.315121
vt 0.908180 0.520186
vt 0.909244 0.417654
vt 0.910308 0.315121
vt 0.910308 0.520186
vt 0.911365 0.417654
vt 0.912421 0.315121
vt 0.912421 0.520186
vt 0.913471 0.417654
vt 0.914520 0.315121
vt 0.914520 0.520186
vt 0.915561 0.417654
vt 0.916602 0.315121
vt 0.916602 0.520186
vt 0.917635 0.417654
vt 0.918668 0.315121
vt 0.918668 0.520186
vt 0.919694 0.417654
vt 0.920719 0.315121
vt 0.920719 0.520186
vt 0.925542 0.417654
vt 0.930365 0.315121
vt 0.930365 0.520186
vt 0.931279 0.417654
vt 0.932192 0.315121
vt 0.932192 0.520186
vt 0.933078 0.417654
vt 0.933964 0.315121
vt 0.933964 0.520186
vt 0.934825 0.417654
vt 0.935685 0.315121
vt 0.935685 0.520186
s 1
usemtl pink4
f 256/4/2 261/5/3 262/6/1
f 263/2/1 255/7/1 262/6/1
f 251/13/2 266/14/1 267/15/2
f 252/16/2 266/14/1 251/13/2
f 263/2/1 254/1/1 255/7/1
f 258/18/1 259/19/4 260/20/2
f 258/18/1 260/20/2 257/21/3
f 257/21/3 260/20/2 261/5/3
f 261/5/3 256/4/2 257/21/3
f 255/7/1 256/4/2 262/6/1
f 279/36/2 277/34/2 278/37/1
f 280/38/3 281/39/2 277/34/2
f 280/38/3 277/34/2 279/36/2
f 282/41/2 277/34/2 281/39/2
f 277/34/2 284/43/2 285/45/2
f 277/34/2 287/46/2 288/48/2
f 282/41/2 283/42/2 277/34/2
f 238/56/2 239/55/2 237/57/3
f 239/55/2 236/58/1 237/57/3
f 236/58/1 239/55/2 235/59/2
f 239/55/2 234/60/5 235/59/2
f 239/55/2 233/61/2 234/60/5
f 239/55/2 232/62/2 233/61/2
f 231/63/2 232/62/2 239/55/2
f 229/65/1 239/55/2 228/66/1
f 222/75/2 207/69/2 221/74/2
f 207/69/2 215/78/2 216/79/2
f 214/80/1 207/69/2 213/81/2
f 211/83/2 207/69/2 210/84/2
f 207/69/2 211/83/2 212/85/2
f 209/86/1 207/69/2 208/87/1
f 207/69/2 209/86/1 210/84/2
f 212/85/2 213/81/2 207/69/2
f 217/82/2 218/77/1 207/69/2
f 311/110/2 312/111/2 313/112/2
f 206/108/2 321/120/1 322/122/2
f 186/135/2 187/136/1 191/137/3
f 192/138/2 193/139/2 185/140/3
f 186/135/2 191/137/3 192/138/2
f 194/141/3 184/142/2 193/139/2
f 191/137/3 187/136/1 190/148/5
f 190/148/5 188/149/2 189/150/2
f 188/149/2 190/148/5 187/136/1
f 184/142/2 194/141/3 183/153/2
f 192/138/2 185/140/3 186/135/2
f 193/139/2 184/142/2 185/140/3
f 181/162/3 182/171/2 196/163/2
f 90/178/7 81/179/8 91/180/7
f 91/180/7 80/185/6 92/186/7
f 93/190/7 92/186/7 79/193/6
f 91/180/7 81/179/8 80/185/6
f 80/185/6 79/193/6 92/186/7
f 86/195/8 85/196/7 87/197/9
f 87/197/9 85/196/7 84/198/7
f 87/197/9 84/198/7 88/181/6
f 83/182/8 88/181/6 84/198/7
f 83/182/8 82/184/6 89/183/7
f 104/210/7 106/213/7 105/214/7
f 108/215/7 107/216/7 104/210/7
f 104/210/7 107/216/7 106/213/7
f 104/210/7 109/218/6 108/215/7
f 104/210/7 113/221/7 112/222/6
f 111/219/6 104/210/7 112/222/6
f 104/210/7 116/224/7 115/225/6
f 110/220/7 109/218/6 104/210/7
f 66/232/6 65/233/7 64/234/10
f 63/235/8 66/232/6 64/234/10
f 66/232/6 63/235/8 62/236/6
f 60/238/8 66/232/6 61/237/7
f 59/239/6 66/232/6 60/238/8
f 59/239/6 58/240/7 66/232/6
f 57/241/7 66/232/6 58/240/7
f 34/246/7 46/253/6 45/254/7
f 54/244/6 66/232/6 55/243/7
f 34/246/7 42/255/7 41/257/7
f 44/259/7 43/256/7 34/246/7
f 34/246/7 38/260/7 37/261/7
f 38/260/7 34/246/7 39/262/7
f 34/246/7 36/263/7 35/264/7
f 36/263/7 34/246/7 37/261/7
f 40/258/7 39/262/7 34/246/7
f 139/283/7 138/284/6 140/285/6
f 14/308/7 13/309/8 18/310/7
f 18/310/7 13/309/8 19/312/6
f 14/308/7 18/310/7 17/321/7
f 15/322/7 17/321/7 16/323/7
f 17/321/7 15/322/7 14/308/7
f 22/325/7 21/315/7 10/326/8
f 6/342/6 26/339/7 25/338/7
f 23/336/8 22/325/7 9/344/6
f 21/315/7 11/314/8 10/326/8
f 11/314/8 20/311/8 12/313/6
f 9/344/6 22/325/7 10/326/8
f 347/351/11 1/352/12 2/353/13
f 347/351/11 2/353/13 175/354/13
f 347/351/11 175/354/13 174/355/12
f 347/351/11 174/355/12 1/352/12
f 348/356/14 2/353/13 3/357/15
f 348/356/14 3/357/15 176/358/15
f 348/356/14 176/358/15 175/354/13
f 348/356/14 175/354/13 2/353/13
f 349/359/16 3/357/15 4/360/17
f 349/359/16 4/360/17 177/361/17
f 349/359/16 177/361/17 176/358/15
f 349/359/16 176/358/15 3/357/15
f 350/362/18 4/360/17 5/363/19
f 350/362/18 5/363/19 178/364/19
f 350/362/18 178/364/19 177/361/17
f 350/362/18 177/361/17 4/360/17
f 351/365/20 5/363/19 6/366/21
f 351/365/20 6/366/21 179/367/21
f 351/365/20 179/367/21 178/364/19
f 351/365/20 178/364/19 5/363/19
f 352/368/22 6/366/21 7/369/23
f 352/368/22 7/369/23 180/370/23
f 352/368/22 180/370/23 179/367/21
f 352/368/22 179/367/21 6/366/21
f 353/371/24 7/369/23 8/372/25
f 353/371/24 8/372/25 181/373/25
f 353/371/24 181/373/25 180/370/23
f 353/371/24 180/370/23 7/369/23
f 354/374/26 8/372/25 9/375/27
f 354/374/26 9/375/27 182/376/27
f 354/374/26 182/376/27 181/373/25
f 354/374/26 181/373/25 8/372/25
f 355/377/28 9/375/27 10/378/29
f 355/377/28 10/378/29 183/379/29
f 355/377/28 183/379/29 182/376/27
f 355/377/28 182/376/27 9/375/27
f 356/380/30 10/378/29 11/381/31
f 356/380/30 11/381/31 184/382/31
f 356/380/30 184/382/31 183/379/29
f 356/380/30 183/379/29 10/378/29
f 357/383/32 11/381/31 12/384/33
f 357/383/32 12/384/33 185/385/33
f 357/383/32 185/385/33 184/382/31
f 357/383/32 184/382/31 11/381/31
f 358/386/34 12/384/33 13/387/35
f 358/386/34 13/387/35 186/388/35
f 358/386/34 186/388/35 185/385/33
f 358/386/34 185/385/33 12/384/33
f 359/389/36 13/387/35 14/390/37
f 359/389/36 14/390/37 187/391/37
f 359/389/36 187/391/37 186/388/35
f 359/389/36 186/388/35 13/387/35
f 360/392/38 14/390/37 15/393/39
f 360/392/38 15/393/39 188/394/39
f 360/392/38 188/394/39 187/391/37
f 360/392/38 187/391/37 14/390/37
f 361/395/40 15/393/39 16/396/41
f 361/395/40 16/396/41 189/397/42
f 361/395/40 189/397/42 188/394/39
f 361/395/40 188/394/39 15/393/39
f 362/398/43 16/396/41 17/399/44
f 362/398/43 17/399/44 190/400/44
f 362/398/43 190/400/44 189/397/42
f 362/398/43 189/397/42 16/396/41
f 363/401/45 17/399/44 18/402/46
f 363/401/45 18/402/46 191/403/46
f 363/401/45 191/403/46 190/400/44
f 363/401/45 190/400/44 17/399/44
f 364/404/47 18/402/46 19/405/48
f 364/404/47 19/405/48 192/406/48
f 364/404/47 192/406/48 191/403/46
f 364/404/47 191/403/46 18/402/46
f 365/407/49 19/405/48 20/408/50
f 365/407/49 20/408/50 193/409/50
f 365/407/49 193/409/50 192/406/48
f 365/407/49 192/406/48 19/405/48
f 366/410/51 20/408/50 21/411/52
f 366/410/51 21/411/52 194/412/52
f 366/410/51 194/412/52 193/409/50
f 366/410/51 193/409/50 20/408/50
f 367/413/53 21/411/52 22/414/54
f 367/413/53 22/414/54 195/415/54
f 367/413/53 195/415/54 194/412/52
f 367/413/53 194/412/52 21/411/52
f 368/416/55 22/414/54 23/417/56
f 368/416/55 23/417/56 196/418/56
f 368/416/55 196/418/56 195/415/54
f 368/416/55 195/415/54 22/414/54
f 369/419/57 23/417/56 24/420/58
f 369/419/57 24/420/58 197/421/58
f 369/419/57 197/421/58 196/418/56
f 369/419/57 196/418/56 23/417/56
f 370/422/59 24/420/58 25/423/60
f 370/422/59 25/423/60 198/424/60
f 370/422/59 198/424/60 197/421/58
f 370/422/59 197/421/58 24/420/58
f 371/425/61 25/423/60 26/426/62
f 371/425/61 26/426/62 199/427/62
f 371/425/61 199/427/62 198/424/60
f 371/425/61 198/424/60 25/423/60
f 372/428/63 26/426/62 27/429/64
f 372/428/63 27/429/64 200/430/64
f 372/428/63 200/430/64 199/427/62
f 372/428/63 199/427/62 26/426/62
f 373/431/65 27/429/64 28/432/66
f 373/431/65 28/432/66 201/433/66
f 373/431/65 201/433/66 200/430/64
f 373/431/65 200/430/64 27/429/64
f 374/434/67 28/432/66 29/435/68
f 374/434/67 29/435/68 202/436/68
f 374/434/67 202/436/68 201/433/66
f 374/434/67 201/433/66 28/432/66
f 375/437/69 29/435/68 30/438/70
f 375/437/69 30/438/70 203/439/70
f 375/437/69 203/439/70 202/436/68
f 375/437/69 202/436/68 29/435/68
f 376/440/71 30/438/70 31/441/72
f 376/440/71 31/441/72 204/442/72
f 376/440/71 204/442/72 203/439/70
f 376/440/71 203/439/70 30/438/70
f 377/443/73 31/441/72 32/444/74
f 377/443/73 32/444/74 205/445/74
f 377/443/73 205/445/74 204/442/72
f 377/443/73 204/442/72 31/441/72
f 378/446/75 32/444/74 33/447/76
f 378/446/75 33/447/76 206/448/76
f 378/446/75 206/448/76 205/445/74
f 378/446/75 205/445/74 32/444/74
f 379/449/77 33/447/76 34/450/78
f 379/449/77 34/450/78 207/451/78
f 379/449/77 207/451/78 206/448/76
f 379/449/77 206/448/76 33/447/76
f 380/452/79 34/450/78 35/453/80
f 380/452/79 35/453/80 208/454/80
f 380/452/79 208/454/80 207/451/78
f 380/452/79 207/451/78 34/450/78
f 381/455/81 35/456/80 36/457/82
f 381/455/81 36/457/82 209/458/82
f 381/455/81 209/458/82 208/459/80
f 381/455/81 208/459/80 35/456/80
f 382/460/83 36/457/82 37/461/84
f 382/460/83 37/461/84 210/462/84
f 382/460/83 210/462/84 209/458/82
f 382/460/83 209/458/82 36/457/82
f 383/463/85 37/461/84 38/464/86
f 383/463/85 38/464/86 211/465/86
f 383/463/85 211/465/86 210/462/84
f 383/463/85 210/462/84 37/461/84
f 384/466/87 38/464/86 39/467/88
f 384/466/87 39/467/88 212/468/88
f 384/466/87 212/468/88 211/465/86
f 384/466/87 211/465/86 38/464/86
f 385/469/89 39/467/88 40/470/90
f 385/469/89 40/470/90 213/471/90
f 385/469/89 213/471/90 212/468/88
f 385/469/89 212/468/88 39/467/88
f 386/472/91 40/470/90 41/473/92
f 386/472/91 41/473/92 214/474/92
f 386/472/91 214/474/92 213/471/90
f 386/472/91 213/471/90 40/470/90
f 387/475/93 41/473/92 42/476/94
f 387/475/93 42/476/94 215/477/94
f 387/475/93 215/477/94 214/474/92
f 387/475/93 214/474/92 41/473/92
f 388/478/95 42/476/94 43/479/96
f 388/478/95 43/479/96 216/480/97
f 388/478/95 216/480/97 215/477/94
f 388/478/95 215/477/94 42/476/94
f 389/481/98 43/479/96 44/482/99
f 389/481/98 44/482/99 217/483/99
f 389/481/98 217/483/99 216/480/97
f 389/481/98 216/480/97 43/479/96
f 390/484/100 44/482/99 45/485/101
f 390/484/100 45/485/101 218/486/101
f 390/484/100 218/486/101 217/483/99
f 390/484/100 217/483/99 44/482/99
f 391/487/102 45/485/101 46/488/103
f 391/487/102 46/488/103 219/489/103
f 391/487/102 219/489/103 218/486/101
f 391/487/102 218/486/101 45/485/101
f 392/490/104 46/488/103 47/491/105
f 392/490/104 47/491/105 220/492/105
f 392/490/104 220/492/105 219/489/103
f 392/490/104 219/489/103 46/488/103
f 393/493/106 47/491/105 48/494/107
f 393/493/106 48/494/107 221/495/107
f 393/493/106 221/495/107 220/492/105
f 393/493/106 220/492/105 47/491/105
f 394/496/108 48/494/107 49/497/109
f 394/496/108 49/497/109 222/498/109
f 394/496/108 222/498/109 221/495/107
f 394/496/108 221/495/107 48/494/107
f 395/499/110 49/497/109 50/500/111
f 395/499/110 50/500/111 223/501/111
f 395/499/110 223/501/111 222/498/109
f 395/499/110 222/498/109 49/497/109
f 396/502/112 50/500/111 51/503/113
f 396/502/112 51/503/113 224/504/113
f 396/502/112 224/504/113 223/501/111
f 396/502/112 223/501/111 50/500/111
f 397/505/114 51/503/113 52/506/115
f 397/505/114 52/506/115 225/507/115
f 397/505/114 225/507/115 224/504/113
f 397/505/114 224/504/113 51/503/113
f 398/508/116 52/506/115 53/509/117
f 398/508/116 53/509/117 226/510/117
f 398/508/116 226/510/117 225/507/115
f 398/508/116 225/507/115 52/506/115
f 399/511/118 53/509/117 54/512/119
f 399/511/118 54/512/119 227/513/119
f 399/511/118 227/513/119 226/510/117
f 399/511/118 226/510/117 53/509/117
f 400/514/120 54/512/119 55/515/121
f 400/514/120 55/515/121 228/516/121
f 400/514/120 228/516/121 227/513/119
f 400/514/120 227/513/119 54/512/119
f 401/517/122 55/515/121 56/518/123
f 401/517/122 56/518/123 229/519/123
f 401/517/122 229/519/123 228/516/121
f 401/517/122 228/516/121 55/515/121
f 402/520/124 56/518/123 57/521/125
f 402/520/124 57/521/125 230/522/125
f 402/520/124 230/522/125 229/519/123
f 402/520/124 229/519/123 56/518/123
f 403/523/126 57/521/125 58/524/127
f 403/523/126 58/524/127 231/525/127
f 403/523/126 231/525/127 230/522/125
f 403/523/126 230/522/125 57/521/125
f 404/526/128 58/524/127 59/527/129
f 404/526/128 59/527/129 232/528/129
f 404/526/128 232/528/129 231/525/127
f 404/526/128 231/525/127 58/524/127
f 405/529/130 59/527/129 60/530/131
f 405/529/130 60/530/131 233/531/131
f 405/529/130 233/531/131 232/528/129
f 405/529/130 232/528/129 59/527/129
f 406/532/132 60/530/131 61/533/133
f 406/532/132 61/533/133 234/534/133
f 406/532/132 234/534/133 233/531/131
f 406/532/132 233/531/131 60/530/131
f 407/535/134 61/533/133 62/536/135
f 407/535/134 62/536/135 235/537/135
f 407/535/134 235/537/135 234/534/133
f 407/535/134 234/534/133 61/533/133
f 408/538/136 62/536/135 63/539/137
f 408/538/136 63/539/137 236/540/137
f 408/538/136 236/540/137 235/537/135
f 408/538/136 235/537/135 62/536/135
f 409/541/138 63/539/137 64/542/139
f 409/541/138 64/542/139 237/543/139
f 409/541/138 237/543/139 236/540/137
f 409/541/138 236/540/137 63/539/137
f 410/544/140 64/542/139 65/545/141
f 410/544/140 65/545/141 238/546/141
f 410/544/140 238/546/141 237/543/139
f 410/544/140 237/543/139 64/542/139
f 411/547/142 65/545/141 66/548/143
f 411/547/142 66/548/143 239/549/143
f 411/547/142 239/549/143 238/546/141
f 411/547/142 238/546/141 65/545/141
f 412/550/144 66/548/143 67/551/145
f 412/550/144 67/551/145 240/552/145
f 412/550/144 240/552/145 239/549/143
f 412/550/144 239/549/143 66/548/143
f 413/553/146 67/551/145 68/554/147
f 413/553/146 68/554/147 241/555/147
f 413/553/146 241/555/147 240/552/145
f 413/553/146 240/552/145 67/551/145
f 414/556/148 68/554/147 69/557/149
f 414/556/148 69/557/149 242/558/149
f 414/556/148 242/558/149 241/555/147
f 414/556/148 241/555/147 68/554/147
f 415/559/150 69/557/149 70/560/151
f 415/559/150 70/560/151 243/561/151
f 415/559/150 243/561/151 242/558/149
f 415/559/150 242/558/149 69/557/149
f 416/562/152 70/560/151 71/563/153
f 416/562/152 71/563/153 244/564/153
f 416/562/152 244/564/153 243/561/151
f 416/562/152 243/561/151 70/560/151
f 417/565/154 71/563/153 72/566/155
f 417/565/154 72/566/155 245/567/155
f 417/565/154 245/567/155 244/564/153
f 417/565/154 244/564/153 71/563/153
f 418/568/156 72/566/155 73/569/157
f 418/568/156 73/569/157 246/570/157
f 418/568/156 246/570/157 245/567/155
f 418/568/156 245/567/155 72/566/155
f 419/571/158 73/569/157 74/572/159
f 419/571/158 74/572/159 247/573/159
f 419/571/158 247/573/159 246/570/157
f 419/571/158 246/570/157 73/569/157
f 420/574/160 74/572/159 75/575/161
f 420/574/160 75/575/161 248/576/161
f 420/574/160 248/576/161 247/573/159
f 420/574/160 247/573/159 74/572/159
f 421/577/162 75/575/161 76/578/163
f 421/577/162 76/578/163 249/579/163
f 421/577/162 249/579/163 248/576/161
f 421/577/162 248/576/161 75/575/161
f 422/580/164 76/578/163 77/581/165
f 422/580/164 77/581/165 250/582/165
f 422/580/164 250/582/165 249/579/163
f 422/580/164 249/579/163 76/578/163
f 423/583/166 77/581/165 78/584/167
f 423/583/166 78/584/167 251/585/167
f 423/583/166 251/585/167 250/582/165
f 423/583/166 250/582/165 77/581/165
f 424/586/168 78/584/167 79/587/169
f 424/586/168 79/587/169 252/588/169
f 424/586/168 252/588/169 251/585/167
f 424/586/168 251/585/167 78/584/167
f 425/589/170 79/587/169 80/590/171
f 425/589/170 80/590/171 253/591/171
f 425/589/170 253/591/171 252/588/169
f 425/589/170 252/588/169 79/587/169
f 426/592/172 80/590/171 81/593/173
f 426/592/172 81/593/173 254/594/173
f 426/592/172 254/594/173 253/591/171
f 426/592/172 253/591/171 80/590/171
f 427/595/174 81/593/173 82/596/175
f 427/595/174 82/596/175 255/597/175
f 427/595/174 255/597/175 254/594/173
f 427/595/174 254/594/173 81/593/173
f 428/598/176 82/596/175 83/599/177
f 428/598/176 83/599/177 256/600/177
f 428/598/176 256/600/177 255/597/175
f 428/598/176 255/597/175 82/596/175
f 429/601/178 83/599/177 84/602/179
f 429/601/178 84/602/179 257/603/179
f 429/601/178 257/603/179 256/600/177
f 429/601/178 256/600/177 83/599/177
f 430/604/180 84/602/179 85/605/181
f 430/604/180 85/605/181 258/606/181
f 430/604/180 258/606/181 257/603/179
f 430/604/180 257/603/179 84/602/179
f 431/607/182 85/605/181 86/608/183
f 431/607/182 86/608/183 259/609/184
f 431/607/182 259/609/184 258/606/181
f 431/607/182 258/606/181 85/605/181
f 432/610/185 86/608/183 87/611/186
f 432/610/185 87/611/186 260/612/186
f 432/610/185 260/612/186 259/609/184
f 432/610/185 259/609/184 86/608/183
f 433/613/187 87/611/186 88/614/188
f 433/613/187 88/614/188 261/615/188
f 433/613/187 261/615/188 260/612/186
f 433/613/187 260/612/186 87/611/186
f 434/616/189 88/614/188 89/617/190
f 434/616/189 89/617/190 262/618/190
f 434/616/189 262/618/190 261/615/188
f 434/616/189 261/615/188 88/614/188
f 435/619/191 89/617/190 90/620/192
f 435/619/191 90/620/192 263/621/192
f 435/619/191 263/621/192 262/618/190
f 435/619/191 262/618/190 89/617/190
f 436/622/193 90/620/192 91/623/194
f 436/622/193 91/623/194 264/624/194
f 436/622/193 264/624/194 263/621/192
f 436/622/193 263/621/192 90/620/192
f 437/625/195 91/623/194 92/626/196
f 437/625/195 92/626/196 265/627/196
f 437/625/195 265/627/196 264/624/194
f 437/625/195 264/624/194 91/623/194
f 438/628/197 92/626/196 93/629/198
f 438/628/197 93/629/198 266/630/198
f 438/628/197 266/630/198 265/627/196
f 438/628/197 265/627/196 92/626/196
f 439/631/199 93/629/198 94/632/200
f 439/631/199 94/632/200 267/633/200
f 439/631/199 267/633/200 266/630/198
f 439/631/199 266/630/198 93/629/198
f 440/634/201 94/632/200 95/635/202
f 440/634/201 95/635/202 268/636/202
f 440/634/201 268/636/202 267/633/200
f 440/634/201 267/633/200 94/632/200
f 441/637/203 95/635/202 96/638/204
f 441/637/203 96/638/204 269/639/204
f 441/637/203 269/639/204 268/636/202
f 441/637/203 268/636/202 95/635/202
f 442/640/205 96/638/204 97/641/206
f 442/640/205 97/641/206 270/642/206
f 442/640/205 270/642/206 269/639/204
f 442/640/205 269/639/204 96/638/204
f 443/643/207 97/641/206 98/644/208
f 443/643/207 98/644/208 271/645/208
f 443/643/207 271/645/208 270/642/206
f 443/643/207 270/642/206 97/641/206
f 444/646/209 98/644/208 99/647/210
f 444/646/209 99/647/210 272/648/210
f 444/646/209 272/648/210 271/645/208
f 444/646/209 271/645/208 98/644/208
f 445/649/211 99/647/210 100/650/212
f 445/649/211 100/650/212 273/651/212
f 445/649/211 273/651/212 272/648/210
f 445/649/211 272/648/210 99/647/210
f 446/652/213 100/650/212 101/653/214
f 446/652/213 101/653/214 274/654/214
f 446/652/213 274/654/214 273/651/212
f 446/652/213 273/651/212 100/650/212
f 447/655/215 101/653/214 102/656/216
f 447/655/215 102/656/216 275/657/216
f 447/655/215 275/657/216 274/654/214
f 447/655/215 274/654/214 101/653/214
f 448/658/217 102/656/216 103/659/218
f 448/658/217 103/659/218 276/660/218
f 448/658/217 276/660/218 275/657/216
f 448/658/217 275/657/216 102/656/216
f 449/661/219 103/659/218 104/662/220
f 449/661/219 104/662/220 277/663/220
f 449/661/219 277/663/220 276/660/218
f 449/661/219 276/660/218 103/659/218
f 450/664/221 104/662/220 105/665/222
f 450/664/221 105/665/222 278/666/222
f 450/664/221 278/666/222 277/663/220
f 450/664/221 277/663/220 104/662/220
f 451/667/223 105/665/222 106/668/224
f 451/667/223 106/668/224 279/669/224
f 451/667/223 279/669/224 278/666/222
f 451/667/223 278/666/222 105/665/222
f 452/670/225 106/668/224 107/671/226
f 452/670/225 107/671/226 280/672/226
f 452/670/225 280/672/226 279/669/224
f 452/670/225 279/669/224 106/668/224
f 453/673/227 107/671/226 108/674/228
f 453/673/227 108/674/228 281/675/228
f 453/673/227 281/675/228 280/672/226
f 453/673/227 280/672/226 107/671/226
f 454/676/229 108/674/228 109/677/230
f 454/676/229 109/677/230 282/678/230
f 454/676/229 282/678/230 281/675/228
f 454/676/229 281/675/228 108/674/228
f 455/679/231 109/677/230 110/680/232
f 455/679/231 110/680/232 283/681/232
f 455/679/231 283/681/232 282/678/230
f 455/679/231 282/678/230 109/677/230
f 456/682/233 110/680/232 111/683/234
f 456/682/233 111/683/234 284/684/234
f 456/682/233 284/684/234 283/681/232
f 456/682/233 283/681/232 110/680/232
f 457/685/235 111/683/234 112/686/236
f 457/685/235 112/686/236 285/687/236
f 457/685/235 285/687/236 284/684/234
f 457/685/235 284/684/234 111/683/234
f 458/688/237 112/686/236 113/689/238
f 458/688/237 113/689/238 286/690/238
f 458/688/237 286/690/238 285/687/236
f 458/688/237 285/687/236 112/686/236
f 459/691/239 113/689/238 114/692/240
f 459/691/239 114/692/240 287/693/240
f 459/691/239 287/693/240 286/690/238
f 459/691/239 286/690/238 113/689/238
f 460/694/241 114/692/240 115/695/242
f 460/694/241 115/695/242 288/696/242
f 460/694/241 288/696/242 287/693/240
f 460/694/241 287/693/240 114/692/240
f 461/697/243 115/695/242 116/698/244
f 461/697/243 116/698/244 289/699/244
f 461/697/243 289/699/244 288/696/242
f 461/697/243 288/696/242 115/695/242
f 462/700/245 116/698/244 117/701/246
f 462/700/245 117/701/246 290/702/246
f 462/700/245 290/702/246 289/699/244
f 462/700/245 289/699/244 116/698/244
f 463/703/247 117/701/246 118/704/248
f 463/703/247 118/704/248 291/705/248
f 463/703/247 291/705/248 290/702/246
f 463/703/247 290/702/246 117/701/246
f 464/706/249 118/704/248 119/707/250
f 464/706/249 119/707/250 292/708/250
f 464/706/249 292/708/250 291/705/248
f 464/706/249 291/705/248 118/704/248
f 465/709/251 119/707/250 120/710/252
f 465/709/251 120/710/252 293/711/252
f 465/709/251 293/711/252 292/708/250
f 465/709/251 292/708/250 119/707/250
f 466/712/253 120/710/252 121/713/254
f 466/712/253 121/713/254 294/714/254
f 466/712/253 294/714/254 293/711/252
f 466/712/253 293/711/252 120/710/252
f 467/715/255 121/716/254 122/717/256
f 467/715/255 122/717/256 295/718/256
f 467/715/255 295/718/256 294/719/254
f 467/715/255 294/719/254 121/716/254
f 468/720/257 122/717/256 123/721/258
f 468/720/257 123/721/258 296/722/258
f 468/720/257 296/722/258 295/718/256
f 468/720/257 295/718/256 122/717/256
f 469/723/259 123/721/258 124/724/260
f 469/723/259 124/724/260 297/725/260
f 469/723/259 297/725/260 296/722/258
f 469/723/259 296/722/258 123/721/258
f 470/726/245 124/724/260 125/727/244
f 470/726/245 125/727/244 298/728/244
f 470/726/245 298/728/244 297/725/260
f 470/726/245 297/725/260 124/724/260
f 471/729/261 125/727/244 126/730/262
f 471/729/261 126/730/262 299/731/262
f 471/729/261 299/731/262 298/728/244
f 471/729/261 298/728/244 125/727/244
f 472/732/263 126/730/262 127/733/264
f 472/732/263 127/733/264 300/734/264
f 472/732/263 300/734/264 299/731/262
f 472/732/263 299/731/262 126/730/262
f 473/735/265 127/733/264 128/736/238
f 473/735/265 128/736/238 301/737/238
f 473/735/265 301/737/238 300/734/264
f 473/735/265 300/734/264 127/733/264
f 474/738/266 128/736/238 129/739/267
f 474/738/266 129/739/267 302/740/267
f 474/738/266 302/740/267 301/737/238
f 474/738/266 301/737/238 128/736/238
f 475/741/235 129/739/267 130/742/268
f 475/741/235 130/742/268 303/743/268
f 475/741/235 303/743/268 302/740/267
f 475/741/235 302/740/267 129/739/267
f 476/744/233 130/742/268 131/745/269
f 476/744/233 131/745/269 304/746/269
f 476/744/233 304/746/269 303/743/268
f 476/744/233 303/743/268 130/742/268
f 477/747/231 131/745/269 132/748/230
f 477/747/231 132/748/230 305/749/230
f 477/747/231 305/749/230 304/746/269
f 477/747/231 304/746/269 131/745/269
f 478/750/270 132/748/230 133/751/228
f 478/750/270 133/751/228 306/752/228
f 478/750/270 306/752/228 305/749/230
f 478/750/270 305/749/230 132/748/230
f 479/753/227 133/751/228 134/754/226
f 479/753/227 134/754/226 307/755/226
f 479/753/227 307/755/226 306/752/228
f 479/753/227 306/752/228 133/751/228
f 480/756/225 134/754/226 135/757/271
f 480/756/225 135/757/271 308/758/271
f 480/756/225 308/758/271 307/755/226
f 480/756/225 307/755/226 134/754/226
f 481/759/272 135/757/271 136/760/222
f 481/759/272 136/760/222 309/761/222
f 481/759/272 309/761/222 308/758/271
f 481/759/272 308/758/271 135/757/271
f 482/762/273 136/760/222 137/763/220
f 482/762/273 137/763/220 310/764/220
f 482/762/273 310/764/220 309/761/222
f 482/762/273 309/761/222 136/760/222
f 483/765/219 137/763/220 138/766/274
f 483/765/219 138/766/274 311/767/274
f 483/765/219 311/767/274 310/764/220
f 483/765/219 310/764/220 137/763/220
f 484/768/275 138/766/274 139/769/276
f 484/768/275 139/769/276 312/770/276
f 484/768/275 312/770/276 311/767/274
f 484/768/275 311/767/274 138/766/274
f 485/771/277 139/769/276 140/772/278
f 485/771/277 140/772/278 313/773/278
f 485/771/277 313/773/278 312/770/276
f 485/771/277 312/770/276 139/769/276
f 486/774/279 140/772/278 141/775/280
f 486/774/279 141/775/280 314/776/280
f 486/774/279 314/776/280 313/773/278
f 486/774/279 313/773/278 140/772/278
f 487/777/281 141/775/280 142/778/282
f 487/777/281 142/778/282 315/779/282
f 487/777/281 315/779/282 314/776/280
f 487/777/281 314/776/280 141/775/280
f 488/780/283 142/778/282 143/781/284
f 488/780/283 143/781/284 316/782/284
f 488/780/283 316/782/284 315/779/282
f 488/780/283 315/779/282 142/778/282
f 489/783/285 143/781/284 144/784/286
f 489/783/285 144/784/286 317/785/286
f 489/783/285 317/785/286 316/782/284
f 489/783/285 316/782/284 143/781/284
f 490/786/287 144/784/286 145/787/288
f 490/786/287 145/787/288 318/788/288
f 490/786/287 318/788/288 317/785/286
f 490/786/287 317/785/286 144/784/286
f 491/789/289 145/787/288 146/790/290
f 491/789/289 146/790/290 319/791/290
f 491/789/289 319/791/290 318/788/288
f 491/789/289 318/788/288 145/787/288
f 492/792/291 146/790/290 147/793/292
f 492/792/291 147/793/292 320/794/292
f 492/792/291 320/794/292 319/791/290
f 492/792/291 319/791/290 146/790/290
f 493/795/293 147/793/292 148/796/294
f 493/795/293 148/796/294 321/797/294
f 493/795/293 321/797/294 320/794/292
f 493/795/293 320/794/292 147/793/292
f 494/798/295 148/796/294 149/799/296
f 494/798/295 149/799/296 322/800/296
f 494/798/295 322/800/296 321/797/294
f 494/798/295 321/797/294 148/796/294
f 495/801/297 149/799/296 150/802/298
f 495/801/297 150/802/298 323/803/298
f 495/801/297 323/803/298 322/800/296
f 495/801/297 322/800/296 149/799/296
f 496/804/299 150/802/298 151/805/300
f 496/804/299 151/805/300 324/806/300
f 496/804/299 324/806/300 323/803/298
f 496/804/299 323/803/298 150/802/298
f 497/807/301 151/805/300 152/808/302
f 497/807/301 152/808/302 325/809/302
f 497/807/301 325/809/302 324/806/300
f 497/807/301 324/806/300 151/805/300
f 498/810/303 152/808/302 153/811/304
f 498/810/303 153/811/304 326/812/304
f 498/810/303 326/812/304 325/809/302
f 498/810/303 325/809/302 152/808/302
f 499/813/305 153/811/304 154/814/306
f 499/813/305 154/814/306 327/815/306
f 499/813/305 327/815/306 326/812/304
f 499/813/305 326/812/304 153/811/304
f 500/816/307 154/814/306 155/817/308
f 500/816/307 155/817/308 328/818/308
f 500/816/307 328/818/308 327/815/306
f 500/816/307 327/815/306 154/814/306
f 501/819/309 155/817/308 156/820/310
f 501/819/309 156/820/310 329/821/310
f 501/819/309 329/821/310 328/818/308
f 501/819/309 328/818/308 155/817/308
f 502/822/311 156/820/310 157/823/312
f 502/822/311 157/823/312 330/824/312
f 502/822/311 330/824/312 329/821/310
f 502/822/311 329/821/310 156/820/310
f 503/825/313 157/823/312 158/826/314
f 503/825/313 158/826/314 331/827/314
f 503/825/313 331/827/314 330/824/312
f 503/825/313 330/824/312 157/823/312
f 504/828/315 158/826/314 159/829/316
f 504/828/315 159/829/316 332/830/316
f 504/828/315 332/830/316 331/827/314
f 504/828/315 331/827/314 158/826/314
f 505/831/317 159/829/316 160/832/318
f 505/831/317 160/832/318 333/833/319
f 505/831/317 333/833/319 332/830/316
f 505/831/317 332/830/316 159/829/316
f 506/834/320 160/832/318 161/835/321
f 506/834/320 161/835/321 334/836/321
f 506/834/320 334/836/321 333/833/319
f 506/834/320 333/833/319 160/832/318
f 507/837/322 161/835/321 162/838/323
f 507/837/322 162/838/323 335/839/323
f 507/837/322 335/839/323 334/836/321
f 507/837/322 334/836/321 161/835/321
f 508/840/324 162/838/323 163/841/325
f 508/840/324 163/841/325 336/842/325
f 508/840/324 336/842/325 335/839/323
f 508/840/324 335/839/323 162/838/323
f 509/843/326 163/841/325 164/844/327
f 509/843/326 164/844/327 337/845/327
f 509/843/326 337/845/327 336/842/325
f 509/843/326 336/842/325 163/841/325
f 510/846/328 164/844/327 165/847/329
f 510/846/328 165/847/329 338/848/329
f 510/846/328 338/848/329 337/845/327
f 510/846/328 337/845/327 164/844/327
f 511/849/330 165/847/329 166/850/331
f 511/849/330 166/850/331 339/851/331
f 511/849/330 339/851/331 338/848/329
f 511/849/330 338/848/329 165/847/329
f 512/852/332 166/850/331 167/853/333
f 512/852/332 167/853/333 340/854/333
f 512/852/332 340/854/333 339/851/331
f 512/852/332 339/851/331 166/850/331
f 513/855/334 167/853/333 168/856/335
f 513/855/334 168/856/335 341/857/335
f 513/855/334 341/857/335 340/854/333
f 513/855/334 340/854/333 167/853/333
f 514/858/336 168/856/335 169/859/337
f 514/858/336 169/859/337 342/860/337
f 514/858/336 342/860/337 341/857/335
f 514/858/336 341/857/335 168/856/335
f 515/861/338 169/859/337 170/862/339
f 515/861/338 170/862/339 343/863/339
f 515/861/338 343/863/339 342/860/337
f 515/861/338 342/860/337 169/859/337
f 516/864/340 170/862/339 171/865/341
f 516/864/340 171/865/341 344/866/341
f 516/864/340 344/866/341 343/863/339
f 516/864/340 343/863/339 170/862/339
f 517/867/342 171/865/341 172/868/343
f 517/867/342 172/868/343 345/869/343
f 517/867/342 345/869/343 344/866/341
f 517/867/342 344/866/341 171/865/341
f 518/870/344 172/868/343 173/871/345
f 518/870/344 173/871/345 346/872/345
f 518/870/344 346/872/345 345/869/343
f 518/870/344 345/869/343 172/868/343
f 519/873/346 173/871/345 1/874/12
f 519/873/346 1/874/12 174/875/12
f 519/873/346 174/875/12 346/872/345
f 519/873/346 346/872/345 173/871/345
f 758/876/2 759/877/3 757/878/2
f 760/879/2 756/880/2 757/878/2
f 757/878/2 759/877/3 760/879/2
f 760/879/2 761/881/2 756/880/2
f 745/898/2 746/897/1 744/899/3
f 746/897/1 743/900/1 744/899/3
f 742/901/2 746/897/1 741/902/2
f 741/902/2 746/897/1 740/905/2
f 746/897/1 737/908/1 738/907/1
f 737/908/1 746/897/1 736/909/3
f 720/926/2 714/904/2 719/927/1
f 714/904/2 721/925/2 722/928/2
f 714/904/2 717/929/2 718/930/2
f 716/931/2 714/904/2 715/932/2
f 717/929/2 714/904/2 716/931/2
f 714/904/2 718/930/2 719/927/1
f 768/936/2 769/957/1 770/958/2
f 770/958/2 771/959/1 768/936/2
f 768/936/2 771/959/1 772/960/2
f 773/961/2 774/962/2 768/936/2
f 775/963/1 768/936/2 774/962/2
f 779/967/2 768/936/2 778/966/2
f 800/943/1 791/979/3 792/980/2
f 800/943/1 792/980/2 793/981/2
f 800/943/1 794/982/1 795/983/3
f 795/983/3 796/984/2 800/943/1
f 798/986/1 799/987/4 800/943/1
f 797/985/2 798/986/1 800/943/1
f 793/981/2 794/982/1 800/943/1
f 680/993/2 694/992/2 695/996/2
f 680/993/2 690/997/1 691/998/2
f 680/993/2 685/1001/2 686/1002/2
f 680/993/2 684/1003/2 685/1001/2
f 682/1005/2 683/1006/2 680/993/2
f 682/1005/2 680/993/2 681/1007/2
f 683/1006/2 684/1003/2 680/993/2
f 688/1000/2 680/993/2 687/1004/2
f 667/1010/1 668/1011/2 673/1012/2
f 671/1023/1 672/1022/2 669/1021/1
f 673/1012/2 674/1008/2 667/1010/1
f 669/1021/1 670/1024/3 671/1023/1
f 617/1026/7 616/1027/7 615/1028/8
f 617/1026/7 615/1028/8 618/1030/6
f 604/915/7 603/1046/7 602/1047/7
f 601/1048/8 604/915/7 602/1047/7
f 604/915/7 601/1048/8 600/1049/7
f 604/915/7 600/1049/7 599/1050/7
f 604/915/7 599/1050/7 598/1053/8
f 595/1056/8 604/915/7 596/1055/7
f 604/915/7 595/1056/8 594/1057/7
f 586/1065/7 585/1066/7 572/1052/7
f 583/1069/7 582/1070/7 572/1052/7
f 572/1052/7 579/1073/7 578/1074/7
f 575/1077/7 572/1052/7 576/1078/7
f 572/1052/7 574/1079/6 573/1080/7
f 572/1052/7 575/1077/7 574/1079/6
f 576/1078/7 572/1052/7 577/1075/7
f 580/1076/7 572/1052/7 581/1071/7
f 627/1099/7 626/913/7 628/1100/7
f 629/1101/7 628/1100/7 626/913/7
f 629/1101/7 626/913/7 630/1102/7
f 626/913/7 633/1105/7 632/1103/7
f 630/1102/7 626/913/7 631/1104/6
f 633/1105/7 626/913/7 634/1106/7
f 636/1107/7 635/1108/7 626/913/7
f 641/1113/7 640/1111/7 626/913/7
f 626/913/7 639/1112/6 638/1110/6
f 647/1119/8 658/1090/7 648/1120/7
f 649/1121/7 658/1090/7 650/1122/7
f 650/1122/7 658/1090/7 651/1123/7
f 652/1124/7 658/1090/7 653/1125/7
f 654/1126/7 653/1125/7 658/1090/7
f 658/1090/7 655/1127/7 654/1126/7
f 657/1128/7 656/1129/7 658/1090/7
f 656/1129/7 655/1127/7 658/1090/7
f 652/1124/7 651/1123/7 658/1090/7
f 538/1134/7 547/1141/7 546/1142/7
f 538/1134/7 548/1139/7 547/1141/7
f 549/1140/6 538/1134/7 550/1137/7
f 554/1131/7 553/1138/7 538/1134/7
f 543/1143/7 538/1134/7 544/1144/7
f 542/1145/7 538/1134/7 543/1143/7
f 545/1146/6 544/1144/7 538/1134/7
f 541/1147/7 540/1148/7 538/1134/7
f 538/1134/7 540/1148/7 539/1149/7
f 542/1145/7 541/1147/7 538/1134/7
f 527/1163/6 526/1153/7 530/1164/6
f 530/1164/6 529/1165/8 527/1163/6
f 530/1164/6 526/1153/7 531/1154/7
f 528/1166/7 527/1163/6 529/1165/8
f 804/1168/346 520/1169/345 521/1170/347
f 804/1168/346 521/1170/347 663/1171/347
f 804/1168/346 663/1171/347 662/1172/345
f 804/1168/346 662/1172/345 520/1169/345
f 805/1173/348 521/1170/347 522/1174/349
f 805/1173/348 522/1174/349 664/1175/349
f 805/1173/348 664/1175/349 663/1171/347
f 805/1173/348 663/1171/347 521/1170/347
f 806/1176/350 522/1174/349 523/1177/19
f 806/1176/350 523/1177/19 665/1178/19
f 806/1176/350 665/1178/19 664/1175/349
f 806/1176/350 664/1175/349 522/1174/349
f 807/1179/351 523/1177/19 524/1180/352
f 807/1179/351 524/1180/352 666/1181/353
f 807/1179/351 666/1181/353 665/1178/19
f 807/1179/351 665/1178/19 523/1177/19
f 808/1182/354 524/1180/352 525/1183/355
f 808/1182/354 525/1183/355 667/1184/355
f 808/1182/354 667/1184/355 666/1181/353
f 808/1182/354 666/1181/353 524/1180/352
f 809/1185/356 525/1183/355 526/1186/357
f 809/1185/356 526/1186/357 668/1187/357
f 809/1185/356 668/1187/357 667/1184/355
f 809/1185/356 667/1184/355 525/1183/355
f 810/1188/358 526/1186/357 527/1189/359
f 810/1188/358 527/1189/359 669/1190/359
f 810/1188/358 669/1190/359 668/1187/357
f 810/1188/358 668/1187/357 526/1186/357
f 811/1191/37 527/1189/359 528/1192/360
f 811/1191/37 528/1192/360 670/1193/360
f 811/1191/37 670/1193/360 669/1190/359
f 811/1191/37 669/1190/359 527/1189/359
f 812/1194/361 528/1192/360 529/1195/362
f 812/1194/361 529/1195/362 671/1196/362
f 812/1194/361 671/1196/362 670/1193/360
f 812/1194/361 670/1193/360 528/1192/360
f 813/1197/46 529/1195/362 530/1198/363
f 813/1197/46 530/1198/363 672/1199/363
f 813/1197/46 672/1199/363 671/1196/362
f 813/1197/46 671/1196/362 529/1195/362
f 814/1200/364 530/1198/363 531/1201/365
f 814/1200/364 531/1201/365 673/1202/365
f 814/1200/364 673/1202/365 672/1199/363
f 814/1200/364 672/1199/363 530/1198/363
f 815/1203/366 531/1201/365 532/1204/367
f 815/1203/366 532/1204/367 674/1205/367
f 815/1203/366 674/1205/367 673/1202/365
f 815/1203/366 673/1202/365 531/1201/365
f 816/1206/368 532/1204/367 533/1207/369
f 816/1206/368 533/1207/369 675/1208/369
f 816/1206/368 675/1208/369 674/1205/367
f 816/1206/368 674/1205/367 532/1204/367
f 817/1209/62 533/1207/369 534/1210/370
f 817/1209/62 534/1210/370 676/1211/370
f 817/1209/62 676/1211/370 675/1208/369
f 817/1209/62 675/1208/369 533/1207/369
f 818/1212/371 534/1210/370 535/1213/372
f 818/1212/371 535/1213/372 677/1214/372
f 818/1212/371 677/1214/372 676/1211/370
f 818/1212/371 676/1211/370 534/1210/370
f 819/1215/373 535/1213/372 536/1216/374
f 819/1215/373 536/1216/374 678/1217/374
f 819/1215/373 678/1217/374 677/1214/372
f 819/1215/373 677/1214/372 535/1213/372
f 820/1218/375 536/1216/374 537/1219/376
f 820/1218/375 537/1219/376 679/1220/376
f 820/1218/375 679/1220/376 678/1217/374
f 820/1218/375 678/1217/374 536/1216/374
f 821/1221/77 537/1219/376 538/1222/377
f 821/1221/77 538/1222/377 680/1223/377
f 821/1221/77 680/1223/377 679/1220/376
f 821/1221/77 679/1220/376 537/1219/376
f 822/1224/378 538/1222/377 539/1225/379
f 822/1224/378 539/1225/379 681/1226/379
f 822/1224/378 681/1226/379 680/1223/377
f 822/1224/378 680/1223/377 538/1222/377
f 823/1227/380 539/1225/379 540/1228/381
f 823/1227/380 540/1228/381 682/1229/381
f 823/1227/380 682/1229/381 681/1226/379
f 823/1227/380 681/1226/379 539/1225/379
f 824/1230/382 540/1228/381 541/1231/383
f 824/1230/382 541/1231/383 683/1232/383
f 824/1230/382 683/1232/383 682/1229/381
f 824/1230/382 682/1229/381 540/1228/381
f 825/1233/384 541/1231/383 542/1234/385
f 825/1233/384 542/1234/385 684/1235/385
f 825/1233/384 684/1235/385 683/1232/383
f 825/1233/384 683/1232/383 541/1231/383
f 826/1236/386 542/1234/385 543/1237/387
f 826/1236/386 543/1237/387 685/1238/387
f 826/1236/386 685/1238/387 684/1235/385
f 826/1236/386 684/1235/385 542/1234/385
f 827/1239/388 543/1237/387 544/1240/389
f 827/1239/388 544/1240/389 686/1241/389
f 827/1239/388 686/1241/389 685/1238/387
f 827/1239/388 685/1238/387 543/1237/387
f 828/1242/390 544/1240/389 545/1243/391
f 828/1242/390 545/1243/391 687/1244/391
f 828/1242/390 687/1244/391 686/1241/389
f 828/1242/390 686/1241/389 544/1240/389
f 829/1245/392 545/1243/391 546/1246/393
f 829/1245/392 546/1246/393 688/1247/393
f 829/1245/392 688/1247/393 687/1244/391
f 829/1245/392 687/1244/391 545/1243/391
f 830/1248/394 546/1246/393 547/1249/395
f 830/1248/394 547/1249/395 689/1250/395
f 830/1248/394 689/1250/395 688/1247/393
f 830/1248/394 688/1247/393 546/1246/393
f 831/1251/396 547/1249/395 548/1252/397
f 831/1251/396 548/1252/397 690/1253/397
f 831/1251/396 690/1253/397 689/1250/395
f 831/1251/396 689/1250/395 547/1249/395
f 832/1254/398 548/1252/397 549/1255/399
f 832/1254/398 549/1255/399 691/1256/399
f 832/1254/398 691/1256/399 690/1253/397
f 832/1254/398 690/1253/397 548/1252/397
f 833/1257/400 549/1255/399 550/1258/401
f 833/1257/400 550/1258/401 692/1259/401
f 833/1257/400 692/1259/401 691/1256/399
f 833/1257/400 691/1256/399 549/1255/399
f 834/1260/402 550/1258/401 551/1261/403
f 834/1260/402 551/1261/403 693/1262/403
f 834/1260/402 693/1262/403 692/1259/401
f 834/1260/402 692/1259/401 550/1258/401
f 835/1263/404 551/1261/403 552/1264/405
f 835/1263/404 552/1264/405 694/1265/405
f 835/1263/404 694/1265/405 693/1262/403
f 835/1263/404 693/1262/403 551/1261/403
f 836/1266/406 552/1264/405 553/1267/407
f 836/1266/406 553/1267/407 695/1268/407
f 836/1266/406 695/1268/407 694/1265/405
f 836/1266/406 694/1265/405 552/1264/405
f 837/1269/408 553/1267/407 554/1270/409
f 837/1269/408 554/1270/409 696/1271/409
f 837/1269/408 696/1271/409 695/1268/407
f 837/1269/408 695/1268/407 553/1267/407
f 838/1272/410 554/1270/409 555/1273/411
f 838/1272/410 555/1273/411 697/1274/411
f 838/1272/410 697/1274/411 696/1271/409
f 838/1272/410 696/1271/409 554/1270/409
f 839/1275/412 555/1273/411 556/1276/413
f 839/1275/412 556/1276/413 698/1277/413
f 839/1275/412 698/1277/413 697/1274/411
f 839/1275/412 697/1274/411 555/1273/411
f 840/1278/414 556/1276/413 557/1279/415
f 840/1278/414 557/1279/415 699/1280/415
f 840/1278/414 699/1280/415 698/1277/413
f 840/1278/414 698/1277/413 556/1276/413
f 841/1281/416 557/1279/415 558/1282/417
f 841/1281/416 558/1282/417 700/1283/417
f 841/1281/416 700/1283/417 699/1280/415
f 841/1281/416 699/1280/415 557/1279/415
f 842/1284/418 558/1282/417 559/1285/419
f 842/1284/418 559/1285/419 701/1286/419
f 842/1284/418 701/1286/419 700/1283/417
f 842/1284/418 700/1283/417 558/1282/417
f 843/1287/420 559/1285/419 560/1288/399
f 843/1287/420 560/1288/399 702/1289/421
f 843/1287/420 702/1289/421 701/1286/419
f 843/1287/420 701/1286/419 559/1285/419
f 844/1290/422 560/1288/399 561/1291/423
f 844/1290/422 561/1291/423 703/1292/423
f 844/1290/422 703/1292/423 702/1289/421
f 844/1290/422 702/1289/421 560/1288/399
f 845/1293/424 561/1291/423 562/1294/425
f 845/1293/424 562/1294/425 704/1295/425
f 845/1293/424 704/1295/425 703/1292/423
f 845/1293/424 703/1292/423 561/1291/423
f 846/1296/426 562/1294/425 563/1297/427
f 846/1296/426 563/1297/427 705/1298/427
f 846/1296/426 705/1298/427 704/1295/425
f 846/1296/426 704/1295/425 562/1294/425
f 847/1299/428 563/1297/427 564/1300/429
f 847/1299/428 564/1300/429 706/1301/430
f 847/1299/428 706/1301/430 705/1298/427
f 847/1299/428 705/1298/427 563/1297/427
f 848/1302/431 564/1300/429 565/1303/432
f 848/1302/431 565/1303/432 707/1304/432
f 848/1302/431 707/1304/432 706/1301/430
f 848/1302/431 706/1301/430 564/1300/429
f 849/1305/433 565/1303/432 566/1306/434
f 849/1305/433 566/1306/434 708/1307/387
f 849/1305/433 708/1307/387 707/1304/432
f 849/1305/433 707/1304/432 565/1303/432
f 850/1308/435 566/1306/434 567/1309/385
f 850/1308/435 567/1309/385 709/1310/385
f 850/1308/435 709/1310/385 708/1307/387
f 850/1308/435 708/1307/387 566/1306/434
f 851/1311/436 567/1309/385 568/1312/437
f 851/1311/436 568/1312/437 710/1313/437
f 851/1311/436 710/1313/437 709/1310/385
f 851/1311/436 709/1310/385 567/1309/385
f 852/1314/438 568/1312/437 569/1315/381
f 852/1314/438 569/1315/381 711/1316/381
f 852/1314/438 711/1316/381 710/1313/437
f 852/1314/438 710/1313/437 568/1312/437
f 853/1317/439 569/1315/381 570/1318/440
f 853/1317/439 570/1318/440 712/1319/440
f 853/1317/439 712/1319/440 711/1316/381
f 853/1317/439 711/1316/381 569/1315/381
f 854/1320/441 570/1318/440 571/1321/377
f 854/1320/441 571/1321/377 713/1322/377
f 854/1320/441 713/1322/377 712/1319/440
f 854/1320/441 712/1319/440 570/1318/440
f 855/1323/77 571/1321/377 572/1324/442
f 855/1323/77 572/1324/442 714/1325/442
f 855/1323/77 714/1325/442 713/1322/377
f 855/1323/77 713/1322/377 571/1321/377
f 856/1326/443 572/1327/442 573/1328/444
f 856/1326/443 573/1328/444 715/1329/444
f 856/1326/443 715/1329/444 714/1330/442
f 856/1326/443 714/1330/442 572/1327/442
f 857/1331/445 573/1328/444 574/1332/446
f 857/1331/445 574/1332/446 716/1333/446
f 857/1331/445 716/1333/446 715/1329/444
f 857/1331/445 715/1329/444 573/1328/444
f 858/1334/447 574/1332/446 575/1335/448
f 858/1334/447 575/1335/448 717/1336/448
f 858/1334/447 717/1336/448 716/1333/446
f 858/1334/447 716/1333/446 574/1332/446
f 859/1337/449 575/1335/448 576/1338/450
f 859/1337/449 576/1338/450 718/1339/450
f 859/1337/449 718/1339/450 717/1336/448
f 859/1337/449 717/1336/448 575/1335/448
f 860/1340/87 576/1338/450 577/1341/88
f 860/1340/87 577/1341/88 719/1342/88
f 860/1340/87 719/1342/88 718/1339/450
f 860/1340/87 718/1339/450 576/1338/450
f 861/1343/451 577/1341/88 578/1344/452
f 861/1343/451 578/1344/452 720/1345/453
f 861/1343/451 720/1345/453 719/1342/88
f 861/1343/451 719/1342/88 577/1341/88
f 862/1346/454 578/1344/452 579/1347/92
f 862/1346/454 579/1347/92 721/1348/92
f 862/1346/454 721/1348/92 720/1345/453
f 862/1346/454 720/1345/453 578/1344/452
f 863/1349/455 579/1347/92 580/1350/456
f 863/1349/455 580/1350/456 722/1351/456
f 863/1349/455 722/1351/456 721/1348/92
f 863/1349/455 721/1348/92 579/1347/92
f 864/1352/457 580/1350/456 581/1353/458
f 864/1352/457 581/1353/458 723/1354/458
f 864/1352/457 723/1354/458 722/1351/456
f 864/1352/457 722/1351/456 580/1350/456
f 865/1355/459 581/1353/458 582/1356/460
f 865/1355/459 582/1356/460 724/1357/460
f 865/1355/459 724/1357/460 723/1354/458
f 865/1355/459 723/1354/458 581/1353/458
f 866/1358/100 582/1356/460 583/1359/461
f 866/1358/100 583/1359/461 725/1360/462
f 866/1358/100 725/1360/462 724/1357/460
f 866/1358/100 724/1357/460 582/1356/460
f 867/1361/463 583/1359/461 584/1362/464
f 867/1361/463 584/1362/464 726/1363/464
f 867/1361/463 726/1363/464 725/1360/462
f 867/1361/463 725/1360/462 583/1359/461
f 868/1364/465 584/1362/464 585/1365/466
f 868/1364/465 585/1365/466 727/1366/466
f 868/1364/465 727/1366/466 726/1363/464
f 868/1364/465 726/1363/464 584/1362/464
f 869/1367/467 585/1365/466 586/1368/107
f 869/1367/467 586/1368/107 728/1369/107
f 869/1367/467 728/1369/107 727/1366/466
f 869/1367/467 727/1366/466 585/1365/466
f 870/1370/468 586/1368/107 587/1371/469
f 870/1370/468 587/1371/469 729/1372/469
f 870/1370/468 729/1372/469 728/1369/107
f 870/1370/468 728/1369/107 586/1368/107
f 871/1373/110 587/1371/469 588/1374/111
f 871/1373/110 588/1374/111 730/1375/111
f 871/1373/110 730/1375/111 729/1372/469
f 871/1373/110 729/1372/469 587/1371/469
f 872/1376/470 588/1374/111 589/1377/471
f 872/1376/470 589/1377/471 731/1378/471
f 872/1376/470 731/1378/471 730/1375/111
f 872/1376/470 730/1375/111 588/1374/111
f 873/1379/472 589/1377/471 590/1380/473
f 873/1379/472 590/1380/473 732/1381/473
f 873/1379/472 732/1381/473 731/1378/471
f 873/1379/472 731/1378/471 589/1377/471
f 874/1382/474 590/1380/473 591/1383/475
f 874/1382/474 591/1383/475 733/1384/475
f 874/1382/474 733/1384/475 732/1381/473
f 874/1382/474 732/1381/473 590/1380/473
f 875/1385/476 591/1383/475 592/1386/477
f 875/1385/476 592/1386/477 734/1387/477
f 875/1385/476 734/1387/477 733/1384/475
f 875/1385/476 733/1384/475 591/1383/475
f 876/1388/478 592/1386/477 593/1389/479
f 876/1388/478 593/1389/479 735/1390/479
f 876/1388/478 735/1390/479 734/1387/477
f 876/1388/478 734/1387/477 592/1386/477
f 877/1391/480 593/1389/479 594/1392/481
f 877/1391/480 594/1392/481 736/1393/481
f 877/1391/480 736/1393/481 735/1390/479
f 877/1391/480 735/1390/479 593/1389/479
f 878/1394/482 594/1392/481 595/1395/483
f 878/1394/482 595/1395/483 737/1396/483
f 878/1394/482 737/1396/483 736/1393/481
f 878/1394/482 736/1393/481 594/1392/481
f 879/1397/484 595/1395/483 596/1398/485
f 879/1397/484 596/1398/485 738/1399/485
f 879/1397/484 738/1399/485 737/1396/483
f 879/1397/484 737/1396/483 595/1395/483
f 880/1400/486 596/1398/485 597/1401/487
f 880/1400/486 597/1401/487 739/1402/487
f 880/1400/486 739/1402/487 738/1399/485
f 880/1400/486 738/1399/485 596/1398/485
f 881/1403/130 597/1401/487 598/1404/488
f 881/1403/130 598/1404/488 740/1405/488
f 881/1403/130 740/1405/488 739/1402/487
f 881/1403/130 739/1402/487 597/1401/487
f 882/1406/489 598/1404/488 599/1407/490
f 882/1406/489 599/1407/490 741/1408/490
f 882/1406/489 741/1408/490 740/1405/488
f 882/1406/489 740/1405/488 598/1404/488
f 883/1409/491 599/1407/490 600/1410/492
f 883/1409/491 600/1410/492 742/1411/492
f 883/1409/491 742/1411/492 741/1408/490
f 883/1409/491 741/1408/490 599/1407/490
f 884/1412/493 600/1410/492 601/1413/494
f 884/1412/493 601/1413/494 743/1414/494
f 884/1412/493 743/1414/494 742/1411/492
f 884/1412/493 742/1411/492 600/1410/492
f 885/1415/495 601/1413/494 602/1416/139
f 885/1415/495 602/1416/139 744/1417/139
f 885/1415/495 744/1417/139 743/1414/494
f 885/1415/495 743/1414/494 601/1413/494
f 886/1418/496 602/1416/139 603/1419/497
f 886/1418/496 603/1419/497 745/1420/497
f 886/1418/496 745/1420/497 744/1417/139
f 886/1418/496 744/1417/139 602/1416/139
f 887/1421/142 603/1419/497 604/1422/143
f 887/1421/142 604/1422/143 746/1423/143
f 887/1421/142 746/1423/143 745/1420/497
f 887/1421/142 745/1420/497 603/1419/497
f 888/1424/144 604/1422/143 605/1425/145
f 888/1424/144 605/1425/145 747/1426/145
f 888/1424/144 747/1426/145 746/1423/143
f 888/1424/144 746/1423/143 604/1422/143
f 889/1427/498 605/1425/145 606/1428/499
f 889/1427/498 606/1428/499 748/1429/499
f 889/1427/498 748/1429/499 747/1426/145
f 889/1427/498 747/1426/145 605/1425/145
f 890/1430/148 606/1428/499 607/1431/149
f 890/1430/148 607/1431/149 749/1432/149
f 890/1430/148 749/1432/149 748/1429/499
f 890/1430/148 748/1429/499 606/1428/499
f 891/1433/500 607/1431/149 608/1434/501
f 891/1433/500 608/1434/501 750/1435/502
f 891/1433/500 750/1435/502 749/1432/149
f 891/1433/500 749/1432/149 607/1431/149
f 892/1436/152 608/1434/501 609/1437/503
f 892/1436/152 609/1437/503 751/1438/503
f 892/1436/152 751/1438/503 750/1435/502
f 892/1436/152 750/1435/502 608/1434/501
f 893/1439/504 609/1437/503 610/1440/505
f 893/1439/504 610/1440/505 752/1441/505
f 893/1439/504 752/1441/505 751/1438/503
f 893/1439/504 751/1438/503 609/1437/503
f 894/1442/506 610/1440/505 611/1443/161
f 894/1442/506 611/1443/161 753/1444/161
f 894/1442/506 753/1444/161 752/1441/505
f 894/1442/506 752/1441/505 610/1440/505
f 895/1445/507 611/1443/161 612/1446/508
f 895/1445/507 612/1446/508 754/1447/508
f 895/1445/507 754/1447/508 753/1444/161
f 895/1445/507 753/1444/161 611/1443/161
f 896/1448/509 612/1446/508 613/1449/169
f 896/1448/509 613/1449/169 755/1450/169
f 896/1448/509 755/1450/169 754/1447/508
f 896/1448/509 754/1447/508 612/1446/508
f 897/1451/510 613/1449/169 614/1452/511
f 897/1451/510 614/1452/511 756/1453/511
f 897/1451/510 756/1453/511 755/1450/169
f 897/1451/510 755/1450/169 613/1449/169
f 898/1454/512 614/1452/511 615/1455/513
f 898/1454/512 615/1455/513 757/1456/513
f 898/1454/512 757/1456/513 756/1453/511
f 898/1454/512 756/1453/511 614/1452/511
f 899/1457/514 615/1455/513 616/1458/515
f 899/1457/514 616/1458/515 758/1459/515
f 899/1457/514 758/1459/515 757/1456/513
f 899/1457/514 757/1456/513 615/1455/513
f 900/1460/516 616/1458/515 617/1461/517
f 900/1460/516 617/1461/517 759/1462/517
f 900/1460/516 759/1462/517 758/1459/515
f 900/1460/516 758/1459/515 616/1458/515
f 901/1463/188 617/1461/517 618/1464/518
f 901/1463/188 618/1464/518 760/1465/518
f 901/1463/188 760/1465/518 759/1462/517
f 901/1463/188 759/1462/517 617/1461/517
f 902/1466/192 618/1464/518 619/1467/519
f 902/1466/192 619/1467/519 761/1468/519
f 902/1466/192 761/1468/519 760/1465/518
f 902/1466/192 760/1465/518 618/1464/518
f 903/1469/520 619/1467/519 620/1470/521
f 903/1469/520 620/1470/521 762/1471/521
f 903/1469/520 762/1471/521 761/1468/519
f 903/1469/520 761/1468/519 619/1467/519
f 904/1472/522 620/1470/521 621/1473/202
f 904/1472/522 621/1473/202 763/1474/202
f 904/1472/522 763/1474/202 762/1471/521
f 904/1472/522 762/1471/521 620/1470/521
f 905/1475/523 621/1473/202 622/1476/524
f 905/1475/523 622/1476/524 764/1477/524
f 905/1475/523 764/1477/524 763/1474/202
f 905/1475/523 763/1474/202 621/1473/202
f 906/1478/525 622/1476/524 623/1479/526
f 906/1478/525 623/1479/526 765/1480/526
f 906/1478/525 765/1480/526 764/1477/524
f 906/1478/525 764/1477/524 622/1476/524
f 907/1481/527 623/1479/526 624/1482/528
f 907/1481/527 624/1482/528 766/1483/528
f 907/1481/527 766/1483/528 765/1480/526
f 907/1481/527 765/1480/526 623/1479/526
f 908/1484/529 624/1482/528 625/1485/530
f 908/1484/529 625/1485/530 767/1486/530
f 908/1484/529 767/1486/530 766/1483/528
f 908/1484/529 766/1483/528 624/1482/528
f 909/1487/219 625/1485/530 626/1488/531
f 909/1487/219 626/1488/531 768/1489/531
f 909/1487/219 768/1489/531 767/1486/530
f 909/1487/219 767/1486/530 625/1485/530
f 910/1490/532 626/1491/531 627/1492/533
f 910/1490/532 627/1492/533 769/1493/533
f 910/1490/532 769/1493/533 768/1494/531
f 910/1490/532 768/1494/531 626/1491/531
f 911/1495/534 627/1492/533 628/1496/535
f 911/1495/534 628/1496/535 770/1497/535
f 911/1495/534 770/1497/535 769/1493/533
f 911/1495/534 769/1493/533 627/1492/533
f 912/1498/536 628/1496/535 629/1499/537
f 912/1498/536 629/1499/537 771/1500/537
f 912/1498/536 771/1500/537 770/1497/535
f 912/1498/536 770/1497/535 628/1496/535
f 913/1501/538 629/1499/537 630/1502/539
f 913/1501/538 630/1502/539 772/1503/539
f 913/1501/538 772/1503/539 771/1500/537
f 913/1501/538 771/1500/537 629/1499/537
f 914/1504/283 630/1502/539 631/1505/540
f 914/1504/283 631/1505/540 773/1506/540
f 914/1504/283 773/1506/540 772/1503/539
f 914/1504/283 772/1503/539 630/1502/539
f 915/1507/285 631/1505/540 632/1508/541
f 915/1507/285 632/1508/541 774/1509/542
f 915/1507/285 774/1509/542 773/1506/540
f 915/1507/285 773/1506/540 631/1505/540
f 916/1510/543 632/1508/541 633/1511/544
f 916/1510/543 633/1511/544 775/1512/544
f 916/1510/543 775/1512/544 774/1509/542
f 916/1510/543 774/1509/542 632/1508/541
f 917/1513/545 633/1511/544 634/1514/546
f 917/1513/545 634/1514/546 776/1515/546
f 917/1513/545 776/1515/546 775/1512/544
f 917/1513/545 775/1512/544 633/1511/544
f 918/1516/547 634/1514/546 635/1517/548
f 918/1516/547 635/1517/548 777/1518/548
f 918/1516/547 777/1518/548 776/1515/546
f 918/1516/547 776/1515/546 634/1514/546
f 919/1519/549 635/1517/548 636/1520/294
f 919/1519/549 636/1520/294 778/1521/294
f 919/1519/549 778/1521/294 777/1518/548
f 919/1519/549 777/1518/548 635/1517/548
f 920/1522/550 636/1520/294 637/1523/551
f 920/1522/550 637/1523/551 779/1524/551
f 920/1522/550 779/1524/551 778/1521/294
f 920/1522/550 778/1521/294 636/1520/294
f 921/1525/552 637/1523/551 638/1526/553
f 921/1525/552 638/1526/553 780/1527/553
f 921/1525/552 780/1527/553 779/1524/551
f 921/1525/552 779/1524/551 637/1523/551
f 922/1528/554 638/1526/553 639/1529/555
f 922/1528/554 639/1529/555 781/1530/555
f 922/1528/554 781/1530/555 780/1527/553
f 922/1528/554 780/1527/553 638/1526/553
f 923/1531/556 639/1529/555 640/1532/557
f 923/1531/556 640/1532/557 782/1533/557
f 923/1531/556 782/1533/557 781/1530/555
f 923/1531/556 781/1530/555 639/1529/555
f 924/1534/558 640/1532/557 641/1535/304
f 924/1534/558 641/1535/304 783/1536/304
f 924/1534/558 783/1536/304 782/1533/557
f 924/1534/558 782/1533/557 640/1532/557
f 925/1537/559 641/1535/304 642/1538/560
f 925/1537/559 642/1538/560 784/1539/560
f 925/1537/559 784/1539/560 783/1536/304
f 925/1537/559 783/1536/304 641/1535/304
f 926/1540/561 642/1538/560 643/1541/562
f 926/1540/561 643/1541/562 785/1542/562
f 926/1540/561 785/1542/562 784/1539/560
f 926/1540/561 784/1539/560 642/1538/560
f 927/1543/563 643/1541/562 644/1544/310
f 927/1543/563 644/1544/310 786/1545/310
f 927/1543/563 786/1545/310 785/1542/562
f 927/1543/563 785/1542/562 643/1541/562
f 928/1546/564 644/1544/310 645/1547/565
f 928/1546/564 645/1547/565 787/1548/565
f 928/1546/564 787/1548/565 786/1545/310
f 928/1546/564 786/1545/310 644/1544/310
f 929/1549/566 645/1547/565 646/1550/567
f 929/1549/566 646/1550/567 788/1551/567
f 929/1549/566 788/1551/567 787/1548/565
f 929/1549/566 787/1548/565 645/1547/565
f 930/1552/568 646/1550/567 647/1553/569
f 930/1552/568 647/1553/569 789/1554/569
f 930/1552/568 789/1554/569 788/1551/567
f 930/1552/568 788/1551/567 646/1550/567
f 931/1555/570 647/1553/569 648/1556/571
f 931/1555/570 648/1556/571 790/1557/571
f 931/1555/570 790/1557/571 789/1554/569
f 931/1555/570 789/1554/569 647/1553/569
f 932/1558/572 648/1556/571 649/1559/573
f 932/1558/572 649/1559/573 791/1560/573
f 932/1558/572 791/1560/573 790/1557/571
f 932/1558/572 790/1557/571 648/1556/571
f 933/1561/574 649/1559/573 650/1562/575
f 933/1561/574 650/1562/575 792/1563/575
f 933/1561/574 792/1563/575 791/1560/573
f 933/1561/574 791/1560/573 649/1559/573
f 934/1564/576 650/1562/575 651/1565/577
f 934/1564/576 651/1565/577 793/1566/577
f 934/1564/576 793/1566/577 792/1563/575
f 934/1564/576 792/1563/575 650/1562/575
f 935/1567/578 651/1565/577 652/1568/579
f 935/1567/578 652/1568/579 794/1569/579
f 935/1567/578 794/1569/579 793/1566/577
f 935/1567/578 793/1566/577 651/1565/577
f 936/1570/580 652/1568/579 653/1571/329
f 936/1570/580 653/1571/329 795/1572/329
f 936/1570/580 795/1572/329 794/1569/579
f 936/1570/580 794/1569/579 652/1568/579
f 937/1573/581 653/1571/329 654/1574/582
f 937/1573/581 654/1574/582 796/1575/582
f 937/1573/581 796/1575/582 795/1572/329
f 937/1573/581 795/1572/329 653/1571/329
f 938/1576/583 654/1574/582 655/1577/584
f 938/1576/583 655/1577/584 797/1578/584
f 938/1576/583 797/1578/584 796/1575/582
f 938/1576/583 796/1575/582 654/1574/582
f 939/1579/585 655/1577/584 656/1580/586
f 939/1579/585 656/1580/586 798/1581/586
f 939/1579/585 798/1581/586 797/1578/584
f 939/1579/585 797/1578/584 655/1577/584
f 940/1582/587 656/1580/586 657/1583/588
f 940/1582/587 657/1583/588 799/1584/588
f 940/1582/587 799/1584/588 798/1581/586
f 940/1582/587 798/1581/586 656/1580/586
f 941/1585/338 657/1583/588 658/1586/589
f 941/1585/338 658/1586/589 800/1587/589
f 941/1585/338 800/1587/589 799/1584/588
f 941/1585/338 799/1584/588 657/1583/588
f 942/1588/590 658/1586/589 659/1589/591
f 942/1588/590 659/1589/591 801/1590/591
f 942/1588/590 801/1590/591 800/1587/589
f 942/1588/590 800/1587/589 658/1586/589
f 943/1591/592 659/1592/591 660/1593/593
f 943/1591/592 660/1593/593 802/1594/593
f 943/1591/592 802/1594/593 801/1595/591
f 943/1591/592 801/1595/591 659/1592/591
f 944/1596/594 660/1593/593 661/1597/343
f 944/1596/594 661/1597/343 803/1598/343
f 944/1596/594 803/1598/343 802/1594/593
f 944/1596/594 802/1594/593 660/1593/593
f 945/1599/595 661/1597/343 520/1600/345
f 945/1599/595 520/1600/345 662/1601/345
f 945/1599/595 662/1601/345 803/1598/343
f 945/1599/595 803/1598/343 661/1597/343
f 1161/1602/5 1162/1603/3 1160/1604/1
f 1163/1605/1 1159/1606/2 1160/1604/1
f 1160/1604/1 1162/1603/3 1163/1605/1
f 1159/1606/2 1164/1607/2 1158/1610/2
f 1163/1605/1 1164/1607/2 1159/1606/2
f 1143/1616/1 1151/1617/2 1152/1613/2
f 1157/1609/2 1165/1608/1 1156/1619/2
f 1154/1618/1 1155/1611/2 1166/1612/1
f 1145/1658/2 1147/1659/2 1148/1660/2
f 1145/1658/2 1146/1661/2 1147/1659/2
f 1145/1658/2 1148/1660/2 1144/1663/3
f 1149/1662/2 1150/1620/1 1144/1663/3
f 1128/1677/2 1130/1678/2 1131/1679/1
f 1128/1677/2 1129/1680/2 1130/1678/2
f 1128/1677/2 1131/1679/1 1127/1681/2
f 1122/1685/3 1117/1686/2 1118/1687/2
f 1116/1684/2 1117/1686/2 1124/1688/2
f 1126/1689/2 1132/1683/1 1125/1682/2
f 1126/1689/2 1127/1681/2 1131/1679/1
f 1119/1693/3 1120/1694/3 1121/1695/1
f 1122/1685/3 1123/1696/1 1117/1686/2
f 1118/1687/2 1121/1695/1 1122/1685/3
f 1121/1695/1 1118/1687/2 1119/1693/3
f 1186/1698/1 1189/1699/2 1190/1700/2
f 1187/1701/2 1188/1702/2 1189/1699/2
f 1185/1703/1 1190/1700/2 1191/1704/1
f 1193/1706/2 1194/1708/1 1200/1709/2
f 1187/1701/2 1189/1699/2 1186/1698/1
f 1184/1707/2 1185/1703/1 1192/1705/1
f 1190/1700/2 1185/1703/1 1186/1698/1
f 1196/1712/2 1197/1713/2 1198/1714/3
f 1199/1710/1 1196/1712/2 1198/1714/3
f 1195/1711/1 1196/1712/2 1199/1710/1
f 1211/1732/2 1212/1733/2 1082/1734/2
f 1213/1735/2 1214/1736/2 1215/1737/3
f 1217/1738/2 1212/1733/2 1216/1739/3
f 1216/1739/3 1213/1735/2 1215/1737/3
f 1212/1733/2 1217/1738/2 1082/1734/2
f 1098/1637/2 1086/1756/2 1087/1757/1
f 1210/1640/2 1085/1761/1 1086/1756/2
f 1091/1763/3 1095/1764/2 1096/1765/2
f 1096/1765/2 1097/1759/2 1089/1762/2
f 1092/1766/2 1095/1764/2 1091/1763/3
f 1094/1767/2 1092/1766/2 1093/1768/2
f 1094/1767/2 1095/1764/2 1092/1766/2
f 1091/1763/3 1096/1765/2 1090/1769/1
f 1026/1770/7 1025/1771/7 1024/1772/7
f 1023/1773/6 1027/1774/7 1024/1772/7
f 1026/1770/7 1024/1772/7 1027/1774/7
f 1029/1775/7 1028/1776/7 1021/1777/7
f 1028/1776/7 1027/1774/7 1023/1773/6
f 1017/1781/7 1016/1782/6 1006/1783/7
f 1015/1784/8 1007/1785/7 1016/1782/6
f 1029/1775/7 1021/1777/7 1020/1787/8
f 1014/1788/7 1007/1785/7 1015/1784/8
f 1011/1810/6 1009/1811/8 1012/1812/7
f 1010/1813/9 1009/1811/8 1011/1810/6
f 1013/1814/7 1012/1812/7 1008/1815/7
f 1012/1812/7 1009/1811/8 1008/1815/7
f 1014/1788/7 1013/1814/7 1008/1815/7
f 994/1826/7 992/1827/7 995/1828/7
f 993/1829/7 992/1827/7 994/1826/7
f 981/1832/6 986/1833/7 982/1834/6
f 996/1690/7 995/1828/7 990/1836/6
f 989/1831/6 988/1835/7 980/1691/7
f 984/1840/7 983/1841/7 985/1842/7
f 987/1843/7 986/1833/7 981/1832/6
f 988/1835/7 987/1843/7 981/1832/6
f 982/1834/6 985/1842/7 983/1841/7
f 1053/1844/7 1050/1845/7 1054/1846/8
f 1052/1847/7 1051/1848/7 1053/1844/7
f 1054/1846/8 1049/1849/7 1055/1850/7
f 1056/1852/7 1055/1850/7 1049/1849/7
f 1058/1853/7 1063/1854/7 1059/1855/7
f 1053/1844/7 1051/1848/7 1050/1845/7
f 1061/1856/9 1060/1857/6 1062/1858/7
f 1058/1853/7 1064/1839/7 1063/1854/7
f 1060/1857/6 1059/1855/7 1063/1854/7
f 1076/1870/8 1075/1869/6 946/1871/6
f 1078/1872/7 1077/1873/7 1079/1874/7
f 1076/1870/8 1081/1875/7 1080/1876/7
f 1077/1873/7 1080/1876/7 1079/1874/7
f 1081/1875/7 1076/1870/8 946/1871/6
f 952/1888/6 951/1887/7 961/1889/7
f 948/1868/7 947/1890/7 1075/1869/6
f 949/1891/7 948/1868/7 1074/1729/7
f 959/1893/7 955/1894/7 960/1895/7
f 961/1889/7 960/1895/7 953/1892/6
f 959/1893/7 956/1896/7 955/1894/7
f 956/1896/7 958/1897/7 957/1898/7
f 959/1893/7 958/1897/7 956/1896/7
f 960/1895/7 954/1899/6 953/1892/6
f 1218/1900/596 946/1901/597 947/1902/598
f 1218/1900/596 947/1902/598 1083/1903/598
f 1218/1900/596 1083/1903/598 1082/1904/597
f 1218/1900/596 1082/1904/597 946/1901/597
f 1219/1905/599 947/1902/598 948/1906/600
f 1219/1905/599 948/1906/600 1084/1907/600
f 1219/1905/599 1084/1907/600 1083/1903/598
f 1219/1905/599 1083/1903/598 947/1902/598
f 1220/1908/601 948/1906/600 949/1909/602
f 1220/1908/601 949/1909/602 1085/1910/602
f 1220/1908/601 1085/1910/602 1084/1907/600
f 1220/1908/601 1084/1907/600 948/1906/600
f 1221/1911/603 949/1909/602 950/1912/604
f 1221/1911/603 950/1912/604 1086/1913/604
f 1221/1911/603 1086/1913/604 1085/1910/602
f 1221/1911/603 1085/1910/602 949/1909/602
f 1222/1914/605 950/1912/604 951/1915/606
f 1222/1914/605 951/1915/606 1087/1916/606
f 1222/1914/605 1087/1916/606 1086/1913/604
f 1222/1914/605 1086/1913/604 950/1912/604
f 1223/1917/607 951/1915/606 952/1918/608
f 1223/1917/607 952/1918/608 1088/1919/608
f 1223/1917/607 1088/1919/608 1087/1916/606
f 1223/1917/607 1087/1916/606 951/1915/606
f 1224/1920/609 952/1918/608 953/1921/610
f 1224/1920/609 953/1921/610 1089/1922/610
f 1224/1920/609 1089/1922/610 1088/1919/608
f 1224/1920/609 1088/1919/608 952/1918/608
f 1225/1923/611 953/1921/610 954/1924/612
f 1225/1923/611 954/1924/612 1090/1925/612
f 1225/1923/611 1090/1925/612 1089/1922/610
f 1225/1923/611 1089/1922/610 953/1921/610
f 1226/1926/613 954/1924/612 955/1927/614
f 1226/1926/613 955/1927/614 1091/1928/614
f 1226/1926/613 1091/1928/614 1090/1925/612
f 1226/1926/613 1090/1925/612 954/1924/612
f 1227/1929/615 955/1927/614 956/1930/616
f 1227/1929/615 956/1930/616 1092/1931/616
f 1227/1929/615 1092/1931/616 1091/1928/614
f 1227/1929/615 1091/1928/614 955/1927/614
f 1228/1932/617 956/1930/616 957/1933/618
f 1228/1932/617 957/1933/618 1093/1934/618
f 1228/1932/617 1093/1934/618 1092/1931/616
f 1228/1932/617 1092/1931/616 956/1930/616
f 1229/1935/619 957/1933/618 958/1936/620
f 1229/1935/619 958/1936/620 1094/1937/620
f 1229/1935/619 1094/1937/620 1093/1934/618
f 1229/1935/619 1093/1934/618 957/1933/618
f 1230/1938/621 958/1936/620 959/1939/622
f 1230/1938/621 959/1939/622 1095/1940/622
f 1230/1938/621 1095/1940/622 1094/1937/620
f 1230/1938/621 1094/1937/620 958/1936/620
f 1231/1941/623 959/1939/622 960/1942/624
f 1231/1941/623 960/1942/624 1096/1943/624
f 1231/1941/623 1096/1943/624 1095/1940/622
f 1231/1941/623 1095/1940/622 959/1939/622
f 1232/1944/625 960/1942/624 961/1945/626
f 1232/1944/625 961/1945/626 1097/1946/627
f 1232/1944/625 1097/1946/627 1096/1943/624
f 1232/1944/625 1096/1943/624 960/1942/624
f 1233/1947/628 961/1945/626 962/1948/629
f 1233/1947/628 962/1948/629 1098/1949/629
f 1233/1947/628 1098/1949/629 1097/1946/627
f 1233/1947/628 1097/1946/627 961/1945/626
f 1234/1950/77 962/1948/629 963/1951/630
f 1234/1950/77 963/1951/630 1099/1952/630
f 1234/1950/77 1099/1952/630 1098/1949/629
f 1234/1950/77 1098/1949/629 962/1948/629
f 1235/1953/631 963/1951/630 964/1954/632
f 1235/1953/631 964/1954/632 1100/1955/632
f 1235/1953/631 1100/1955/632 1099/1952/630
f 1235/1953/631 1099/1952/630 963/1951/630
f 1236/1956/633 964/1954/632 965/1957/634
f 1236/1956/633 965/1957/634 1101/1958/634
f 1236/1956/633 1101/1958/634 1100/1955/632
f 1236/1956/633 1100/1955/632 964/1954/632
f 1237/1959/635 965/1957/634 966/1960/636
f 1237/1959/635 966/1960/636 1102/1961/636
f 1237/1959/635 1102/1961/636 1101/1958/634
f 1237/1959/635 1101/1958/634 965/1957/634
f 1238/1962/637 966/1960/636 967/1963/638
f 1238/1962/637 967/1963/638 1103/1964/638
f 1238/1962/637 1103/1964/638 1102/1961/636
f 1238/1962/637 1102/1961/636 966/1960/636
f 1239/1965/639 967/1963/638 968/1966/640
f 1239/1965/639 968/1966/640 1104/1967/640
f 1239/1965/639 1104/1967/640 1103/1964/638
f 1239/1965/639 1103/1964/638 967/1963/638
f 1240/1968/641 968/1966/640 969/1969/642
f 1240/1968/641 969/1969/642 1105/1970/642
f 1240/1968/641 1105/1970/642 1104/1967/640
f 1240/1968/641 1104/1967/640 968/1966/640
f 1241/1971/643 969/1969/642 970/1972/644
f 1241/1971/643 970/1972/644 1106/1973/644
f 1241/1971/643 1106/1973/644 1105/1970/642
f 1241/1971/643 1105/1970/642 969/1969/642
f 1242/1974/645 970/1972/644 971/1975/646
f 1242/1974/645 971/1975/646 1107/1976/646
f 1242/1974/645 1107/1976/646 1106/1973/644
f 1242/1974/645 1106/1973/644 970/1972/644
f 1243/1977/647 971/1975/646 972/1978/648
f 1243/1977/647 972/1978/648 1108/1979/648
f 1243/1977/647 1108/1979/648 1107/1976/646
f 1243/1977/647 1107/1976/646 971/1975/646
f 1244/1980/649 972/1978/648 973/1981/650
f 1244/1980/649 973/1981/650 1109/1982/650
f 1244/1980/649 1109/1982/650 1108/1979/648
f 1244/1980/649 1108/1979/648 972/1978/648
f 1245/1983/651 973/1981/650 974/1984/652
f 1245/1983/651 974/1984/652 1110/1985/652
f 1245/1983/651 1110/1985/652 1109/1982/650
f 1245/1983/651 1109/1982/650 973/1981/650
f 1246/1986/653 974/1984/652 975/1987/654
f 1246/1986/653 975/1987/654 1111/1988/654
f 1246/1986/653 1111/1988/654 1110/1985/652
f 1246/1986/653 1110/1985/652 974/1984/652
f 1247/1989/655 975/1987/654 976/1990/656
f 1247/1989/655 976/1990/656 1112/1991/656
f 1247/1989/655 1112/1991/656 1111/1988/654
f 1247/1989/655 1111/1988/654 975/1987/654
f 1248/1992/657 976/1990/656 977/1993/658
f 1248/1992/657 977/1993/658 1113/1994/658
f 1248/1992/657 1113/1994/658 1112/1991/656
f 1248/1992/657 1112/1991/656 976/1990/656
f 1249/1995/659 977/1993/658 978/1996/660
f 1249/1995/659 978/1996/660 1114/1997/661
f 1249/1995/659 1114/1997/661 1113/1994/658
f 1249/1995/659 1113/1994/658 977/1993/658
f 1250/1998/662 978/1996/660 979/1999/663
f 1250/1998/662 979/1999/663 1115/2000/663
f 1250/1998/662 1115/2000/663 1114/1997/661
f 1250/1998/662 1114/1997/661 978/1996/660
f 1251/2001/664 979/1999/663 980/2002/665
f 1251/2001/664 980/2002/665 1116/2003/665
f 1251/2001/664 1116/2003/665 1115/2000/663
f 1251/2001/664 1115/2000/663 979/1999/663
f 1252/2004/666 980/2002/665 981/2005/667
f 1252/2004/666 981/2005/667 1117/2006/667
f 1252/2004/666 1117/2006/667 1116/2003/665
f 1252/2004/666 1116/2003/665 980/2002/665
f 1253/2007/668 981/2005/667 982/2008/669
f 1253/2007/668 982/2008/669 1118/2009/669
f 1253/2007/668 1118/2009/669 1117/2006/667
f 1253/2007/668 1117/2006/667 981/2005/667
f 1254/2010/670 982/2008/669 983/2011/671
f 1254/2010/670 983/2011/671 1119/2012/672
f 1254/2010/670 1119/2012/672 1118/2009/669
f 1254/2010/670 1118/2009/669 982/2008/669
f 1255/2013/673 983/2011/671 984/2014/674
f 1255/2013/673 984/2014/674 1120/2015/674
f 1255/2013/673 1120/2015/674 1119/2012/672
f 1255/2013/673 1119/2012/672 983/2011/671
f 1256/2016/675 984/2014/674 985/2017/676
f 1256/2016/675 985/2017/676 1121/2018/676
f 1256/2016/675 1121/2018/676 1120/2015/674
f 1256/2016/675 1120/2015/674 984/2014/674
f 1257/2019/677 985/2017/676 986/2020/66
f 1257/2019/677 986/2020/66 1122/2021/66
f 1257/2019/677 1122/2021/66 1121/2018/676
f 1257/2019/677 1121/2018/676 985/2017/676
f 1258/2022/678 986/2020/66 987/2023/679
f 1258/2022/678 987/2023/679 1123/2024/679
f 1258/2022/678 1123/2024/679 1122/2021/66
f 1258/2022/678 1122/2021/66 986/2020/66
f 1259/2025/680 987/2023/679 988/2026/681
f 1259/2025/680 988/2026/681 1124/2027/681
f 1259/2025/680 1124/2027/681 1123/2024/679
f 1259/2025/680 1123/2024/679 987/2023/679
f 1260/2028/682 988/2026/681 989/2029/683
f 1260/2028/682 989/2029/683 1125/2030/683
f 1260/2028/682 1125/2030/683 1124/2027/681
f 1260/2028/682 1124/2027/681 988/2026/681
f 1261/2031/684 989/2029/683 990/2032/685
f 1261/2031/684 990/2032/685 1126/2033/685
f 1261/2031/684 1126/2033/685 1125/2030/683
f 1261/2031/684 1125/2030/683 989/2029/683
f 1262/2034/686 990/2032/685 991/2035/687
f 1262/2034/686 991/2035/687 1127/2036/687
f 1262/2034/686 1127/2036/687 1126/2033/685
f 1262/2034/686 1126/2033/685 990/2032/685
f 1263/2037/688 991/2035/687 992/2038/689
f 1263/2037/688 992/2038/689 1128/2039/689
f 1263/2037/688 1128/2039/689 1127/2036/687
f 1263/2037/688 1127/2036/687 991/2035/687
f 1264/2040/690 992/2038/689 993/2041/691
f 1264/2040/690 993/2041/691 1129/2042/691
f 1264/2040/690 1129/2042/691 1128/2039/689
f 1264/2040/690 1128/2039/689 992/2038/689
f 1265/2043/692 993/2041/691 994/2044/693
f 1265/2043/692 994/2044/693 1130/2045/693
f 1265/2043/692 1130/2045/693 1129/2042/691
f 1265/2043/692 1129/2042/691 993/2041/691
f 1266/2046/694 994/2044/693 995/2047/695
f 1266/2046/694 995/2047/695 1131/2048/695
f 1266/2046/694 1131/2048/695 1130/2045/693
f 1266/2046/694 1130/2045/693 994/2044/693
f 1267/2049/696 995/2047/695 996/2050/697
f 1267/2049/696 996/2050/697 1132/2051/698
f 1267/2049/696 1132/2051/698 1131/2048/695
f 1267/2049/696 1131/2048/695 995/2047/695
f 1268/2052/144 996/2050/697 997/2053/699
f 1268/2052/144 997/2053/699 1133/2054/699
f 1268/2052/144 1133/2054/699 1132/2051/698
f 1268/2052/144 1132/2051/698 996/2050/697
f 1269/2055/700 997/2056/699 998/2057/701
f 1269/2055/700 998/2057/701 1134/2058/701
f 1269/2055/700 1134/2058/701 1133/2059/699
f 1269/2055/700 1133/2059/699 997/2056/699
f 1270/2060/702 998/2057/701 999/2061/703
f 1270/2060/702 999/2061/703 1135/2062/703
f 1270/2060/702 1135/2062/703 1134/2058/701
f 1270/2060/702 1134/2058/701 998/2057/701
f 1271/2063/704 999/2061/703 1000/2064/705
f 1271/2063/704 1000/2064/705 1136/2065/706
f 1271/2063/704 1136/2065/706 1135/2062/703
f 1271/2063/704 1135/2062/703 999/2061/703
f 1272/2066/707 1000/2064/705 1001/2067/708
f 1272/2066/707 1001/2067/708 1137/2068/708
f 1272/2066/707 1137/2068/708 1136/2065/706
f 1272/2066/707 1136/2065/706 1000/2064/705
f 1273/2069/709 1001/2067/708 1002/2070/710
f 1273/2069/709 1002/2070/710 1138/2071/710
f 1273/2069/709 1138/2071/710 1137/2068/708
f 1273/2069/709 1137/2068/708 1001/2067/708
f 1274/2072/711 1002/2070/710 1003/2073/712
f 1274/2072/711 1003/2073/712 1139/2074/712
f 1274/2072/711 1139/2074/712 1138/2071/710
f 1274/2072/711 1138/2071/710 1002/2070/710
f 1275/2075/713 1003/2073/712 1004/2076/714
f 1275/2075/713 1004/2076/714 1140/2077/715
f 1275/2075/713 1140/2077/715 1139/2074/712
f 1275/2075/713 1139/2074/712 1003/2073/712
f 1276/2078/716 1004/2076/714 1005/2079/717
f 1276/2078/716 1005/2079/717 1141/2080/717
f 1276/2078/716 1141/2080/717 1140/2077/715
f 1276/2078/716 1140/2077/715 1004/2076/714
f 1277/2081/718 1005/2079/717 1006/2082/719
f 1277/2081/718 1006/2082/719 1142/2083/719
f 1277/2081/718 1142/2083/719 1141/2080/717
f 1277/2081/718 1141/2080/717 1005/2079/717
f 1278/2084/720 1006/2082/719 1007/2085/721
f 1278/2084/720 1007/2085/721 1143/2086/721
f 1278/2084/720 1143/2086/721 1142/2083/719
f 1278/2084/720 1142/2083/719 1006/2082/719
f 1279/2087/722 1007/2085/721 1008/2088/723
f 1279/2087/722 1008/2088/723 1144/2089/723
f 1279/2087/722 1144/2089/723 1143/2086/721
f 1279/2087/722 1143/2086/721 1007/2085/721
f 1280/2090/724 1008/2088/723 1009/2091/725
f 1280/2090/724 1009/2091/725 1145/2092/725
f 1280/2090/724 1145/2092/725 1144/2089/723
f 1280/2090/724 1144/2089/723 1008/2088/723
f 1281/2093/726 1009/2091/725 1010/2094/727
f 1281/2093/726 1010/2094/727 1146/2095/728
f 1281/2093/726 1146/2095/728 1145/2092/725
f 1281/2093/726 1145/2092/725 1009/2091/725
f 1282/2096/729 1010/2094/727 1011/2097/730
f 1282/2096/729 1011/2097/730 1147/2098/730
f 1282/2096/729 1147/2098/730 1146/2095/728
f 1282/2096/729 1146/2095/728 1010/2094/727
f 1283/2099/731 1011/2097/730 1012/2100/732
f 1283/2099/731 1012/2100/732 1148/2101/732
f 1283/2099/731 1148/2101/732 1147/2098/730
f 1283/2099/731 1147/2098/730 1011/2097/730
f 1284/2102/733 1012/2100/732 1013/2103/734
f 1284/2102/733 1013/2103/734 1149/2104/734
f 1284/2102/733 1149/2104/734 1148/2101/732
f 1284/2102/733 1148/2101/732 1012/2100/732
f 1285/2105/735 1013/2103/734 1014/2106/736
f 1285/2105/735 1014/2106/736 1150/2107/737
f 1285/2105/735 1150/2107/737 1149/2104/734
f 1285/2105/735 1149/2104/734 1013/2103/734
f 1286/2108/738 1014/2106/736 1015/2109/739
f 1286/2108/738 1015/2109/739 1151/2110/739
f 1286/2108/738 1151/2110/739 1150/2107/737
f 1286/2108/738 1150/2107/737 1014/2106/736
f 1287/2111/740 1015/2109/739 1016/2112/741
f 1287/2111/740 1016/2112/741 1152/2113/741
f 1287/2111/740 1152/2113/741 1151/2110/739
f 1287/2111/740 1151/2110/739 1015/2109/739
f 1288/2114/742 1016/2112/741 1017/2115/743
f 1288/2114/742 1017/2115/743 1153/2116/743
f 1288/2114/742 1153/2116/743 1152/2113/741
f 1288/2114/742 1152/2113/741 1016/2112/741
f 1289/2117/744 1017/2115/743 1018/2118/745
f 1289/2117/744 1018/2118/745 1154/2119/745
f 1289/2117/744 1154/2119/745 1153/2116/743
f 1289/2117/744 1153/2116/743 1017/2115/743
f 1290/2120/746 1018/2118/745 1019/2121/747
f 1290/2120/746 1019/2121/747 1155/2122/747
f 1290/2120/746 1155/2122/747 1154/2119/745
f 1290/2120/746 1154/2119/745 1018/2118/745
f 1291/2123/748 1019/2121/747 1020/2124/749
f 1291/2123/748 1020/2124/749 1156/2125/750
f 1291/2123/748 1156/2125/750 1155/2122/747
f 1291/2123/748 1155/2122/747 1019/2121/747
f 1292/2126/751 1020/2124/749 1021/2127/752
f 1292/2126/751 1021/2127/752 1157/2128/752
f 1292/2126/751 1157/2128/752 1156/2125/750
f 1292/2126/751 1156/2125/750 1020/2124/749
f 1293/2129/753 1021/2127/752 1022/2130/754
f 1293/2129/753 1022/2130/754 1158/2131/754
f 1293/2129/753 1158/2131/754 1157/2128/752
f 1293/2129/753 1157/2128/752 1021/2127/752
f 1294/2132/755 1022/2130/754 1023/2133/756
f 1294/2132/755 1023/2133/756 1159/2134/756
f 1294/2132/755 1159/2134/756 1158/2131/754
f 1294/2132/755 1158/2131/754 1022/2130/754
f 1295/2135/757 1023/2133/756 1024/2136/758
f 1295/2135/757 1024/2136/758 1160/2137/758
f 1295/2135/757 1160/2137/758 1159/2134/756
f 1295/2135/757 1159/2134/756 1023/2133/756
f 1296/2138/759 1024/2136/758 1025/2139/760
f 1296/2138/759 1025/2139/760 1161/2140/760
f 1296/2138/759 1161/2140/760 1160/2137/758
f 1296/2138/759 1160/2137/758 1024/2136/758
f 1297/2141/761 1025/2139/760 1026/2142/762
f 1297/2141/761 1026/2142/762 1162/2143/763
f 1297/2141/761 1162/2143/763 1161/2140/760
f 1297/2141/761 1161/2140/760 1025/2139/760
f 1298/2144/764 1026/2142/762 1027/2145/765
f 1298/2144/764 1027/2145/765 1163/2146/765
f 1298/2144/764 1163/2146/765 1162/2143/763
f 1298/2144/764 1162/2143/763 1026/2142/762
f 1299/2147/766 1027/2145/765 1028/2148/767
f 1299/2147/766 1028/2148/767 1164/2149/767
f 1299/2147/766 1164/2149/767 1163/2146/765
f 1299/2147/766 1163/2146/765 1027/2145/765
f 1300/2150/768 1028/2148/767 1029/2151/769
f 1300/2150/768 1029/2151/769 1165/2152/769
f 1300/2150/768 1165/2152/769 1164/2149/767
f 1300/2150/768 1164/2149/767 1028/2148/767
f 1301/2153/770 1029/2151/769 1030/2154/771
f 1301/2153/770 1030/2154/771 1166/2155/771
f 1301/2153/770 1166/2155/771 1165/2152/769
f 1301/2153/770 1165/2152/769 1029/2151/769
f 1302/2156/219 1030/2154/771 1031/2157/772
f 1302/2156/219 1031/2157/772 1167/2158/772
f 1302/2156/219 1167/2158/772 1166/2155/771
f 1302/2156/219 1166/2155/771 1030/2154/771
f 1303/2159/773 1031/2160/772 1032/2161/774
f 1303/2159/773 1032/2161/774 1168/2162/774
f 1303/2159/773 1168/2162/774 1167/2163/772
f 1303/2159/773 1167/2163/772 1031/2160/772
f 1304/2164/775 1032/2161/774 1033/2165/776
f 1304/2164/775 1033/2165/776 1169/2166/776
f 1304/2164/775 1169/2166/776 1168/2162/774
f 1304/2164/775 1168/2162/774 1032/2161/774
f 1305/2167/777 1033/2165/776 1034/2168/778
f 1305/2167/777 1034/2168/778 1170/2169/778
f 1305/2167/777 1170/2169/778 1169/2166/776
f 1305/2167/777 1169/2166/776 1033/2165/776
f 1306/2170/779 1034/2168/778 1035/2171/780
f 1306/2170/779 1035/2171/780 1171/2172/780
f 1306/2170/779 1171/2172/780 1170/2169/778
f 1306/2170/779 1170/2169/778 1034/2168/778
f 1307/2173/781 1035/2171/780 1036/2174/782
f 1307/2173/781 1036/2174/782 1172/2175/782
f 1307/2173/781 1172/2175/782 1171/2172/780
f 1307/2173/781 1171/2172/780 1035/2171/780
f 1308/2176/783 1036/2174/782 1037/2177/784
f 1308/2176/783 1037/2177/784 1173/2178/784
f 1308/2176/783 1173/2178/784 1172/2175/782
f 1308/2176/783 1172/2175/782 1036/2174/782
f 1309/2179/785 1037/2177/784 1038/2180/786
f 1309/2179/785 1038/2180/786 1174/2181/786
f 1309/2179/785 1174/2181/786 1173/2178/784
f 1309/2179/785 1173/2178/784 1037/2177/784
f 1310/2182/787 1038/2180/786 1039/2183/788
f 1310/2182/787 1039/2183/788 1175/2184/788
f 1310/2182/787 1175/2184/788 1174/2181/786
f 1310/2182/787 1174/2181/786 1038/2180/786
f 1311/2185/789 1039/2183/788 1040/2186/790
f 1311/2185/789 1040/2186/790 1176/2187/790
f 1311/2185/789 1176/2187/790 1175/2184/788
f 1311/2185/789 1175/2184/788 1039/2183/788
f 1312/2188/791 1040/2186/790 1041/2189/792
f 1312/2188/791 1041/2189/792 1177/2190/792
f 1312/2188/791 1177/2190/792 1176/2187/790
f 1312/2188/791 1176/2187/790 1040/2186/790
f 1313/2191/793 1041/2189/792 1042/2192/794
f 1313/2191/793 1042/2192/794 1178/2193/794
f 1313/2191/793 1178/2193/794 1177/2190/792
f 1313/2191/793 1177/2190/792 1041/2189/792
f 1314/2194/795 1042/2192/794 1043/2195/796
f 1314/2194/795 1043/2195/796 1179/2196/796
f 1314/2194/795 1179/2196/796 1178/2193/794
f 1314/2194/795 1178/2193/794 1042/2192/794
f 1315/2197/797 1043/2195/796 1044/2198/798
f 1315/2197/797 1044/2198/798 1180/2199/798
f 1315/2197/797 1180/2199/798 1179/2196/796
f 1315/2197/797 1179/2196/796 1043/2195/796
f 1316/2200/799 1044/2198/798 1045/2201/800
f 1316/2200/799 1045/2201/800 1181/2202/800
f 1316/2200/799 1181/2202/800 1180/2199/798
f 1316/2200/799 1180/2199/798 1044/2198/798
f 1317/2203/801 1045/2201/800 1046/2204/802
f 1317/2203/801 1046/2204/802 1182/2205/802
f 1317/2203/801 1182/2205/802 1181/2202/800
f 1317/2203/801 1181/2202/800 1045/2201/800
f 1318/2206/803 1046/2204/802 1047/2207/804
f 1318/2206/803 1047/2207/804 1183/2208/804
f 1318/2206/803 1183/2208/804 1182/2205/802
f 1318/2206/803 1182/2205/802 1046/2204/802
f 1319/2209/805 1047/2207/804 1048/2210/806
f 1319/2209/805 1048/2210/806 1184/2211/806
f 1319/2209/805 1184/2211/806 1183/2208/804
f 1319/2209/805 1183/2208/804 1047/2207/804
f 1320/2212/807 1048/2210/806 1049/2213/808
f 1320/2212/807 1049/2213/808 1185/2214/808
f 1320/2212/807 1185/2214/808 1184/2211/806
f 1320/2212/807 1184/2211/806 1048/2210/806
f 1321/2215/809 1049/2213/808 1050/2216/810
f 1321/2215/809 1050/2216/810 1186/2217/810
f 1321/2215/809 1186/2217/810 1185/2214/808
f 1321/2215/809 1185/2214/808 1049/2213/808
f 1322/2218/811 1050/2216/810 1051/2219/812
f 1322/2218/811 1051/2219/812 1187/2220/812
f 1322/2218/811 1187/2220/812 1186/2217/810
f 1322/2218/811 1186/2217/810 1050/2216/810
f 1323/2221/813 1051/2219/812 1052/2222/814
f 1323/2221/813 1052/2222/814 1188/2223/814
f 1323/2221/813 1188/2223/814 1187/2220/812
f 1323/2221/813 1187/2220/812 1051/2219/812
f 1324/2224/815 1052/2222/814 1053/2225/816
f 1324/2224/815 1053/2225/816 1189/2226/816
f 1324/2224/815 1189/2226/816 1188/2223/814
f 1324/2224/815 1188/2223/814 1052/2222/814
f 1325/2227/817 1053/2225/816 1054/2228/818
f 1325/2227/817 1054/2228/818 1190/2229/818
f 1325/2227/817 1190/2229/818 1189/2226/816
f 1325/2227/817 1189/2226/816 1053/2225/816
f 1326/2230/819 1054/2228/818 1055/2231/820
f 1326/2230/819 1055/2231/820 1191/2232/820
f 1326/2230/819 1191/2232/820 1190/2229/818
f 1326/2230/819 1190/2229/818 1054/2228/818
f 1327/2233/821 1055/2231/820 1056/2234/822
f 1327/2233/821 1056/2234/822 1192/2235/822
f 1327/2233/821 1192/2235/822 1191/2232/820
f 1327/2233/821 1191/2232/820 1055/2231/820
f 1328/2236/823 1056/2234/822 1057/2237/824
f 1328/2236/823 1057/2237/824 1193/2238/824
f 1328/2236/823 1193/2238/824 1192/2235/822
f 1328/2236/823 1192/2235/822 1056/2234/822
f 1329/2239/825 1057/2237/824 1058/2240/826
f 1329/2239/825 1058/2240/826 1194/2241/826
f 1329/2239/825 1194/2241/826 1193/2238/824
f 1329/2239/825 1193/2238/824 1057/2237/824
f 1330/2242/827 1058/2240/826 1059/2243/828
f 1330/2242/827 1059/2243/828 1195/2244/828
f 1330/2242/827 1195/2244/828 1194/2241/826
f 1330/2242/827 1194/2241/826 1058/2240/826
f 1331/2245/829 1059/2243/828 1060/2246/830
f 1331/2245/829 1060/2246/830 1196/2247/830
f 1331/2245/829 1196/2247/830 1195/2244/828
f 1331/2245/829 1195/2244/828 1059/2243/828
f 1332/2248/831 1060/2246/830 1061/2249/832
f 1332/2248/831 1061/2249/832 1197/2250/832
f 1332/2248/831 1197/2250/832 1196/2247/830
f 1332/2248/831 1196/2247/830 1060/2246/830
f 1333/2251/833 1061/2249/832 1062/2252/834
f 1333/2251/833 1062/2252/834 1198/2253/834
f 1333/2251/833 1198/2253/834 1197/2250/832
f 1333/2251/833 1197/2250/832 1061/2249/832
f 1334/2254/835 1062/2252/834 1063/2255/836
f 1334/2254/835 1063/2255/836 1199/2256/836
f 1334/2254/835 1199/2256/836 1198/2253/834
f 1334/2254/835 1198/2253/834 1062/2252/834
f 1335/2257/837 1063/2255/836 1064/2258/838
f 1335/2257/837 1064/2258/838 1200/2259/838
f 1335/2257/837 1200/2259/838 1199/2256/836
f 1335/2257/837 1199/2256/836 1063/2255/836
f 1336/2260/590 1064/2258/838 1065/2261/839
f 1336/2260/590 1065/2261/839 1201/2262/839
f 1336/2260/590 1201/2262/839 1200/2259/838
f 1336/2260/590 1200/2259/838 1064/2258/838
f 1337/2263/840 1065/2261/839 1066/2264/841
f 1337/2263/840 1066/2264/841 1202/2265/841
f 1337/2263/840 1202/2265/841 1201/2262/839
f 1337/2263/840 1201/2262/839 1065/2261/839
f 1338/2266/842 1066/2264/841 1067/2267/843
f 1338/2266/842 1067/2267/843 1203/2268/843
f 1338/2266/842 1203/2268/843 1202/2265/841
f 1338/2266/842 1202/2265/841 1066/2264/841
f 1339/2269/844 1067/2267/843 1068/2270/845
f 1339/2269/844 1068/2270/845 1204/2271/845
f 1339/2269/844 1204/2271/845 1203/2268/843
f 1339/2269/844 1203/2268/843 1067/2267/843
f 1340/2272/846 1068/2270/845 1069/2273/847
f 1340/2272/846 1069/2273/847 1205/2274/847
f 1340/2272/846 1205/2274/847 1204/2271/845
f 1340/2272/846 1204/2271/845 1068/2270/845
f 1341/2275/848 1069/2276/847 1070/2277/572
f 1341/2275/848 1070/2277/572 1206/2278/572
f 1341/2275/848 1206/2278/572 1205/2279/847
f 1341/2275/848 1205/2279/847 1069/2276/847
f 1342/2280/849 1070/2277/572 1071/2281/850
f 1342/2280/849 1071/2281/850 1207/2282/850
f 1342/2280/849 1207/2282/850 1206/2278/572
f 1342/2280/849 1206/2278/572 1070/2277/572
f 1343/2283/851 1071/2281/850 1072/2284/852
f 1343/2283/851 1072/2284/852 1208/2285/852
f 1343/2283/851 1208/2285/852 1207/2282/850
f 1343/2283/851 1207/2282/850 1071/2281/850
f 1344/2286/853 1072/2284/852 1073/2287/854
f 1344/2286/853 1073/2287/854 1209/2288/854
f 1344/2286/853 1209/2288/854 1208/2285/852
f 1344/2286/853 1208/2285/852 1072/2284/852
f 1345/2289/855 1073/2287/854 1074/2290/856
f 1345/2289/855 1074/2290/856 1210/2291/856
f 1345/2289/855 1210/2291/856 1209/2288/854
f 1345/2289/855 1209/2288/854 1073/2287/854
f 1346/2292/857 1074/2290/856 1075/2293/858
f 1346/2292/857 1075/2293/858 1211/2294/858
f 1346/2292/857 1211/2294/858 1210/2291/856
f 1346/2292/857 1210/2291/856 1074/2290/856
f 1347/2295/859 1075/2293/858 1076/2296/860
f 1347/2295/859 1076/2296/860 1212/2297/860
f 1347/2295/859 1212/2297/860 1211/2294/858
f 1347/2295/859 1211/2294/858 1075/2293/858
f 1348/2298/861 1076/2296/860 1077/2299/862
f 1348/2298/861 1077/2299/862 1213/2300/862
f 1348/2298/861 1213/2300/862 1212/2297/860
f 1348/2298/861 1212/2297/860 1076/2296/860
f 1349/2301/863 1077/2299/862 1078/2302/864
f 1349/2301/863 1078/2302/864 1214/2303/864
f 1349/2301/863 1214/2303/864 1213/2300/862
f 1349/2301/863 1213/2300/862 1077/2299/862
f 1350/2304/865 1078/2302/864 1079/2305/866
f 1350/2304/865 1079/2305/866 1215/2306/866
f 1350/2304/865 1215/2306/866 1214/2303/864
f 1350/2304/865 1214/2303/864 1078/2302/864
f 1351/2307/867 1079/2305/866 1080/2308/868
f 1351/2307/867 1080/2308/868 1216/2309/868
f 1351/2307/867 1216/2309/868 1215/2306/866
f 1351/2307/867 1215/2306/866 1079/2305/866
f 1352/2310/869 1080/2308/868 1081/2311/870
f 1352/2310/869 1081/2311/870 1217/2312/870
f 1352/2310/869 1217/2312/870 1216/2309/868
f 1352/2310/869 1216/2309/868 1080/2308/868
f 1353/2313/871 1081/2311/870 946/2314/597
f 1353/2313/871 946/2314/597 1082/2315/597
f 1353/2313/871 1082/2315/597 1217/2312/870
f 1353/2313/871 1217/2312/870 1081/2311/870
f 1702/2316/1 1703/2317/3 1700/2318/1
f 1700/2318/1 1701/2319/3 1702/2316/1
f 1700/2318/1 1703/2317/3 1699/2320/2
f 1703/2317/3 1704/2325/3 1699/2320/2
f 1686/2363/3 1687/2362/2 1689/2361/2
f 1689/2361/2 1684/2367/1 1685/2364/2
f 1675/2381/1 1673/2374/2 1674/2382/2
f 1673/2374/2 1675/2381/1 1676/2379/2
f 1711/2345/2 1712/2430/2 1713/2431/2
f 1711/2345/2 1714/2432/1 1715/2433/2
f 1726/2445/2 1727/2446/2 1728/2425/2
f 1726/2445/2 1728/2425/2 1725/2444/2
f 1663/2466/2 1657/2482/2 1658/2483/2
f 1663/2466/2 1658/2483/2 1659/2485/1
f 1657/2482/2 1663/2466/2 1656/2488/2
f 1664/2476/2 1665/2489/2 1666/2490/2
f 1668/2491/1 1664/2476/2 1667/2492/2
f 1666/2490/2 1667/2492/2 1664/2476/2
f 1660/2494/2 1661/2495/2 1663/2466/2
f 1663/2466/2 1661/2495/2 1662/2496/2
f 1625/2497/7 1624/2498/7 1622/2499/7
f 1623/2500/7 1622/2499/7 1624/2498/7
f 1626/2505/7 1620/2506/6 1627/2507/7
f 1626/2505/7 1621/2501/6 1620/2506/6
f 1611/2370/7 1610/2534/7 1609/2535/8
f 1609/2535/8 1608/2536/7 1611/2370/7
f 1595/2371/7 1597/2553/7 1596/2554/7
f 1597/2553/7 1595/2371/7 1598/2552/6
f 1600/2550/7 1599/2551/7 1595/2371/7
f 1636/2597/7 1635/2596/6 1633/1866/7
f 1649/2608/7 1648/2609/7 1650/2588/7
f 1650/2588/7 1646/2607/6 1645/2605/7
f 1580/2632/7 1585/2459/7 1581/2634/7
f 1585/2459/7 1579/2631/7 1578/2637/8
f 1587/2638/8 1586/2458/6 1588/2639/7
f 1589/2641/6 1588/2639/7 1586/2458/6
f 1590/2640/7 1586/2458/6 1591/2642/7
f 1583/2643/7 1585/2459/7 1584/2645/7
f 1582/2644/7 1581/2634/7 1585/2459/7
f 1502/2646/872 1354/2647/873 1355/2648/874
f 1502/2646/872 1355/2648/874 1429/2649/874
f 1502/2646/872 1429/2649/874 1428/2650/873
f 1502/2646/872 1428/2650/873 1354/2647/873
f 1503/2651/875 1355/2648/874 1356/2652/149
f 1503/2651/875 1356/2652/149 1430/2653/149
f 1503/2651/875 1430/2653/149 1429/2649/874
f 1503/2651/875 1429/2649/874 1355/2648/874
f 1504/2654/876 1356/2652/149 1357/2655/877
f 1504/2654/876 1357/2655/877 1431/2656/877
f 1504/2654/876 1431/2656/877 1430/2653/149
f 1504/2654/876 1430/2653/149 1356/2652/149
f 1505/2657/878 1357/2655/877 1358/2658/879
f 1505/2657/878 1358/2658/879 1432/2659/879
f 1505/2657/878 1432/2659/879 1431/2656/877
f 1505/2657/878 1431/2656/877 1357/2655/877
f 1506/2660/880 1358/2658/879 1359/2661/881
f 1506/2660/880 1359/2661/881 1433/2662/881
f 1506/2660/880 1433/2662/881 1432/2659/879
f 1506/2660/880 1432/2659/879 1358/2658/879
f 1507/2663/882 1359/2661/881 1360/2664/883
f 1507/2663/882 1360/2664/883 1434/2665/883
f 1507/2663/882 1434/2665/883 1433/2662/881
f 1507/2663/882 1433/2662/881 1359/2661/881
f 1508/2666/884 1360/2664/883 1361/2667/885
f 1508/2666/884 1361/2667/885 1435/2668/885
f 1508/2666/884 1435/2668/885 1434/2665/883
f 1508/2666/884 1434/2665/883 1360/2664/883
f 1509/2669/886 1361/2667/885 1362/2670/887
f 1509/2669/886 1362/2670/887 1436/2671/887
f 1509/2669/886 1436/2671/887 1435/2668/885
f 1509/2669/886 1435/2668/885 1361/2667/885
f 1510/2672/125 1362/2670/887 1363/2673/888
f 1510/2672/125 1363/2673/888 1437/2674/888
f 1510/2672/125 1437/2674/888 1436/2671/887
f 1510/2672/125 1436/2671/887 1362/2670/887
f 1511/2675/889 1363/2673/888 1364/2676/890
f 1511/2675/889 1364/2676/890 1438/2677/890
f 1511/2675/889 1438/2677/890 1437/2674/888
f 1511/2675/889 1437/2674/888 1363/2673/888
f 1512/2678/891 1364/2676/890 1365/2679/892
f 1512/2678/891 1365/2679/892 1439/2680/892
f 1512/2678/891 1439/2680/892 1438/2677/890
f 1512/2678/891 1438/2677/890 1364/2676/890
f 1513/2681/893 1365/2679/892 1366/2682/894
f 1513/2681/893 1366/2682/894 1440/2683/895
f 1513/2681/893 1440/2683/895 1439/2680/892
f 1513/2681/893 1439/2680/892 1365/2679/892
f 1514/2684/896 1366/2682/894 1367/2685/897
f 1514/2684/896 1367/2685/897 1441/2686/897
f 1514/2684/896 1441/2686/897 1440/2683/895
f 1514/2684/896 1440/2683/895 1366/2682/894
f 1515/2687/898 1367/2685/897 1368/2688/464
f 1515/2687/898 1368/2688/464 1442/2689/464
f 1515/2687/898 1442/2689/464 1441/2686/897
f 1515/2687/898 1441/2686/897 1367/2685/897
f 1516/2690/461 1368/2688/464 1369/2691/899
f 1516/2690/461 1369/2691/899 1443/2692/900
f 1516/2690/461 1443/2692/900 1442/2689/464
f 1516/2690/461 1442/2689/464 1368/2688/464
f 1517/2693/901 1369/2691/899 1370/2694/94
f 1517/2693/901 1370/2694/94 1444/2695/94
f 1517/2693/901 1444/2695/94 1443/2692/900
f 1517/2693/901 1443/2692/900 1369/2691/899
f 1518/2696/92 1370/2694/94 1371/2697/902
f 1518/2696/92 1371/2697/902 1445/2698/902
f 1518/2696/92 1445/2698/902 1444/2695/94
f 1518/2696/92 1444/2695/94 1370/2694/94
f 1519/2699/88 1371/2697/902 1372/2700/903
f 1519/2699/88 1372/2700/903 1446/2701/903
f 1519/2699/88 1446/2701/903 1445/2698/902
f 1519/2699/88 1445/2698/902 1371/2697/902
f 1520/2702/904 1372/2700/903 1373/2703/905
f 1520/2702/904 1373/2703/905 1447/2704/905
f 1520/2702/904 1447/2704/905 1446/2701/903
f 1520/2702/904 1446/2701/903 1372/2700/903
f 1521/2705/444 1373/2703/905 1374/2706/441
f 1521/2705/444 1374/2706/441 1448/2707/441
f 1521/2705/444 1448/2707/441 1447/2704/905
f 1521/2705/444 1447/2704/905 1373/2703/905
f 1522/2708/77 1374/2706/441 1375/2709/376
f 1522/2708/77 1375/2709/376 1449/2710/376
f 1522/2708/77 1449/2710/376 1448/2707/441
f 1522/2708/77 1448/2707/441 1374/2706/441
f 1523/2711/906 1375/2709/376 1376/2712/907
f 1523/2711/906 1376/2712/907 1450/2713/907
f 1523/2711/906 1450/2713/907 1449/2710/376
f 1523/2711/906 1449/2710/376 1375/2709/376
f 1524/2714/373 1376/2712/907 1377/2715/908
f 1524/2714/373 1377/2715/908 1451/2716/908
f 1524/2714/373 1451/2716/908 1450/2713/907
f 1524/2714/373 1450/2713/907 1376/2712/907
f 1525/2717/909 1377/2715/908 1378/2718/910
f 1525/2717/909 1378/2718/910 1452/2719/910
f 1525/2717/909 1452/2719/910 1451/2716/908
f 1525/2717/909 1451/2716/908 1377/2715/908
f 1526/2720/911 1378/2718/910 1379/2721/912
f 1526/2720/911 1379/2721/912 1453/2722/912
f 1526/2720/911 1453/2722/912 1452/2719/910
f 1526/2720/911 1452/2719/910 1378/2718/910
f 1527/2723/913 1379/2721/912 1380/2724/914
f 1527/2723/913 1380/2724/914 1454/2725/914
f 1527/2723/913 1454/2725/914 1453/2722/912
f 1527/2723/913 1453/2722/912 1379/2721/912
f 1528/2726/915 1380/2724/914 1381/2727/916
f 1528/2726/915 1381/2727/916 1455/2728/916
f 1528/2726/915 1455/2728/916 1454/2725/914
f 1528/2726/915 1454/2725/914 1380/2724/914
f 1529/2729/50 1381/2727/916 1382/2730/363
f 1529/2729/50 1382/2730/363 1456/2731/363
f 1529/2729/50 1456/2731/363 1455/2728/916
f 1529/2729/50 1455/2728/916 1381/2727/916
f 1530/2732/917 1382/2730/363 1383/2733/44
f 1530/2732/917 1383/2733/44 1457/2734/44
f 1530/2732/917 1457/2734/44 1456/2731/363
f 1530/2732/917 1456/2731/363 1382/2730/363
f 1531/2735/918 1383/2733/44 1384/2736/919
f 1531/2735/918 1384/2736/919 1458/2737/919
f 1531/2735/918 1458/2737/919 1457/2734/44
f 1531/2735/918 1457/2734/44 1383/2733/44
f 1532/2738/920 1384/2736/919 1385/2739/921
f 1532/2738/920 1385/2739/921 1459/2740/921
f 1532/2738/920 1459/2740/921 1458/2737/919
f 1532/2738/920 1458/2737/919 1384/2736/919
f 1533/2741/922 1385/2739/921 1386/2742/923
f 1533/2741/922 1386/2742/923 1460/2743/923
f 1533/2741/922 1460/2743/923 1459/2740/921
f 1533/2741/922 1459/2740/921 1385/2739/921
f 1534/2744/924 1386/2742/923 1387/2745/925
f 1534/2744/924 1387/2745/925 1461/2746/925
f 1534/2744/924 1461/2746/925 1460/2743/923
f 1534/2744/924 1460/2743/923 1386/2742/923
f 1535/2747/25 1387/2745/925 1388/2748/926
f 1535/2747/25 1388/2748/926 1462/2749/926
f 1535/2747/25 1462/2749/926 1461/2746/925
f 1535/2747/25 1461/2746/925 1387/2745/925
f 1536/2750/601 1388/2748/926 1389/2751/927
f 1536/2750/601 1389/2751/927 1463/2752/927
f 1536/2750/601 1463/2752/927 1462/2749/926
f 1536/2750/601 1462/2749/926 1388/2748/926
f 1537/2753/928 1389/2751/927 1390/2754/929
f 1537/2753/928 1390/2754/929 1464/2755/929
f 1537/2753/928 1464/2755/929 1463/2752/927
f 1537/2753/928 1463/2752/927 1389/2751/927
f 1538/2756/930 1390/2754/929 1391/2757/931
f 1538/2756/930 1391/2757/931 1465/2758/931
f 1538/2756/930 1465/2758/931 1464/2755/929
f 1538/2756/930 1464/2755/929 1390/2754/929
f 1539/2759/932 1391/2757/931 1392/2760/933
f 1539/2759/932 1392/2760/933 1466/2761/933
f 1539/2759/932 1466/2761/933 1465/2758/931
f 1539/2759/932 1465/2758/931 1391/2757/931
f 1540/2762/934 1392/2760/933 1393/2763/935
f 1540/2762/934 1393/2763/935 1467/2764/935
f 1540/2762/934 1467/2764/935 1466/2761/933
f 1540/2762/934 1466/2761/933 1392/2760/933
f 1541/2765/936 1393/2763/935 1394/2766/937
f 1541/2765/936 1394/2766/937 1468/2767/937
f 1541/2765/936 1468/2767/937 1467/2764/935
f 1541/2765/936 1467/2764/935 1393/2763/935
f 1542/2768/938 1394/2766/937 1395/2769/939
f 1542/2768/938 1395/2769/939 1469/2770/939
f 1542/2768/938 1469/2770/939 1468/2767/937
f 1542/2768/938 1468/2767/937 1394/2766/937
f 1543/2771/940 1395/2769/939 1396/2772/941
f 1543/2771/940 1396/2772/941 1470/2773/941
f 1543/2771/940 1470/2773/941 1469/2770/939
f 1543/2771/940 1469/2770/939 1395/2769/939
f 1544/2774/942 1396/2772/941 1397/2775/943
f 1544/2774/942 1397/2775/943 1471/2776/943
f 1544/2774/942 1471/2776/943 1470/2773/941
f 1544/2774/942 1470/2773/941 1396/2772/941
f 1545/2777/329 1397/2775/943 1398/2778/944
f 1545/2777/329 1398/2778/944 1472/2779/944
f 1545/2777/329 1472/2779/944 1471/2776/943
f 1545/2777/329 1471/2776/943 1397/2775/943
f 1546/2780/945 1398/2778/944 1399/2781/946
f 1546/2780/945 1399/2781/946 1473/2782/946
f 1546/2780/945 1473/2782/946 1472/2779/944
f 1546/2780/945 1472/2779/944 1398/2778/944
f 1547/2783/947 1399/2781/946 1400/2784/948
f 1547/2783/947 1400/2784/948 1474/2785/948
f 1547/2783/947 1474/2785/948 1473/2782/946
f 1547/2783/947 1473/2782/946 1399/2781/946
f 1548/2786/949 1400/2784/948 1401/2787/950
f 1548/2786/949 1401/2787/950 1475/2788/950
f 1548/2786/949 1475/2788/950 1474/2785/948
f 1548/2786/949 1474/2785/948 1400/2784/948
f 1549/2789/951 1401/2787/950 1402/2790/952
f 1549/2789/951 1402/2790/952 1476/2791/952
f 1549/2789/951 1476/2791/952 1475/2788/950
f 1549/2789/951 1475/2788/950 1401/2787/950
f 1550/2792/953 1402/2790/952 1403/2793/954
f 1550/2792/953 1403/2793/954 1477/2794/954
f 1550/2792/953 1477/2794/954 1476/2791/952
f 1550/2792/953 1476/2791/952 1402/2790/952
f 1551/2795/955 1403/2793/954 1404/2796/302
f 1551/2795/955 1404/2796/302 1478/2797/302
f 1551/2795/955 1478/2797/302 1477/2794/954
f 1551/2795/955 1477/2794/954 1403/2793/954
f 1552/2798/956 1404/2796/302 1405/2799/957
f 1552/2798/956 1405/2799/957 1479/2800/957
f 1552/2798/956 1479/2800/957 1478/2797/302
f 1552/2798/956 1478/2797/302 1404/2796/302
f 1553/2801/296 1405/2799/957 1406/2802/294
f 1553/2801/296 1406/2802/294 1480/2803/294
f 1553/2801/296 1480/2803/294 1479/2800/957
f 1553/2801/296 1479/2800/957 1405/2799/957
f 1554/2804/958 1406/2802/294 1407/2805/959
f 1554/2804/958 1407/2805/959 1481/2806/959
f 1554/2804/958 1481/2806/959 1480/2803/294
f 1554/2804/958 1480/2803/294 1406/2802/294
f 1555/2807/960 1407/2805/959 1408/2808/961
f 1555/2807/960 1408/2808/961 1482/2809/961
f 1555/2807/960 1482/2809/961 1481/2806/959
f 1555/2807/960 1481/2806/959 1407/2805/959
f 1556/2810/284 1408/2808/961 1409/2811/962
f 1556/2810/284 1409/2811/962 1483/2812/962
f 1556/2810/284 1483/2812/962 1482/2809/961
f 1556/2810/284 1482/2809/961 1408/2808/961
f 1557/2813/963 1409/2811/962 1410/2814/964
f 1557/2813/963 1410/2814/964 1484/2815/964
f 1557/2813/963 1484/2815/964 1483/2812/962
f 1557/2813/963 1483/2812/962 1409/2811/962
f 1558/2816/533 1410/2814/964 1411/2817/965
f 1558/2816/533 1411/2817/965 1485/2818/965
f 1558/2816/533 1485/2818/965 1484/2815/964
f 1558/2816/533 1484/2815/964 1410/2814/964
f 1559/2819/219 1411/2817/965 1412/2820/217
f 1559/2819/219 1412/2820/217 1486/2821/217
f 1559/2819/219 1486/2821/217 1485/2818/965
f 1559/2819/219 1485/2818/965 1411/2817/965
f 1560/2822/529 1412/2820/217 1413/2823/966
f 1560/2822/529 1413/2823/966 1487/2824/966
f 1560/2822/529 1487/2824/966 1486/2821/217
f 1560/2822/529 1486/2821/217 1412/2820/217
f 1561/2825/967 1413/2823/966 1414/2826/968
f 1561/2825/967 1414/2826/968 1488/2827/968
f 1561/2825/967 1488/2827/968 1487/2824/966
f 1561/2825/967 1487/2824/966 1413/2823/966
f 1562/2828/818 1414/2826/968 1415/2829/969
f 1562/2828/818 1415/2829/969 1489/2830/969
f 1562/2828/818 1489/2830/969 1488/2827/968
f 1562/2828/818 1488/2827/968 1414/2826/968
f 1563/2831/523 1415/2829/969 1416/2832/970
f 1563/2831/523 1416/2832/970 1490/2833/970
f 1563/2831/523 1490/2833/970 1489/2830/969
f 1563/2831/523 1489/2830/969 1415/2829/969
f 1564/2834/971 1416/2832/970 1417/2835/198
f 1564/2834/971 1417/2835/198 1491/2836/198
f 1564/2834/971 1491/2836/198 1490/2833/970
f 1564/2834/971 1490/2833/970 1416/2832/970
f 1565/2837/196 1417/2835/198 1418/2838/972
f 1565/2837/196 1418/2838/972 1492/2839/972
f 1565/2837/196 1492/2839/972 1491/2836/198
f 1565/2837/196 1491/2836/198 1417/2835/198
f 1566/2840/973 1418/2838/972 1419/2841/974
f 1566/2840/973 1419/2841/974 1493/2842/974
f 1566/2840/973 1493/2842/974 1492/2839/972
f 1566/2840/973 1492/2839/972 1418/2838/972
f 1567/2843/975 1419/2841/974 1420/2844/186
f 1567/2843/975 1420/2844/186 1494/2845/186
f 1567/2843/975 1494/2845/186 1493/2842/974
f 1567/2843/975 1493/2842/974 1419/2841/974
f 1568/2846/976 1420/2844/186 1421/2847/515
f 1568/2846/976 1421/2847/515 1495/2848/515
f 1568/2846/976 1495/2848/515 1494/2845/186
f 1568/2846/976 1494/2845/186 1420/2844/186
f 1569/2849/514 1421/2847/515 1422/2850/977
f 1569/2849/514 1422/2850/977 1496/2851/977
f 1569/2849/514 1496/2851/977 1495/2848/515
f 1569/2849/514 1495/2848/515 1421/2847/515
f 1570/2852/978 1422/2850/977 1423/2853/979
f 1570/2852/978 1423/2853/979 1497/2854/980
f 1570/2852/978 1497/2854/980 1496/2851/977
f 1570/2852/978 1496/2851/977 1422/2850/977
f 1571/2855/981 1423/2853/979 1424/2856/982
f 1571/2855/981 1424/2856/982 1498/2857/982
f 1571/2855/981 1498/2857/982 1497/2854/980
f 1571/2855/981 1497/2854/980 1423/2853/979
f 1572/2858/983 1424/2856/982 1425/2859/984
f 1572/2858/983 1425/2859/984 1499/2860/984
f 1572/2858/983 1499/2860/984 1498/2857/982
f 1572/2858/983 1498/2857/982 1424/2856/982
f 1573/2861/163 1425/2859/984 1426/2862/985
f 1573/2861/163 1426/2862/985 1500/2863/985
f 1573/2861/163 1500/2863/985 1499/2860/984
f 1573/2861/163 1499/2860/984 1425/2859/984
f 1574/2864/986 1426/2862/985 1427/2865/987
f 1574/2864/986 1427/2865/987 1501/2866/987
f 1574/2864/986 1501/2866/987 1500/2863/985
f 1574/2864/986 1500/2863/985 1426/2862/985
f 1575/2867/988 1427/2865/987 1354/2868/873
f 1575/2867/988 1354/2868/873 1428/2869/873
f 1575/2867/988 1428/2869/873 1501/2866/987
f 1575/2867/988 1501/2866/987 1427/2865/987
f 1732/2870/989 1576/2871/990 1577/2872/991
f 1732/2870/989 1577/2872/991 1655/2873/991
f 1732/2870/989 1655/2873/991 1654/2874/990
f 1732/2870/989 1654/2874/990 1576/2871/990
f 1733/2875/992 1577/2872/991 1578/2876/993
f 1733/2875/992 1578/2876/993 1656/2877/993
f 1733/2875/992 1656/2877/993 1655/2873/991
f 1733/2875/992 1655/2873/991 1577/2872/991
f 1734/2878/994 1578/2876/993 1579/2879/995
f 1734/2878/994 1579/2879/995 1657/2880/995
f 1734/2878/994 1657/2880/995 1656/2877/993
f 1734/2878/994 1656/2877/993 1578/2876/993
f 1735/2881/996 1579/2879/995 1580/2882/997
f 1735/2881/996 1580/2882/997 1658/2883/997
f 1735/2881/996 1658/2883/997 1657/2880/995
f 1735/2881/996 1657/2880/995 1579/2879/995
f 1736/2884/998 1580/2882/997 1581/2885/999
f 1736/2884/998 1581/2885/999 1659/2886/999
f 1736/2884/998 1659/2886/999 1658/2883/997
f 1736/2884/998 1658/2883/997 1580/2882/997
f 1737/2887/1000 1581/2885/999 1582/2888/1001
f 1737/2887/1000 1582/2888/1001 1660/2889/1001
f 1737/2887/1000 1660/2889/1001 1659/2886/999
f 1737/2887/1000 1659/2886/999 1581/2885/999
f 1738/2890/1002 1582/2888/1001 1583/2891/1003
f 1738/2890/1002 1583/2891/1003 1661/2892/1003
f 1738/2890/1002 1661/2892/1003 1660/2889/1001
f 1738/2890/1002 1660/2889/1001 1582/2888/1001
f 1739/2893/1004 1583/2891/1003 1584/2894/1005
f 1739/2893/1004 1584/2894/1005 1662/2895/1005
f 1739/2893/1004 1662/2895/1005 1661/2892/1003
f 1739/2893/1004 1661/2892/1003 1583/2891/1003
f 1740/2896/1006 1584/2894/1005 1585/2897/1007
f 1740/2896/1006 1585/2897/1007 1663/2898/1007
f 1740/2896/1006 1663/2898/1007 1662/2895/1005
f 1740/2896/1006 1662/2895/1005 1584/2894/1005
f 1741/2899/1008 1585/2897/1007 1586/2900/1009
f 1741/2899/1008 1586/2900/1009 1664/2901/1009
f 1741/2899/1008 1664/2901/1009 1663/2898/1007
f 1741/2899/1008 1663/2898/1007 1585/2897/1007
f 1742/2902/1010 1586/2900/1009 1587/2903/1011
f 1742/2902/1010 1587/2903/1011 1665/2904/1011
f 1742/2902/1010 1665/2904/1011 1664/2901/1009
f 1742/2902/1010 1664/2901/1009 1586/2900/1009
f 1743/2905/1012 1587/2903/1011 1588/2906/1013
f 1743/2905/1012 1588/2906/1013 1666/2907/1013
f 1743/2905/1012 1666/2907/1013 1665/2904/1011
f 1743/2905/1012 1665/2904/1011 1587/2903/1011
f 1744/2908/1014 1588/2906/1013 1589/2909/1015
f 1744/2908/1014 1589/2909/1015 1667/2910/1015
f 1744/2908/1014 1667/2910/1015 1666/2907/1013
f 1744/2908/1014 1666/2907/1013 1588/2906/1013
f 1745/2911/1016 1589/2909/1015 1590/2912/1017
f 1745/2911/1016 1590/2912/1017 1668/2913/1017
f 1745/2911/1016 1668/2913/1017 1667/2910/1015
f 1745/2911/1016 1667/2910/1015 1589/2909/1015
f 1746/2914/1018 1590/2912/1017 1591/2915/1019
f 1746/2914/1018 1591/2915/1019 1669/2916/1019
f 1746/2914/1018 1669/2916/1019 1668/2913/1017
f 1746/2914/1018 1668/2913/1017 1590/2912/1017
f 1747/2917/1020 1591/2915/1019 1592/2918/1021
f 1747/2917/1020 1592/2918/1021 1670/2919/1021
f 1747/2917/1020 1670/2919/1021 1669/2916/1019
f 1747/2917/1020 1669/2916/1019 1591/2915/1019
f 1748/2920/1022 1592/2918/1021 1593/2921/1023
f 1748/2920/1022 1593/2921/1023 1671/2922/1023
f 1748/2920/1022 1671/2922/1023 1670/2919/1021
f 1748/2920/1022 1670/2919/1021 1592/2918/1021
f 1749/2923/1024 1593/2921/1023 1594/2924/1025
f 1749/2923/1024 1594/2924/1025 1672/2925/1025
f 1749/2923/1024 1672/2925/1025 1671/2922/1023
f 1749/2923/1024 1671/2922/1023 1593/2921/1023
f 1750/2926/77 1594/2924/1025 1595/2927/1026
f 1750/2926/77 1595/2927/1026 1673/2928/1026
f 1750/2926/77 1673/2928/1026 1672/2925/1025
f 1750/2926/77 1672/2925/1025 1594/2924/1025
f 1751/2929/1027 1595/2927/1026 1596/2930/1028
f 1751/2929/1027 1596/2930/1028 1674/2931/1028
f 1751/2929/1027 1674/2931/1028 1673/2928/1026
f 1751/2929/1027 1673/2928/1026 1595/2927/1026
f 1752/2932/1029 1596/2930/1028 1597/2933/903
f 1752/2932/1029 1597/2933/903 1675/2934/903
f 1752/2932/1029 1675/2934/903 1674/2931/1028
f 1752/2932/1029 1674/2931/1028 1596/2930/1028
f 1753/2935/1030 1597/2933/903 1598/2936/902
f 1753/2935/1030 1598/2936/902 1676/2937/902
f 1753/2935/1030 1676/2937/902 1675/2934/903
f 1753/2935/1030 1675/2934/903 1597/2933/903
f 1754/2938/1031 1598/2936/902 1599/2939/1032
f 1754/2938/1031 1599/2939/1032 1677/2940/1032
f 1754/2938/1031 1677/2940/1032 1676/2937/902
f 1754/2938/1031 1676/2937/902 1598/2936/902
f 1755/2941/1033 1599/2939/1032 1600/2942/899
f 1755/2941/1033 1600/2942/899 1678/2943/899
f 1755/2941/1033 1678/2943/899 1677/2940/1032
f 1755/2941/1033 1677/2940/1032 1599/2939/1032
f 1756/2944/461 1600/2942/899 1601/2945/1034
f 1756/2944/461 1601/2945/1034 1679/2946/1034
f 1756/2944/461 1679/2946/1034 1678/2943/899
f 1756/2944/461 1678/2943/899 1600/2942/899
f 1757/2947/1035 1601/2945/1034 1602/2948/1036
f 1757/2947/1035 1602/2948/1036 1680/2949/1036
f 1757/2947/1035 1680/2949/1036 1679/2946/1034
f 1757/2947/1035 1679/2946/1034 1601/2945/1034
f 1758/2950/1037 1602/2948/1036 1603/2951/1038
f 1758/2950/1037 1603/2951/1038 1681/2952/1038
f 1758/2950/1037 1681/2952/1038 1680/2949/1036
f 1758/2950/1037 1680/2949/1036 1602/2948/1036
f 1759/2953/1039 1603/2951/1038 1604/2954/1040
f 1759/2953/1039 1604/2954/1040 1682/2955/1040
f 1759/2953/1039 1682/2955/1040 1681/2952/1038
f 1759/2953/1039 1681/2952/1038 1603/2951/1038
f 1760/2956/1041 1604/2957/1040 1605/2958/890
f 1760/2956/1041 1605/2958/890 1683/2959/890
f 1760/2956/1041 1683/2959/890 1682/2960/1040
f 1760/2956/1041 1682/2960/1040 1604/2957/1040
f 1761/2961/1042 1605/2958/890 1606/2962/1043
f 1761/2961/1042 1606/2962/1043 1684/2963/1043
f 1761/2961/1042 1684/2963/1043 1683/2959/890
f 1761/2961/1042 1683/2959/890 1605/2958/890
f 1762/2964/1044 1606/2962/1043 1607/2965/1045
f 1762/2964/1044 1607/2965/1045 1685/2966/1045
f 1762/2964/1044 1685/2966/1045 1684/2963/1043
f 1762/2964/1044 1684/2963/1043 1606/2962/1043
f 1763/2967/487 1607/2965/1045 1608/2968/1046
f 1763/2967/487 1608/2968/1046 1686/2969/1046
f 1763/2967/487 1686/2969/1046 1685/2966/1045
f 1763/2967/487 1685/2966/1045 1607/2965/1045
f 1764/2970/133 1608/2968/1046 1609/2971/1047
f 1764/2970/133 1609/2971/1047 1687/2972/1047
f 1764/2970/133 1687/2972/1047 1686/2969/1046
f 1764/2970/133 1686/2969/1046 1608/2968/1046
f 1765/2973/1048 1609/2971/1047 1610/2974/1049
f 1765/2973/1048 1610/2974/1049 1688/2975/1049
f 1765/2973/1048 1688/2975/1049 1687/2972/1047
f 1765/2973/1048 1687/2972/1047 1609/2971/1047
f 1766/2976/1050 1610/2974/1049 1611/2977/142
f 1766/2976/1050 1611/2977/142 1689/2978/142
f 1766/2976/1050 1689/2978/142 1688/2975/1049
f 1766/2976/1050 1688/2975/1049 1610/2974/1049
f 1767/2979/1051 1611/2977/142 1612/2980/1052
f 1767/2979/1051 1612/2980/1052 1690/2981/1053
f 1767/2979/1051 1690/2981/1053 1689/2978/142
f 1767/2979/1051 1689/2978/142 1611/2977/142
f 1768/2982/1054 1612/2980/1052 1613/2983/1055
f 1768/2982/1054 1613/2983/1055 1691/2984/1055
f 1768/2982/1054 1691/2984/1055 1690/2981/1053
f 1768/2982/1054 1690/2981/1053 1612/2980/1052
f 1769/2985/1056 1613/2983/1055 1614/2986/1057
f 1769/2985/1056 1614/2986/1057 1692/2987/1057
f 1769/2985/1056 1692/2987/1057 1691/2984/1055
f 1769/2985/1056 1691/2984/1055 1613/2983/1055
f 1770/2988/1058 1614/2986/1057 1615/2989/874
f 1770/2988/1058 1615/2989/874 1693/2990/874
f 1770/2988/1058 1693/2990/874 1692/2987/1057
f 1770/2988/1058 1692/2987/1057 1614/2986/1057
f 1771/2991/1059 1615/2989/874 1616/2992/1060
f 1771/2991/1059 1616/2992/1060 1694/2993/1061
f 1771/2991/1059 1694/2993/1061 1693/2990/874
f 1771/2991/1059 1693/2990/874 1615/2989/874
f 1772/2994/1062 1616/2992/1060 1617/2995/505
f 1772/2994/1062 1617/2995/505 1695/2996/505
f 1772/2994/1062 1695/2996/505 1694/2993/1061
f 1772/2994/1062 1694/2993/1061 1616/2992/1060
f 1773/2997/506 1617/2995/505 1618/2998/1063
f 1773/2997/506 1618/2998/1063 1696/2999/1064
f 1773/2997/506 1696/2999/1064 1695/2996/505
f 1773/2997/506 1695/2996/505 1617/2995/505
f 1774/3000/507 1618/2998/1063 1619/3001/1065
f 1774/3000/507 1619/3001/1065 1697/3002/1065
f 1774/3000/507 1697/3002/1065 1696/2999/1064
f 1774/3000/507 1696/2999/1064 1618/2998/1063
f 1775/3003/509 1619/3001/1065 1620/3004/1066
f 1775/3003/509 1620/3004/1066 1698/3005/1067
f 1775/3003/509 1698/3005/1067 1697/3002/1065
f 1775/3003/509 1697/3002/1065 1619/3001/1065
f 1776/3006/171 1620/3004/1066 1621/3007/1068
f 1776/3006/171 1621/3007/1068 1699/3008/1068
f 1776/3006/171 1699/3008/1068 1698/3005/1067
f 1776/3006/171 1698/3005/1067 1620/3004/1066
f 1777/3009/1069 1621/3007/1068 1622/3010/977
f 1777/3009/1069 1622/3010/977 1700/3011/977
f 1777/3009/1069 1700/3011/977 1699/3008/1068
f 1777/3009/1069 1699/3008/1068 1621/3007/1068
f 1778/3012/179 1622/3010/977 1623/3013/1070
f 1778/3012/179 1623/3013/1070 1701/3014/1070
f 1778/3012/179 1701/3014/1070 1700/3011/977
f 1778/3012/179 1700/3011/977 1622/3010/977
f 1779/3015/1071 1623/3013/1070 1624/3016/1072
f 1779/3015/1071 1624/3016/1072 1702/3017/1072
f 1779/3015/1071 1702/3017/1072 1701/3014/1070
f 1779/3015/1071 1701/3014/1070 1623/3013/1070
f 1780/3018/188 1624/3016/1072 1625/3019/190
f 1780/3018/188 1625/3019/190 1703/3020/190
f 1780/3018/188 1703/3020/190 1702/3017/1072
f 1780/3018/188 1702/3017/1072 1624/3016/1072
f 1781/3021/1073 1625/3019/190 1626/3022/1074
f 1781/3021/1073 1626/3022/1074 1704/3023/1074
f 1781/3021/1073 1704/3023/1074 1703/3020/190
f 1781/3021/1073 1703/3020/190 1625/3019/190
f 1782/3024/196 1626/3022/1074 1627/3025/1075
f 1782/3024/196 1627/3025/1075 1705/3026/1075
f 1782/3024/196 1705/3026/1075 1704/3023/1074
f 1782/3024/196 1704/3023/1074 1626/3022/1074
f 1783/3027/1076 1627/3025/1075 1628/3028/970
f 1783/3027/1076 1628/3028/970 1706/3029/970
f 1783/3027/1076 1706/3029/970 1705/3026/1075
f 1783/3027/1076 1705/3026/1075 1627/3025/1075
f 1784/3030/1077 1628/3028/970 1629/3031/969
f 1784/3030/1077 1629/3031/969 1707/3032/969
f 1784/3030/1077 1707/3032/969 1706/3029/970
f 1784/3030/1077 1706/3029/970 1628/3028/970
f 1785/3033/1078 1629/3031/969 1630/3034/778
f 1785/3033/1078 1630/3034/778 1708/3035/778
f 1785/3033/1078 1708/3035/778 1707/3032/969
f 1785/3033/1078 1707/3032/969 1629/3031/969
f 1786/3036/967 1630/3034/778 1631/3037/966
f 1786/3036/967 1631/3037/966 1709/3038/966
f 1786/3036/967 1709/3038/966 1708/3035/778
f 1786/3036/967 1708/3035/778 1630/3034/778
f 1787/3039/529 1631/3037/966 1632/3040/217
f 1787/3039/529 1632/3040/217 1710/3041/217
f 1787/3039/529 1710/3041/217 1709/3038/966
f 1787/3039/529 1709/3038/966 1631/3037/966
f 1788/3042/219 1632/3040/217 1633/3043/1079
f 1788/3042/219 1633/3043/1079 1711/3044/1079
f 1788/3042/219 1711/3044/1079 1710/3041/217
f 1788/3042/219 1710/3041/217 1632/3040/217
f 1789/3045/1080 1633/3046/1079 1634/3047/1081
f 1789/3045/1080 1634/3047/1081 1712/3048/1081
f 1789/3045/1080 1712/3048/1081 1711/3049/1079
f 1789/3045/1080 1711/3049/1079 1633/3046/1079
f 1790/3050/1082 1634/3047/1081 1635/3051/1083
f 1790/3050/1082 1635/3051/1083 1713/3052/1083
f 1790/3050/1082 1713/3052/1083 1712/3048/1081
f 1790/3050/1082 1712/3048/1081 1634/3047/1081
f 1791/3053/1084 1635/3051/1083 1636/3054/1085
f 1791/3053/1084 1636/3054/1085 1714/3055/1085
f 1791/3053/1084 1714/3055/1085 1713/3052/1083
f 1791/3053/1084 1713/3052/1083 1635/3051/1083
f 1792/3056/1086 1636/3054/1085 1637/3057/1087
f 1792/3056/1086 1637/3057/1087 1715/3058/1087
f 1792/3056/1086 1715/3058/1087 1714/3055/1085
f 1792/3056/1086 1714/3055/1085 1636/3054/1085
f 1793/3059/1088 1637/3057/1087 1638/3060/1089
f 1793/3059/1088 1638/3060/1089 1716/3061/1089
f 1793/3059/1088 1716/3061/1089 1715/3058/1087
f 1793/3059/1088 1715/3058/1087 1637/3057/1087
f 1794/3062/242 1638/3060/1089 1639/3063/1090
f 1794/3062/242 1639/3063/1090 1717/3064/1090
f 1794/3062/242 1717/3064/1090 1716/3061/1089
f 1794/3062/242 1716/3061/1089 1638/3060/1089
f 1795/3065/1091 1639/3063/1090 1640/3066/1092
f 1795/3065/1091 1640/3066/1092 1718/3067/1092
f 1795/3065/1091 1718/3067/1092 1717/3064/1090
f 1795/3065/1091 1717/3064/1090 1639/3063/1090
f 1796/3068/1093 1640/3066/1092 1641/3069/1094
f 1796/3068/1093 1641/3069/1094 1719/3070/1094
f 1796/3068/1093 1719/3070/1094 1718/3067/1092
f 1796/3068/1093 1718/3067/1092 1640/3066/1092
f 1797/3071/306 1641/3069/1094 1642/3072/1095
f 1797/3071/306 1642/3072/1095 1720/3073/1095
f 1797/3071/306 1720/3073/1095 1719/3070/1094
f 1797/3071/306 1719/3070/1094 1641/3069/1094
f 1798/3074/1096 1642/3072/1095 1643/3075/1097
f 1798/3074/1096 1643/3075/1097 1721/3076/1097
f 1798/3074/1096 1721/3076/1097 1720/3073/1095
f 1798/3074/1096 1720/3073/1095 1642/3072/1095
f 1799/3077/1098 1643/3075/1097 1644/3078/1099
f 1799/3077/1098 1644/3078/1099 1722/3079/1099
f 1799/3077/1098 1722/3079/1099 1721/3076/1097
f 1799/3077/1098 1721/3076/1097 1643/3075/1097
f 1800/3080/1100 1644/3078/1099 1645/3081/1101
f 1800/3080/1100 1645/3081/1101 1723/3082/1101
f 1800/3080/1100 1723/3082/1101 1722/3079/1099
f 1800/3080/1100 1722/3079/1099 1644/3078/1099
f 1801/3083/1102 1645/3081/1101 1646/3084/1103
f 1801/3083/1102 1646/3084/1103 1724/3085/1103
f 1801/3083/1102 1724/3085/1103 1723/3082/1101
f 1801/3083/1102 1723/3082/1101 1645/3081/1101
f 1802/3086/1104 1646/3084/1103 1647/3087/1105
f 1802/3086/1104 1647/3087/1105 1725/3088/1105
f 1802/3086/1104 1725/3088/1105 1724/3085/1103
f 1802/3086/1104 1724/3085/1103 1646/3084/1103
f 1803/3089/1106 1647/3087/1105 1648/3090/1107
f 1803/3089/1106 1648/3090/1107 1726/3091/1107
f 1803/3089/1106 1726/3091/1107 1725/3088/1105
f 1803/3089/1106 1725/3088/1105 1647/3087/1105
f 1804/3092/1108 1648/3090/1107 1649/3093/1109
f 1804/3092/1108 1649/3093/1109 1727/3094/1109
f 1804/3092/1108 1727/3094/1109 1726/3091/1107
f 1804/3092/1108 1726/3091/1107 1648/3090/1107
f 1805/3095/1110 1649/3093/1109 1650/3096/1111
f 1805/3095/1110 1650/3096/1111 1728/3097/1111
f 1805/3095/1110 1728/3097/1111 1727/3094/1109
f 1805/3095/1110 1727/3094/1109 1649/3093/1109
f 1806/3098/590 1650/3096/1111 1651/3099/1112
f 1806/3098/590 1651/3099/1112 1729/3100/1112
f 1806/3098/590 1729/3100/1112 1728/3097/1111
f 1806/3098/590 1728/3097/1111 1650/3096/1111
f 1807/3101/1113 1651/3099/1112 1652/3102/1114
f 1807/3101/1113 1652/3102/1114 1730/3103/1114
f 1807/3101/1113 1730/3103/1114 1729/3100/1112
f 1807/3101/1113 1729/3100/1112 1651/3099/1112
f 1808/3104/1115 1652/3102/1114 1653/3105/1116
f 1808/3104/1115 1653/3105/1116 1731/3106/1116
f 1808/3104/1115 1731/3106/1116 1730/3103/1114
f 1808/3104/1115 1730/3103/1114 1652/3102/1114
f 1809/3107/1117 1653/3105/1116 1576/3108/990
f 1809/3107/1117 1576/3108/990 1654/3109/990
f 1809/3107/1117 1654/3109/990 1731/3106/1116
f 1809/3107/1117 1731/3106/1116 1653/3105/1116
f 2087/3113/2 2088/3114/3 2089/3115/1
f 2090/3111/1 2087/3113/2 2089/3115/1
f 2098/3129/2 2101/3134/1 2102/3136/2
f 2114/3132/2 2111/3144/2 2112/3145/3
f 2114/3132/2 2109/3142/2 2110/3143/1
f 2099/3154/1 2100/3133/2 2098/3129/2
f 2075/3156/1118 2076/3151/2 2074/3157/2
f 2073/3158/3 2076/3151/2 2072/3159/2
f 2062/3179/2 2060/3171/2 2061/3180/1
f 2060/3171/2 2062/3179/2 2063/3177/1
f 2053/3202/3 2051/3200/2 2052/3203/2
f 2051/3200/2 2053/3202/3 2054/3204/1
f 2144/3209/2 2145/3210/2 2141/3211/2
f 2150/3237/2 2151/3238/1 2152/3239/2
f 2153/3240/2 2154/3241/2 2150/3237/2
f 2164/3257/3 2166/3228/1 2163/3256/2
f 2024/3266/2 2022/3270/2 2023/3271/2
f 2020/3269/1 2024/3266/2 2019/3274/3
f 2011/3280/1 2008/3272/2 2010/3281/2
f 1996/3288/2 1997/3292/2 2000/3293/2
f 2009/3301/2 2010/3281/2 2008/3272/2
f 1997/3292/2 1998/3303/2 1999/3302/2
f 1910/3304/7 1906/3305/6 1911/3306/7
f 1908/3307/7 1907/3308/8 1909/3309/7
f 1907/3308/8 1906/3305/6 1910/3304/7
f 1932/3339/7 1934/3326/7 1933/3341/7
f 1929/3336/8 1934/3326/7 1930/3337/6
f 1920/3328/6 1919/3348/7 1918/3323/7
f 1893/3352/7 1896/3346/7 1894/3351/6
f 1891/3354/7 1896/3346/7 1892/3353/7
f 1880/3362/7 1882/3369/7 1881/3370/7
f 1882/3369/7 1880/3362/7 1883/3367/7
f 1873/3388/6 1871/2422/7 1874/3390/6
f 1871/2422/7 1875/3391/6 1874/3390/6
f 1962/3395/7 1961/2544/7 1963/3396/7
f 1963/3396/7 1961/2544/7 1964/3394/7
f 1974/3413/7 1973/3414/7 1970/3411/7
f 1981/3427/7 1986/3406/7 1982/3428/6
f 1985/3430/7 1984/3431/7 1986/3406/7
f 1842/3443/6 1844/3439/7 1843/3444/8
f 1828/3445/7 1831/3453/7 1830/3454/7
f 1817/3465/7 1816/3462/7 1820/3466/7
f 1830/3454/7 1829/3474/7 1828/3445/7
f 1819/3475/7 1817/3465/7 1820/3466/7
f 1818/3476/7 1817/3465/7 1819/3475/7
f 2170/3477/1119 1810/3478/1120 1811/3479/347
f 2170/3477/1119 1811/3479/347 1991/3480/347
f 2170/3477/1119 1991/3480/347 1990/3481/1120
f 2170/3477/1119 1990/3481/1120 1810/3478/1120
f 2171/3482/348 1811/3479/347 1812/3483/349
f 2171/3482/348 1812/3483/349 1992/3484/349
f 2171/3482/348 1992/3484/349 1991/3480/347
f 2171/3482/348 1991/3480/347 1811/3479/347
f 2172/3485/1121 1812/3483/349 1813/3486/19
f 2172/3485/1121 1813/3486/19 1993/3487/19
f 2172/3485/1121 1993/3487/19 1992/3484/349
f 2172/3485/1121 1992/3484/349 1812/3483/349
f 2173/3488/1122 1813/3486/19 1814/3489/1123
f 2173/3488/1122 1814/3489/1123 1994/3490/1123
f 2173/3488/1122 1994/3490/1123 1993/3487/19
f 2173/3488/1122 1993/3487/19 1813/3486/19
f 2174/3491/354 1814/3489/1123 1815/3492/1124
f 2174/3491/354 1815/3492/1124 1995/3493/1124
f 2174/3491/354 1995/3493/1124 1994/3490/1123
f 2174/3491/354 1994/3490/1123 1814/3489/1123
f 2175/3494/1125 1815/3492/1124 1816/3495/357
f 2175/3494/1125 1816/3495/357 1996/3496/357
f 2175/3494/1125 1996/3496/357 1995/3493/1124
f 2175/3494/1125 1995/3493/1124 1815/3492/1124
f 2176/3497/358 1816/3495/357 1817/3498/359
f 2176/3497/358 1817/3498/359 1997/3499/359
f 2176/3497/358 1997/3499/359 1996/3496/357
f 2176/3497/358 1996/3496/357 1816/3495/357
f 2177/3500/37 1817/3498/359 1818/3501/919
f 2177/3500/37 1818/3501/919 1998/3502/919
f 2177/3500/37 1998/3502/919 1997/3499/359
f 2177/3500/37 1997/3499/359 1817/3498/359
f 2178/3503/42 1818/3501/919 1819/3504/1126
f 2178/3503/42 1819/3504/1126 1999/3505/1126
f 2178/3503/42 1999/3505/1126 1998/3502/919
f 2178/3503/42 1998/3502/919 1818/3501/919
f 2179/3506/1127 1819/3504/1126 1820/3507/1128
f 2179/3506/1127 1820/3507/1128 2000/3508/1128
f 2179/3506/1127 2000/3508/1128 1999/3505/1126
f 2179/3506/1127 1999/3505/1126 1819/3504/1126
f 2180/3509/50 1820/3507/1128 1821/3510/52
f 2180/3509/50 1821/3510/52 2001/3511/52
f 2180/3509/50 2001/3511/52 2000/3508/1128
f 2180/3509/50 2000/3508/1128 1820/3507/1128
f 2181/3512/1129 1821/3510/52 1822/3513/367
f 2181/3512/1129 1822/3513/367 2002/3514/367
f 2181/3512/1129 2002/3514/367 2001/3511/52
f 2181/3512/1129 2001/3511/52 1821/3510/52
f 2182/3515/368 1822/3513/367 1823/3516/1130
f 2182/3515/368 1823/3516/1130 2003/3517/1130
f 2182/3515/368 2003/3517/1130 2002/3514/367
f 2182/3515/368 2002/3514/367 1822/3513/367
f 2183/3518/1131 1823/3516/1130 1824/3519/370
f 2183/3518/1131 1824/3519/370 2004/3520/370
f 2183/3518/1131 2004/3520/370 2003/3517/1130
f 2183/3518/1131 2003/3517/1130 1823/3516/1130
f 2184/3521/1132 1824/3519/370 1825/3522/908
f 2184/3521/1132 1825/3522/908 2005/3523/908
f 2184/3521/1132 2005/3523/908 2004/3520/370
f 2184/3521/1132 2004/3520/370 1824/3519/370
f 2185/3524/1133 1825/3522/908 1826/3525/374
f 2185/3524/1133 1826/3525/374 2006/3526/374
f 2185/3524/1133 2006/3526/374 2005/3523/908
f 2185/3524/1133 2005/3523/908 1825/3522/908
f 2186/3527/906 1826/3525/374 1827/3528/376
f 2186/3527/906 1827/3528/376 2007/3529/376
f 2186/3527/906 2007/3529/376 2006/3526/374
f 2186/3527/906 2006/3526/374 1826/3525/374
f 2187/3530/77 1827/3528/376 1828/3531/1026
f 2187/3530/77 1828/3531/1026 2008/3532/1026
f 2187/3530/77 2008/3532/1026 2007/3529/376
f 2187/3530/77 2007/3529/376 1827/3528/376
f 2188/3533/1027 1828/3531/1026 1829/3534/1028
f 2188/3533/1027 1829/3534/1028 2009/3535/1028
f 2188/3533/1027 2009/3535/1028 2008/3532/1026
f 2188/3533/1027 2008/3532/1026 1828/3531/1026
f 2189/3536/1029 1829/3534/1028 1830/3537/1134
f 2189/3536/1029 1830/3537/1134 2010/3538/1134
f 2189/3536/1029 2010/3538/1134 2009/3535/1028
f 2189/3536/1029 2009/3535/1028 1829/3534/1028
f 2190/3539/88 1830/3537/1134 1831/3540/1135
f 2190/3539/88 1831/3540/1135 2011/3541/1135
f 2190/3539/88 2011/3541/1135 2010/3538/1134
f 2190/3539/88 2010/3538/1134 1830/3537/1134
f 2191/3542/92 1831/3540/1135 1832/3543/1136
f 2191/3542/92 1832/3543/1136 2012/3544/1136
f 2191/3542/92 2012/3544/1136 2011/3541/1135
f 2191/3542/92 2011/3541/1135 1831/3540/1135
f 2192/3545/1137 1832/3543/1136 1833/3546/1138
f 2192/3545/1137 1833/3546/1138 2013/3547/1138
f 2192/3545/1137 2013/3547/1138 2012/3544/1136
f 2192/3545/1137 2012/3544/1136 1832/3543/1136
f 2193/3548/101 1833/3546/1138 1834/3549/1139
f 2193/3548/101 1834/3549/1139 2014/3550/1139
f 2193/3548/101 2014/3550/1139 2013/3547/1138
f 2193/3548/101 2013/3547/1138 1833/3546/1138
f 2194/3551/466 1834/3549/1139 1835/3552/1140
f 2194/3551/466 1835/3552/1140 2015/3553/1141
f 2194/3551/466 2015/3553/1141 2014/3550/1139
f 2194/3551/466 2014/3550/1139 1834/3549/1139
f 2195/3554/1142 1835/3552/1140 1836/3555/111
f 2195/3554/1142 1836/3555/111 2016/3556/111
f 2195/3554/1142 2016/3556/111 2015/3553/1141
f 2195/3554/1142 2015/3553/1141 1835/3552/1140
f 2196/3557/1143 1836/3555/111 1837/3558/473
f 2196/3557/1143 1837/3558/473 2017/3559/473
f 2196/3557/1143 2017/3559/473 2016/3556/111
f 2196/3557/1143 2016/3556/111 1836/3555/111
f 2197/3560/1144 1837/3558/473 1838/3561/1145
f 2197/3560/1144 1838/3561/1145 2018/3562/1145
f 2197/3560/1144 2018/3562/1145 2017/3559/473
f 2197/3560/1144 2017/3559/473 1837/3558/473
f 2198/3563/1042 1838/3561/1145 1839/3564/1146
f 2198/3563/1042 1839/3564/1146 2019/3565/1146
f 2198/3563/1042 2019/3565/1146 2018/3562/1145
f 2198/3563/1042 2018/3562/1145 1838/3561/1145
f 2199/3566/1147 1839/3564/1146 1840/3567/1148
f 2199/3566/1147 1840/3567/1148 2020/3568/1148
f 2199/3566/1147 2020/3568/1148 2019/3565/1146
f 2199/3566/1147 2019/3565/1146 1839/3564/1146
f 2200/3569/129 1840/3567/1148 1841/3570/1046
f 2200/3569/129 1841/3570/1046 2021/3571/1046
f 2200/3569/129 2021/3571/1046 2020/3568/1148
f 2200/3569/129 2020/3568/1148 1840/3567/1148
f 2201/3572/1149 1841/3570/1046 1842/3573/1150
f 2201/3572/1149 1842/3573/1150 2022/3574/1150
f 2201/3572/1149 2022/3574/1150 2021/3571/1046
f 2201/3572/1149 2021/3571/1046 1841/3570/1046
f 2202/3575/137 1842/3573/1150 1843/3576/1049
f 2202/3575/137 1843/3576/1049 2023/3577/1049
f 2202/3575/137 2023/3577/1049 2022/3574/1150
f 2202/3575/137 2022/3574/1150 1842/3573/1150
f 2203/3578/1151 1843/3576/1049 1844/3579/1152
f 2203/3578/1151 1844/3579/1152 2024/3580/1152
f 2203/3578/1151 2024/3580/1152 2023/3577/1049
f 2203/3578/1151 2023/3577/1049 1843/3576/1049
f 2204/3581/144 1844/3579/1152 1845/3582/1153
f 2204/3581/144 1845/3582/1153 2025/3583/1153
f 2204/3581/144 2025/3583/1153 2024/3580/1152
f 2204/3581/144 2024/3580/1152 1844/3579/1152
f 2205/3584/1151 1845/3582/1153 1846/3585/1049
f 2205/3584/1151 1846/3585/1049 2026/3586/1049
f 2205/3584/1151 2026/3586/1049 2025/3583/1153
f 2205/3584/1151 2025/3583/1153 1845/3582/1153
f 2206/3587/1154 1846/3585/1049 1847/3588/1150
f 2206/3587/1154 1847/3588/1150 2027/3589/1150
f 2206/3587/1154 2027/3589/1150 2026/3586/1049
f 2206/3587/1154 2026/3586/1049 1846/3585/1049
f 2207/3590/1155 1847/3588/1150 1848/3591/1156
f 2207/3590/1155 1848/3591/1156 2028/3592/1156
f 2207/3590/1155 2028/3592/1156 2027/3589/1150
f 2207/3590/1155 2027/3589/1150 1847/3588/1150
f 2208/3593/886 1848/3591/1156 1849/3594/127
f 2208/3593/886 1849/3594/127 2029/3595/127
f 2208/3593/886 2029/3595/127 2028/3592/1156
f 2208/3593/886 2028/3592/1156 1848/3591/1156
f 2209/3596/1157 1849/3594/127 1850/3597/1146
f 2209/3596/1157 1850/3597/1146 2030/3598/1146
f 2209/3596/1157 2030/3598/1146 2029/3595/127
f 2209/3596/1157 2029/3595/127 1849/3594/127
f 2210/3599/1158 1850/3597/1146 1851/3600/1159
f 2210/3599/1158 1851/3600/1159 2031/3601/1159
f 2210/3599/1158 2031/3601/1159 2030/3598/1146
f 2210/3599/1158 2030/3598/1146 1850/3597/1146
f 2211/3602/1144 1851/3600/1159 1852/3603/473
f 2211/3602/1144 1852/3603/473 2032/3604/473
f 2211/3602/1144 2032/3604/473 2031/3601/1159
f 2211/3602/1144 2031/3601/1159 1851/3600/1159
f 2212/3605/1143 1852/3603/473 1853/3606/111
f 2212/3605/1143 1853/3606/111 2033/3607/111
f 2212/3605/1143 2033/3607/111 2032/3604/473
f 2212/3605/1143 2032/3604/473 1852/3603/473
f 2213/3608/1142 1853/3606/111 1854/3609/1140
f 2213/3608/1142 1854/3609/1140 2034/3610/1140
f 2213/3608/1142 2034/3610/1140 2033/3607/111
f 2213/3608/1142 2033/3607/111 1853/3606/111
f 2214/3611/466 1854/3609/1140 1855/3612/1160
f 2214/3611/466 1855/3612/1160 2035/3613/1160
f 2214/3611/466 2035/3613/1160 2034/3610/1140
f 2214/3611/466 2034/3610/1140 1854/3609/1140
f 2215/3614/1161 1855/3612/1160 1856/3615/1138
f 2215/3614/1161 1856/3615/1138 2036/3616/1138
f 2215/3614/1161 2036/3616/1138 2035/3613/1160
f 2215/3614/1161 2035/3613/1160 1855/3612/1160
f 2216/3617/1162 1856/3615/1138 1857/3618/1163
f 2216/3617/1162 1857/3618/1163 2037/3619/1163
f 2216/3617/1162 2037/3619/1163 2036/3616/1138
f 2216/3617/1162 2036/3616/1138 1856/3615/1138
f 2217/3620/1164 1857/3618/1163 1858/3621/1135
f 2217/3620/1164 1858/3621/1135 2038/3622/1135
f 2217/3620/1164 2038/3622/1135 2037/3619/1163
f 2217/3620/1164 2037/3619/1163 1857/3618/1163
f 2218/3623/88 1858/3621/1135 1859/3624/1165
f 2218/3623/88 1859/3624/1165 2039/3625/1165
f 2218/3623/88 2039/3625/1165 2038/3622/1135
f 2218/3623/88 2038/3622/1135 1858/3621/1135
f 2219/3626/84 1859/3624/1165 1860/3627/905
f 2219/3626/84 1860/3627/905 2040/3628/905
f 2219/3626/84 2040/3628/905 2039/3625/1165
f 2219/3626/84 2039/3625/1165 1859/3624/1165
f 2220/3629/1027 1860/3627/905 1861/3630/1026
f 2220/3629/1027 1861/3630/1026 2041/3631/1026
f 2220/3629/1027 2041/3631/1026 2040/3628/905
f 2220/3629/1027 2040/3628/905 1860/3627/905
f 2221/3632/77 1861/3630/1026 1862/3633/1166
f 2221/3632/77 1862/3633/1166 2042/3634/1166
f 2221/3632/77 2042/3634/1166 2041/3631/1026
f 2221/3632/77 2041/3631/1026 1861/3630/1026
f 2222/3635/1167 1862/3633/1166 1863/3636/1168
f 2222/3635/1167 1863/3636/1168 2043/3637/1168
f 2222/3635/1167 2043/3637/1168 2042/3634/1166
f 2222/3635/1167 2042/3634/1166 1862/3633/1166
f 2223/3638/1169 1863/3636/1168 1864/3639/1170
f 2223/3638/1169 1864/3639/1170 2044/3640/1170
f 2223/3638/1169 2044/3640/1170 2043/3637/1168
f 2223/3638/1169 2043/3637/1168 1863/3636/1168
f 2224/3641/1171 1864/3639/1170 1865/3642/1172
f 2224/3641/1171 1865/3642/1172 2045/3643/1172
f 2224/3641/1171 2045/3643/1172 2044/3640/1170
f 2224/3641/1171 2044/3640/1170 1864/3639/1170
f 2225/3644/1173 1865/3642/1172 1866/3645/1174
f 2225/3644/1173 1866/3645/1174 2046/3646/1174
f 2225/3644/1173 2046/3646/1174 2045/3643/1172
f 2225/3644/1173 2045/3643/1172 1865/3642/1172
f 2226/3647/1175 1866/3645/1174 1867/3648/1176
f 2226/3647/1175 1867/3648/1176 2047/3649/1176
f 2226/3647/1175 2047/3649/1176 2046/3646/1174
f 2226/3647/1175 2046/3646/1174 1866/3645/1174
f 2227/3650/1177 1867/3648/1176 1868/3651/1178
f 2227/3650/1177 1868/3651/1178 2048/3652/1178
f 2227/3650/1177 2048/3652/1178 2047/3649/1176
f 2227/3650/1177 2047/3649/1176 1867/3648/1176
f 2228/3653/1179 1868/3651/1178 1869/3654/1180
f 2228/3653/1179 1869/3654/1180 2049/3655/1180
f 2228/3653/1179 2049/3655/1180 2048/3652/1178
f 2228/3653/1179 2048/3652/1178 1868/3651/1178
f 2229/3656/1181 1869/3654/1180 1870/3657/1182
f 2229/3656/1181 1870/3657/1182 2050/3658/1182
f 2229/3656/1181 2050/3658/1182 2049/3655/1180
f 2229/3656/1181 2049/3655/1180 1869/3654/1180
f 2230/3659/1183 1870/3657/1182 1871/3660/1182
f 2230/3659/1183 1871/3660/1182 2051/3661/1182
f 2230/3659/1183 2051/3661/1182 2050/3658/1182
f 2230/3659/1183 2050/3658/1182 1870/3657/1182
f 2231/3662/1181 1871/3660/1182 1872/3663/1184
f 2231/3662/1181 1872/3663/1184 2052/3664/1184
f 2231/3662/1181 2052/3664/1184 2051/3661/1182
f 2231/3662/1181 2051/3661/1182 1871/3660/1182
f 2232/3665/1185 1872/3663/1184 1873/3666/1178
f 2232/3665/1185 1873/3666/1178 2053/3667/1178
f 2232/3665/1185 2053/3667/1178 2052/3664/1184
f 2232/3665/1185 2052/3664/1184 1872/3663/1184
f 2233/3668/1186 1873/3666/1178 1874/3669/1187
f 2233/3668/1186 1874/3669/1187 2054/3670/1187
f 2233/3668/1186 2054/3670/1187 2053/3667/1178
f 2233/3668/1186 2053/3667/1178 1873/3666/1178
f 2234/3671/1188 1874/3669/1187 1875/3672/1189
f 2234/3671/1188 1875/3672/1189 2055/3673/1189
f 2234/3671/1188 2055/3673/1189 2054/3670/1187
f 2234/3671/1188 2054/3670/1187 1874/3669/1187
f 2235/3674/1173 1875/3672/1189 1876/3675/1190
f 2235/3674/1173 1876/3675/1190 2056/3676/1190
f 2235/3674/1173 2056/3676/1190 2055/3673/1189
f 2235/3674/1173 2055/3673/1189 1875/3672/1189
f 2236/3677/1191 1876/3675/1190 1877/3678/1192
f 2236/3677/1191 1877/3678/1192 2057/3679/1192
f 2236/3677/1191 2057/3679/1192 2056/3676/1190
f 2236/3677/1191 2056/3676/1190 1876/3675/1190
f 2237/3680/1169 1877/3678/1192 1878/3681/1168
f 2237/3680/1169 1878/3681/1168 2058/3682/1168
f 2237/3680/1169 2058/3682/1168 2057/3679/1192
f 2237/3680/1169 2057/3679/1192 1877/3678/1192
f 2238/3683/1167 1878/3681/1168 1879/3684/1166
f 2238/3683/1167 1879/3684/1166 2059/3685/1166
f 2238/3683/1167 2059/3685/1166 2058/3682/1168
f 2238/3683/1167 2058/3682/1168 1878/3681/1168
f 2239/3686/77 1879/3684/1166 1880/3687/1026
f 2239/3686/77 1880/3687/1026 2060/3688/1026
f 2239/3686/77 2060/3688/1026 2059/3685/1166
f 2239/3686/77 2059/3685/1166 1879/3684/1166
f 2240/3689/1027 1880/3690/1026 1881/3691/905
f 2240/3689/1027 1881/3691/905 2061/3692/905
f 2240/3689/1027 2061/3692/905 2060/3693/1026
f 2240/3689/1027 2060/3693/1026 1880/3690/1026
f 2241/3694/84 1881/3691/905 1882/3695/1134
f 2241/3694/84 1882/3695/1134 2062/3696/1134
f 2241/3694/84 2062/3696/1134 2061/3692/905
f 2241/3694/84 2061/3692/905 1881/3691/905
f 2242/3697/1193 1882/3695/1134 1883/3698/1135
f 2242/3697/1193 1883/3698/1135 2063/3699/1135
f 2242/3697/1193 2063/3699/1135 2062/3696/1134
f 2242/3697/1193 2062/3696/1134 1882/3695/1134
f 2243/3700/92 1883/3698/1135 1884/3701/1136
f 2243/3700/92 1884/3701/1136 2064/3702/1136
f 2243/3700/92 2064/3702/1136 2063/3699/1135
f 2243/3700/92 2063/3699/1135 1883/3698/1135
f 2244/3703/1137 1884/3701/1136 1885/3704/1138
f 2244/3703/1137 1885/3704/1138 2065/3705/1138
f 2244/3703/1137 2065/3705/1138 2064/3702/1136
f 2244/3703/1137 2064/3702/1136 1884/3701/1136
f 2245/3706/101 1885/3704/1138 1886/3707/1160
f 2245/3706/101 1886/3707/1160 2066/3708/1160
f 2245/3706/101 2066/3708/1160 2065/3705/1138
f 2245/3706/101 2065/3705/1138 1885/3704/1138
f 2246/3709/1194 1886/3707/1160 1887/3710/1140
f 2246/3709/1194 1887/3710/1140 2067/3711/1140
f 2246/3709/1194 2067/3711/1140 2066/3708/1160
f 2246/3709/1194 2066/3708/1160 1886/3707/1160
f 2247/3712/1142 1887/3710/1140 1888/3713/111
f 2247/3712/1142 1888/3713/111 2068/3714/111
f 2247/3712/1142 2068/3714/111 2067/3711/1140
f 2247/3712/1142 2067/3711/1140 1887/3710/1140
f 2248/3715/1195 1888/3713/111 1889/3716/473
f 2248/3715/1195 1889/3716/473 2069/3717/473
f 2248/3715/1195 2069/3717/473 2068/3714/111
f 2248/3715/1195 2068/3714/111 1888/3713/111
f 2249/3718/1144 1889/3716/473 1890/3719/1196
f 2249/3718/1144 1890/3719/1196 2070/3720/1196
f 2249/3718/1144 2070/3720/1196 2069/3717/473
f 2249/3718/1144 2069/3717/473 1889/3716/473
f 2250/3721/1158 1890/3719/1196 1891/3722/481
f 2250/3721/1158 1891/3722/481 2071/3723/481
f 2250/3721/1158 2071/3723/481 2070/3720/1196
f 2250/3721/1158 2070/3720/1196 1890/3719/1196
f 2251/3724/1197 1891/3722/481 1892/3725/1148
f 2251/3724/1197 1892/3725/1148 2072/3726/1148
f 2251/3724/1197 2072/3726/1148 2071/3723/481
f 2251/3724/1197 2071/3723/481 1891/3722/481
f 2252/3727/1198 1892/3725/1148 1893/3728/1046
f 2252/3727/1198 1893/3728/1046 2073/3729/1046
f 2252/3727/1198 2073/3729/1046 2072/3726/1148
f 2252/3727/1198 2072/3726/1148 1892/3725/1148
f 2253/3730/133 1893/3728/1046 1894/3731/1199
f 2253/3730/133 1894/3731/1199 2074/3732/1199
f 2253/3730/133 2074/3732/1199 2073/3729/1046
f 2253/3730/133 2073/3729/1046 1893/3728/1046
f 2254/3733/1200 1894/3731/1199 1895/3734/1049
f 2254/3733/1200 1895/3734/1049 2075/3735/1049
f 2254/3733/1200 2075/3735/1049 2074/3732/1199
f 2254/3733/1200 2074/3732/1199 1894/3731/1199
f 2255/3736/1201 1895/3734/1049 1896/3737/1202
f 2255/3736/1201 1896/3737/1202 2076/3738/1202
f 2255/3736/1201 2076/3738/1202 2075/3735/1049
f 2255/3736/1201 2075/3735/1049 1895/3734/1049
f 2256/3739/144 1896/3737/1202 1897/3740/145
f 2256/3739/144 1897/3740/145 2077/3741/145
f 2256/3739/144 2077/3741/145 2076/3738/1202
f 2256/3739/144 2076/3738/1202 1896/3737/1202
f 2257/3742/878 1897/3740/145 1898/3743/147
f 2257/3742/878 1898/3743/147 2078/3744/147
f 2257/3742/878 2078/3744/147 2077/3741/145
f 2257/3742/878 2077/3741/145 1897/3740/145
f 2258/3745/148 1898/3743/147 1899/3746/149
f 2258/3745/148 1899/3746/149 2079/3747/149
f 2258/3745/148 2079/3747/149 2078/3744/147
f 2258/3745/148 2078/3744/147 1898/3743/147
f 2259/3748/1203 1899/3746/149 1900/3749/151
f 2259/3748/1203 1900/3749/151 2080/3750/151
f 2259/3748/1203 2080/3750/151 2079/3747/149
f 2259/3748/1203 2079/3747/149 1899/3746/149
f 2260/3751/1059 1900/3749/151 1901/3752/503
f 2260/3751/1059 1901/3752/503 2081/3753/503
f 2260/3751/1059 2081/3753/503 2080/3750/151
f 2260/3751/1059 2080/3750/151 1900/3749/151
f 2261/3754/1204 1901/3752/503 1902/3755/1205
f 2261/3754/1204 1902/3755/1205 2082/3756/1205
f 2261/3754/1204 2082/3756/1205 2081/3753/503
f 2261/3754/1204 2081/3753/503 1901/3752/503
f 2262/3757/506 1902/3755/1205 1903/3758/161
f 2262/3757/506 1903/3758/161 2083/3759/161
f 2262/3757/506 2083/3759/161 2082/3756/1205
f 2262/3757/506 2082/3756/1205 1902/3755/1205
f 2263/3760/1206 1903/3758/161 1904/3761/1065
f 2263/3760/1206 1904/3761/1065 2084/3762/1065
f 2263/3760/1206 2084/3762/1065 2083/3759/161
f 2263/3760/1206 2083/3759/161 1903/3758/161
f 2264/3763/509 1904/3761/1065 1905/3764/1207
f 2264/3763/509 1905/3764/1207 2085/3765/1207
f 2264/3763/509 2085/3765/1207 2084/3762/1065
f 2264/3763/509 2084/3762/1065 1904/3761/1065
f 2265/3766/171 1905/3764/1207 1906/3767/1208
f 2265/3766/171 1906/3767/1208 2086/3768/1208
f 2265/3766/171 2086/3768/1208 2085/3765/1207
f 2265/3766/171 2085/3765/1207 1905/3764/1207
f 2266/3769/512 1906/3767/1208 1907/3770/1209
f 2266/3769/512 1907/3770/1209 2087/3771/1209
f 2266/3769/512 2087/3771/1209 2086/3768/1208
f 2266/3769/512 2086/3768/1208 1906/3767/1208
f 2267/3772/1210 1907/3770/1209 1908/3773/1211
f 2267/3772/1210 1908/3773/1211 2088/3774/1211
f 2267/3772/1210 2088/3774/1211 2087/3771/1209
f 2267/3772/1210 2087/3771/1209 1907/3770/1209
f 2268/3775/1071 1908/3773/1211 1909/3776/1072
f 2268/3775/1071 1909/3776/1072 2089/3777/1072
f 2268/3775/1071 2089/3777/1072 2088/3774/1211
f 2268/3775/1071 2088/3774/1211 1908/3773/1211
f 2269/3778/1212 1909/3776/1072 1910/3779/1213
f 2269/3778/1212 1910/3779/1213 2090/3780/1213
f 2269/3778/1212 2090/3780/1213 2089/3777/1072
f 2269/3778/1212 2089/3777/1072 1909/3776/1072
f 2270/3781/192 1910/3779/1213 1911/3782/1214
f 2270/3781/192 1911/3782/1214 2091/3783/1214
f 2270/3781/192 2091/3783/1214 2090/3780/1213
f 2270/3781/192 2090/3780/1213 1910/3779/1213
f 2271/3784/1215 1911/3782/1214 1912/3785/521
f 2271/3784/1215 1912/3785/521 2092/3786/521
f 2271/3784/1215 2092/3786/521 2091/3783/1214
f 2271/3784/1215 2091/3783/1214 1911/3782/1214
f 2272/3787/971 1912/3785/521 1913/3788/1216
f 2272/3787/971 1913/3788/1216 2093/3789/1216
f 2272/3787/971 2093/3789/1216 2092/3786/521
f 2272/3787/971 2092/3786/521 1912/3785/521
f 2273/3790/1217 1913/3788/1216 1914/3791/969
f 2273/3790/1217 1914/3791/969 2094/3792/969
f 2273/3790/1217 2094/3792/969 2093/3789/1216
f 2273/3790/1217 2093/3789/1216 1913/3788/1216
f 2274/3793/1218 1914/3791/969 1915/3794/526
f 2274/3793/1218 1915/3794/526 2095/3795/526
f 2274/3793/1218 2095/3795/526 2094/3792/969
f 2274/3793/1218 2094/3792/969 1914/3791/969
f 2275/3796/527 1915/3794/526 1916/3797/1219
f 2275/3796/527 1916/3797/1219 2096/3798/1219
f 2275/3796/527 2096/3798/1219 2095/3795/526
f 2275/3796/527 2095/3795/526 1915/3794/526
f 2276/3799/529 1916/3797/1219 1917/3800/530
f 2276/3799/529 1917/3800/530 2097/3801/530
f 2276/3799/529 2097/3801/530 2096/3798/1219
f 2276/3799/529 2096/3798/1219 1916/3797/1219
f 2277/3802/219 1917/3800/530 1918/3803/1220
f 2277/3802/219 1918/3803/1220 2098/3804/1220
f 2277/3802/219 2098/3804/1220 2097/3801/530
f 2277/3802/219 2097/3801/530 1917/3800/530
f 2278/3805/1221 1918/3803/1220 1919/3806/1222
f 2278/3805/1221 1919/3806/1222 2099/3807/1222
f 2278/3805/1221 2099/3807/1222 2098/3804/1220
f 2278/3805/1221 2098/3804/1220 1918/3803/1220
f 2279/3808/1223 1919/3806/1222 1920/3809/1224
f 2279/3808/1223 1920/3809/1224 2100/3810/1224
f 2279/3808/1223 2100/3810/1224 2099/3807/1222
f 2279/3808/1223 2099/3807/1222 1919/3806/1222
f 2280/3811/284 1920/3809/1224 1921/3812/961
f 2280/3811/284 1921/3812/961 2101/3813/961
f 2280/3811/284 2101/3813/961 2100/3810/1224
f 2280/3811/284 2100/3810/1224 1920/3809/1224
f 2281/3814/960 1921/3815/961 1922/3816/1225
f 2281/3814/960 1922/3816/1225 2102/3817/1225
f 2281/3814/960 2102/3817/1225 2101/3818/961
f 2281/3814/960 2101/3818/961 1921/3815/961
f 2282/3819/1226 1922/3816/1225 1923/3820/1227
f 2282/3819/1226 1923/3820/1227 2103/3821/1227
f 2282/3819/1226 2103/3821/1227 2102/3817/1225
f 2282/3819/1226 2102/3817/1225 1922/3816/1225
f 2283/3822/1228 1923/3820/1227 1924/3823/1229
f 2283/3822/1228 1924/3823/1229 2104/3824/1229
f 2283/3822/1228 2104/3824/1229 2103/3821/1227
f 2283/3822/1228 2103/3821/1227 1923/3820/1227
f 2284/3825/956 1924/3823/1229 1925/3826/1230
f 2284/3825/956 1925/3826/1230 2105/3827/1230
f 2284/3825/956 2105/3827/1230 2104/3824/1229
f 2284/3825/956 2104/3824/1229 1924/3823/1229
f 2285/3828/1231 1925/3826/1230 1926/3829/1232
f 2285/3828/1231 1926/3829/1232 2106/3830/1232
f 2285/3828/1231 2106/3830/1232 2105/3827/1230
f 2285/3828/1231 2105/3827/1230 1925/3826/1230
f 2286/3831/1233 1926/3829/1232 1927/3832/1234
f 2286/3831/1233 1927/3832/1234 2107/3833/1234
f 2286/3831/1233 2107/3833/1234 2106/3830/1232
f 2286/3831/1233 2106/3830/1232 1926/3829/1232
f 2287/3834/312 1927/3832/1234 1928/3835/314
f 2287/3834/312 1928/3835/314 2108/3836/314
f 2287/3834/312 2108/3836/314 2107/3833/1234
f 2287/3834/312 2107/3833/1234 1927/3832/1234
f 2288/3837/1235 1928/3835/314 1929/3838/1236
f 2288/3837/1235 1929/3838/1236 2109/3839/1236
f 2288/3837/1235 2109/3839/1236 2108/3836/314
f 2288/3837/1235 2108/3836/314 1928/3835/314
f 2289/3840/321 1929/3838/1236 1930/3841/1237
f 2289/3840/321 1930/3841/1237 2110/3842/1237
f 2289/3840/321 2110/3842/1237 2109/3839/1236
f 2289/3840/321 2109/3839/1236 1929/3838/1236
f 2290/3843/577 1930/3841/1237 1931/3844/1238
f 2290/3843/577 1931/3844/1238 2111/3845/1238
f 2290/3843/577 2111/3845/1238 2110/3842/1237
f 2290/3843/577 2110/3842/1237 1930/3841/1237
f 2291/3846/329 1931/3844/1238 1932/3847/943
f 2291/3846/329 1932/3847/943 2112/3848/943
f 2291/3846/329 2112/3848/943 2111/3845/1238
f 2291/3846/329 2111/3845/1238 1931/3844/1238
f 2292/3849/942 1932/3847/943 1933/3850/1239
f 2292/3849/942 1933/3850/1239 2113/3851/1239
f 2292/3849/942 2113/3851/1239 2112/3848/943
f 2292/3849/942 2112/3848/943 1932/3847/943
f 2293/3852/1240 1933/3850/1239 1934/3853/1241
f 2293/3852/1240 1934/3853/1241 2114/3854/1241
f 2293/3852/1240 2114/3854/1241 2113/3851/1239
f 2293/3852/1240 2113/3851/1239 1933/3850/1239
f 2294/3855/590 1934/3853/1241 1935/3856/1242
f 2294/3855/590 1935/3856/1242 2115/3857/1242
f 2294/3855/590 2115/3857/1242 2114/3854/1241
f 2294/3855/590 2114/3854/1241 1934/3853/1241
f 2295/3858/588 1935/3856/1242 1936/3859/1243
f 2295/3858/588 1936/3859/1243 2116/3860/1243
f 2295/3858/588 2116/3860/1243 2115/3857/1242
f 2295/3858/588 2115/3857/1242 1935/3856/1242
f 2296/3861/584 1936/3859/1243 1937/3862/1244
f 2296/3861/584 1937/3862/1244 2117/3863/1244
f 2296/3861/584 2117/3863/1244 2116/3860/1243
f 2296/3861/584 2116/3860/1243 1936/3859/1243
f 2297/3864/1245 1937/3862/1244 1938/3865/1246
f 2297/3864/1245 1938/3865/1246 2118/3866/1246
f 2297/3864/1245 2118/3866/1246 2117/3863/1244
f 2297/3864/1245 2117/3863/1244 1937/3862/1244
f 2298/3867/1247 1938/3865/1246 1939/3868/946
f 2298/3867/1247 1939/3868/946 2119/3869/946
f 2298/3867/1247 2119/3869/946 2118/3866/1246
f 2298/3867/1247 2118/3866/1246 1938/3865/1246
f 2299/3870/1248 1939/3868/946 1940/3871/1249
f 2299/3870/1248 1940/3871/1249 2120/3872/1249
f 2299/3870/1248 2120/3872/1249 2119/3869/946
f 2299/3870/1248 2119/3869/946 1939/3868/946
f 2300/3873/1250 1940/3871/1249 1941/3874/1251
f 2300/3873/1250 1941/3874/1251 2121/3875/1251
f 2300/3873/1250 2121/3875/1251 2120/3872/1249
f 2300/3873/1250 2120/3872/1249 1940/3871/1249
f 2301/3876/1252 1941/3874/1251 1942/3877/1234
f 2301/3876/1252 1942/3877/1234 2122/3878/1234
f 2301/3876/1252 2122/3878/1234 2121/3875/1251
f 2301/3876/1252 2121/3875/1251 1941/3874/1251
f 2302/3879/1253 1942/3877/1234 1943/3880/954
f 2302/3879/1253 1943/3880/954 2123/3881/954
f 2302/3879/1253 2123/3881/954 2122/3878/1234
f 2302/3879/1253 2122/3878/1234 1942/3877/1234
f 2303/3882/955 1943/3880/954 1944/3883/1254
f 2303/3882/955 1944/3883/1254 2124/3884/1254
f 2303/3882/955 2124/3884/1254 2123/3881/954
f 2303/3882/955 2123/3881/954 1943/3880/954
f 2304/3885/1255 1944/3883/1254 1945/3886/1256
f 2304/3885/1255 1945/3886/1256 2125/3887/1256
f 2304/3885/1255 2125/3887/1256 2124/3884/1254
f 2304/3885/1255 2124/3884/1254 1944/3883/1254
f 2305/3888/1257 1945/3886/1256 1946/3889/294
f 2305/3888/1257 1946/3889/294 2126/3890/294
f 2305/3888/1257 2126/3890/294 2125/3887/1256
f 2305/3888/1257 2125/3887/1256 1945/3886/1256
f 2306/3891/1258 1946/3889/294 1947/3892/546
f 2306/3891/1258 1947/3892/546 2127/3893/546
f 2306/3891/1258 2127/3893/546 2126/3890/294
f 2306/3891/1258 2126/3890/294 1946/3889/294
f 2307/3894/1259 1947/3892/546 1948/3895/286
f 2307/3894/1259 1948/3895/286 2128/3896/286
f 2307/3894/1259 2128/3896/286 2127/3893/546
f 2307/3894/1259 2127/3893/546 1947/3892/546
f 2308/3897/1260 1948/3895/286 1949/3898/1261
f 2308/3897/1260 1949/3898/1261 2129/3899/539
f 2308/3897/1260 2129/3899/539 2128/3896/286
f 2308/3897/1260 2128/3896/286 1948/3895/286
f 2309/3900/1262 1949/3898/1261 1950/3901/1263
f 2309/3900/1262 1950/3901/1263 2130/3902/1263
f 2309/3900/1262 2130/3902/1263 2129/3899/539
f 2309/3900/1262 2129/3899/539 1949/3898/1261
f 2310/3903/1264 1950/3901/1263 1951/3904/1265
f 2310/3903/1264 1951/3904/1265 2131/3905/1265
f 2310/3903/1264 2131/3905/1265 2130/3902/1263
f 2310/3903/1264 2130/3902/1263 1950/3901/1263
f 2311/3906/1266 1951/3904/1265 1952/3907/1267
f 2311/3906/1266 1952/3907/1267 2132/3908/1267
f 2311/3906/1266 2132/3908/1267 2131/3905/1265
f 2311/3906/1266 2131/3905/1265 1951/3904/1265
f 2312/3909/1268 1952/3907/1267 1953/3910/1269
f 2312/3909/1268 1953/3910/1269 2133/3911/1269
f 2312/3909/1268 2133/3911/1269 2132/3908/1267
f 2312/3909/1268 2132/3908/1267 1952/3907/1267
f 2313/3912/211 1953/3910/1269 1954/3913/1270
f 2313/3912/211 1954/3913/1270 2134/3914/1270
f 2313/3912/211 2134/3914/1270 2133/3911/1269
f 2313/3912/211 2133/3911/1269 1953/3910/1269
f 2314/3915/1271 1954/3913/1270 1955/3916/1272
f 2314/3915/1271 1955/3916/1272 2135/3917/1272
f 2314/3915/1271 2135/3917/1272 2134/3914/1270
f 2314/3915/1271 2134/3914/1270 1954/3913/1270
f 2315/3918/1273 1955/3916/1272 1956/3919/1274
f 2315/3918/1273 1956/3919/1274 2136/3920/1274
f 2315/3918/1273 2136/3920/1274 2135/3917/1272
f 2315/3918/1273 2135/3917/1272 1955/3916/1272
f 2316/3921/1275 1956/3919/1274 1957/3922/1276
f 2316/3921/1275 1957/3922/1276 2137/3923/1276
f 2316/3921/1275 2137/3923/1276 2136/3920/1274
f 2316/3921/1275 2136/3920/1274 1956/3919/1274
f 2317/3924/1277 1957/3922/1276 1958/3925/1278
f 2317/3924/1277 1958/3925/1278 2138/3926/1278
f 2317/3924/1277 2138/3926/1278 2137/3923/1276
f 2317/3924/1277 2137/3923/1276 1957/3922/1276
f 2318/3927/1279 1958/3925/1278 1959/3928/1280
f 2318/3927/1279 1959/3928/1280 2139/3929/1280
f 2318/3927/1279 2139/3929/1280 2138/3926/1278
f 2318/3927/1279 2138/3926/1278 1958/3925/1278
f 2319/3930/1281 1959/3928/1280 1960/3931/1282
f 2319/3930/1281 1960/3931/1282 2140/3932/1282
f 2319/3930/1281 2140/3932/1282 2139/3929/1280
f 2319/3930/1281 2139/3929/1280 1959/3928/1280
f 2320/3933/1283 1960/3931/1282 1961/3934/1282
f 2320/3933/1283 1961/3934/1282 2141/3935/1284
f 2320/3933/1283 2141/3935/1284 2140/3932/1282
f 2320/3933/1283 2140/3932/1282 1960/3931/1282
f 2321/3936/753 1961/3934/1282 1962/3937/1280
f 2321/3936/753 1962/3937/1280 2142/3938/1280
f 2321/3936/753 2142/3938/1280 2141/3935/1284
f 2321/3936/753 2141/3935/1284 1961/3934/1282
f 2322/3939/1279 1962/3937/1280 1963/3940/1278
f 2322/3939/1279 1963/3940/1278 2143/3941/1278
f 2322/3939/1279 2143/3941/1278 2142/3938/1280
f 2322/3939/1279 2142/3938/1280 1962/3937/1280
f 2323/3942/1285 1963/3940/1278 1964/3943/1276
f 2323/3942/1285 1964/3943/1276 2144/3944/1276
f 2323/3942/1285 2144/3944/1276 2143/3941/1278
f 2323/3942/1285 2143/3941/1278 1963/3940/1278
f 2324/3945/1286 1964/3943/1276 1965/3946/1287
f 2324/3945/1286 1965/3946/1287 2145/3947/1287
f 2324/3945/1286 2145/3947/1287 2144/3944/1276
f 2324/3945/1286 2144/3944/1276 1964/3943/1276
f 2325/3948/1273 1965/3946/1287 1966/3949/1288
f 2325/3948/1273 1966/3949/1288 2146/3950/1288
f 2325/3948/1273 2146/3950/1288 2145/3947/1287
f 2325/3948/1273 2145/3947/1287 1965/3946/1287
f 2326/3951/1289 1966/3949/1288 1967/3952/1270
f 2326/3951/1289 1967/3952/1270 2147/3953/1270
f 2326/3951/1289 2147/3953/1270 2146/3950/1288
f 2326/3951/1289 2146/3950/1288 1966/3949/1288
f 2327/3954/211 1967/3952/1270 1968/3955/1290
f 2327/3954/211 1968/3955/1290 2148/3956/1290
f 2327/3954/211 2148/3956/1290 2147/3953/1270
f 2327/3954/211 2147/3953/1270 1967/3952/1270
f 2328/3957/1291 1968/3955/1290 1969/3958/1292
f 2328/3957/1291 1969/3958/1292 2149/3959/1292
f 2328/3957/1291 2149/3959/1292 2148/3956/1290
f 2328/3957/1291 2148/3956/1290 1968/3955/1290
f 2329/3960/219 1969/3958/1292 1970/3961/1220
f 2329/3960/219 1970/3961/1220 2150/3962/1220
f 2329/3960/219 2150/3962/1220 2149/3959/1292
f 2329/3960/219 2149/3959/1292 1969/3958/1292
f 2330/3963/1293 1970/3961/1220 1971/3964/1222
f 2330/3963/1293 1971/3964/1222 2151/3965/1222
f 2330/3963/1293 2151/3965/1222 2150/3962/1220
f 2330/3963/1293 2150/3962/1220 1970/3961/1220
f 2331/3966/1294 1971/3964/1222 1972/3967/1295
f 2331/3966/1294 1972/3967/1295 2152/3968/1295
f 2331/3966/1294 2152/3968/1295 2151/3965/1222
f 2331/3966/1294 2151/3965/1222 1971/3964/1222
f 2332/3969/284 1972/3970/1295 1973/3971/961
f 2332/3969/284 1973/3971/961 2153/3972/961
f 2332/3969/284 2153/3972/961 2152/3973/1295
f 2332/3969/284 2152/3973/1295 1972/3970/1295
f 2333/3974/960 1973/3971/961 1974/3975/1225
f 2333/3974/960 1974/3975/1225 2154/3976/1225
f 2333/3974/960 2154/3976/1225 2153/3972/961
f 2333/3974/960 2153/3972/961 1973/3971/961
f 2334/3977/1226 1974/3975/1225 1975/3978/1227
f 2334/3977/1226 1975/3978/1227 2155/3979/1227
f 2334/3977/1226 2155/3979/1227 2154/3976/1225
f 2334/3977/1226 2154/3976/1225 1974/3975/1225
f 2335/3980/1228 1975/3978/1227 1976/3981/1229
f 2335/3980/1228 1976/3981/1229 2156/3982/1296
f 2335/3980/1228 2156/3982/1296 2155/3979/1227
f 2335/3980/1228 2155/3979/1227 1975/3978/1227
f 2336/3983/1297 1976/3981/1229 1977/3984/1230
f 2336/3983/1297 1977/3984/1230 2157/3985/1230
f 2336/3983/1297 2157/3985/1230 2156/3982/1296
f 2336/3983/1297 2156/3982/1296 1976/3981/1229
f 2337/3986/1093 1977/3984/1230 1978/3987/1232
f 2337/3986/1093 1978/3987/1232 2158/3988/1232
f 2337/3986/1093 2158/3988/1232 2157/3985/1230
f 2337/3986/1093 2157/3985/1230 1977/3984/1230
f 2338/3989/1233 1978/3987/1232 1979/3990/1298
f 2338/3989/1233 1979/3990/1298 2159/3991/1299
f 2338/3989/1233 2159/3991/1299 2158/3988/1232
f 2338/3989/1233 2158/3988/1232 1978/3987/1232
f 2339/3992/565 1979/3990/1298 1980/3993/1300
f 2339/3992/565 1980/3993/1300 2160/3994/1300
f 2339/3992/565 2160/3994/1300 2159/3991/1299
f 2339/3992/565 2159/3991/1299 1979/3990/1298
f 2340/3995/569 1980/3993/1300 1981/3996/1236
f 2340/3995/569 1981/3996/1236 2161/3997/1236
f 2340/3995/569 2161/3997/1236 2160/3994/1300
f 2340/3995/569 2160/3994/1300 1980/3993/1300
f 2341/3998/1248 1981/3996/1236 1982/3999/1301
f 2341/3998/1248 1982/3999/1301 2162/4000/1302
f 2341/3998/1248 2162/4000/1302 2161/3997/1236
f 2341/3998/1248 2161/3997/1236 1981/3996/1236
f 2342/4001/1247 1982/3999/1301 1983/4002/1238
f 2342/4001/1247 1983/4002/1238 2163/4003/1238
f 2342/4001/1247 2163/4003/1238 2162/4000/1302
f 2342/4001/1247 2162/4000/1302 1982/3999/1301
f 2343/4004/1303 1983/4002/1238 1984/4005/943
f 2343/4004/1303 1984/4005/943 2164/4006/943
f 2343/4004/1303 2164/4006/943 2163/4003/1238
f 2343/4004/1303 2163/4003/1238 1983/4002/1238
f 2344/4007/584 1984/4005/943 1985/4008/1304
f 2344/4007/584 1985/4008/1304 2165/4009/1304
f 2344/4007/584 2165/4009/1304 2164/4006/943
f 2344/4007/584 2164/4006/943 1984/4005/943
f 2345/4010/1305 1985/4008/1304 1986/4011/1241
f 2345/4010/1305 1986/4011/1241 2166/4012/1241
f 2345/4010/1305 2166/4012/1241 2165/4009/1304
f 2345/4010/1305 2165/4009/1304 1985/4008/1304
f 2346/4013/590 1986/4011/1241 1987/4014/591
f 2346/4013/590 1987/4014/591 2167/4015/591
f 2346/4013/590 2167/4015/591 2166/4012/1241
f 2346/4013/590 2166/4012/1241 1986/4011/1241
f 2347/4016/1306 1987/4014/591 1988/4017/1307
f 2347/4016/1306 1988/4017/1307 2168/4018/1307
f 2347/4016/1306 2168/4018/1307 2167/4015/591
f 2347/4016/1306 2167/4015/591 1987/4014/591
f 2348/4019/594 1988/4017/1307 1989/4020/343
f 2348/4019/594 1989/4020/343 2169/4021/343
f 2348/4019/594 2169/4021/343 2168/4018/1307
f 2348/4019/594 2168/4018/1307 1988/4017/1307
f 2349/4022/1308 1989/4020/343 1810/4023/1120
f 2349/4022/1308 1810/4023/1120 1990/4024/1120
f 2349/4022/1308 1990/4024/1120 2169/4021/343
f 2349/4022/1308 2169/4021/343 1989/4020/343
f 2767/4033/2 2773/4032/3 2774/4034/1
f 2780/4038/2 2782/4041/2 2783/4043/2
f 2769/4049/1 2770/4050/3 2771/4051/1
f 2767/4033/2 2768/4030/2 2773/4032/3
f 2771/4051/1 2772/4031/1 2769/4049/1
f 2794/4062/2 2795/4063/2 2796/4057/2
f 2796/4057/2 2793/4061/2 2794/4062/2
f 2757/4099/2 2758/4100/2 2756/4101/2
f 2756/4101/2 2758/4100/2 2755/4103/3
f 2747/4114/2 2742/4111/2 2746/4115/2
f 2744/4117/1 2745/4118/2 2742/4111/2
f 2742/4111/2 2743/4119/2 2744/4117/1
f 2827/4180/2 2828/4193/2 2853/4154/1
f 2846/4194/3 2847/4166/3 2842/4167/2
f 2856/4197/2 2854/4195/2 2855/4198/1
f 2857/4199/2 2858/4200/2 2854/4195/2
f 2845/4203/2 2846/4194/3 2843/4204/2
f 2844/4207/2 2845/4203/2 2843/4204/2
f 2867/4213/2 2868/4214/2 2870/4209/2
f 2869/4215/2 2870/4209/2 2868/4214/2
f 2867/4213/2 2870/4209/2 2866/4212/2
f 2842/4167/2 2843/4204/2 2846/4194/3
f 2725/4246/2 2726/4248/2 2732/4243/2
f 2736/4249/2 2733/4250/2 2735/4251/3
f 2733/4250/2 2737/4252/1 2738/4255/2
f 2728/4256/1 2729/4257/2 2732/4243/2
f 2732/4243/2 2727/4258/1 2728/4256/1
f 2732/4243/2 2729/4257/2 2730/4259/2
f 2735/4251/3 2733/4250/2 2734/4260/2
f 2621/4269/7 2617/4270/7 2622/4271/7
f 2629/4278/7 2631/4280/7 2630/4281/7
f 2633/4282/6 2632/4283/7 2629/4278/7
f 2616/4272/7 2615/4274/7 2623/4273/7
f 2619/4288/7 2618/4289/7 2620/4290/7
f 2617/4270/7 2621/4269/7 2618/4289/7
f 2621/4269/7 2620/4290/7 2618/4289/7
f 2641/4299/7 2640/4298/7 2645/4296/7
f 2644/4301/7 2643/4302/7 2645/4296/7
f 2642/4300/6 2645/4296/7 2643/4302/7
f 2607/4333/7 2606/4334/7 2605/4335/8
f 2607/4333/7 2605/4335/8 2604/4337/7
f 2594/4351/6 2593/4352/7 2591/4346/7
f 2592/4353/7 2591/4346/7 2593/4352/7
f 2690/4388/6 2696/4393/7 2691/4394/6
f 2697/4387/7 2696/4393/7 2690/4388/6
f 2705/4415/7 2703/1060/7 2706/4418/7
f 2695/4413/7 2694/4421/7 2692/4422/7
f 2694/4421/7 2693/4425/7 2692/4422/7
f 2717/4430/7 2716/4431/6 2719/1063/7
f 2719/1063/7 2718/4432/7 2717/4430/7
f 2719/1063/7 2716/4431/6 2715/4429/7
f 2572/4453/6 2581/2615/7 2573/4452/7
f 2575/4454/7 2574/4451/8 2581/2615/7
f 2582/2463/6 2585/4455/6 2584/4456/7
f 2578/4461/7 2577/4462/7 2581/2615/7
f 2576/4463/7 2581/2615/7 2577/4462/7
f 2578/4461/7 2581/2615/7 2579/4464/7
f 2582/2463/6 2584/4456/7 2583/4465/8
f 2580/4466/7 2579/4464/7 2581/2615/7
f 2498/4467/1309 2350/4468/1310 2351/4469/1311
f 2498/4467/1309 2351/4469/1311 2425/4470/1311
f 2498/4467/1309 2425/4470/1311 2424/4471/1312
f 2498/4467/1309 2424/4471/1312 2350/4468/1310
f 2499/4472/1313 2351/4469/1311 2352/4473/1314
f 2499/4472/1313 2352/4473/1314 2426/4474/1315
f 2499/4472/1313 2426/4474/1315 2425/4470/1311
f 2499/4472/1313 2425/4470/1311 2351/4469/1311
f 2500/4475/1316 2352/4473/1314 2353/4476/147
f 2500/4475/1316 2353/4476/147 2427/4477/147
f 2500/4475/1316 2427/4477/147 2426/4474/1315
f 2500/4475/1316 2426/4474/1315 2352/4473/1314
f 2501/4478/146 2353/4476/147 2354/4479/1317
f 2501/4478/146 2354/4479/1317 2428/4480/1317
f 2501/4478/146 2428/4480/1317 2427/4477/147
f 2501/4478/146 2427/4477/147 2353/4476/147
f 2502/4481/1318 2354/4479/1317 2355/4482/1319
f 2502/4481/1318 2355/4482/1319 2429/4483/1320
f 2502/4481/1318 2429/4483/1320 2428/4480/1317
f 2502/4481/1318 2428/4480/1317 2354/4479/1317
f 2503/4484/882 2355/4482/1319 2356/4485/883
f 2503/4484/882 2356/4485/883 2430/4486/883
f 2503/4484/882 2430/4486/883 2429/4483/1320
f 2503/4484/882 2429/4483/1320 2355/4482/1319
f 2504/4487/1321 2356/4485/883 2357/4488/885
f 2504/4487/1321 2357/4488/885 2431/4489/885
f 2504/4487/1321 2431/4489/885 2430/4486/883
f 2504/4487/1321 2430/4486/883 2356/4485/883
f 2505/4490/886 2357/4488/885 2358/4491/887
f 2505/4490/886 2358/4491/887 2432/4492/887
f 2505/4490/886 2432/4492/887 2431/4489/885
f 2505/4490/886 2431/4489/885 2357/4488/885
f 2506/4493/125 2358/4491/887 2359/4494/481
f 2506/4493/125 2359/4494/481 2433/4495/481
f 2506/4493/125 2433/4495/481 2432/4492/887
f 2506/4493/125 2432/4492/887 2358/4491/887
f 2507/4496/1322 2359/4494/481 2360/4497/1323
f 2507/4496/1322 2360/4497/1323 2434/4498/1323
f 2507/4496/1322 2434/4498/1323 2433/4495/481
f 2507/4496/1322 2433/4495/481 2359/4494/481
f 2508/4499/117 2360/4497/1323 2361/4500/1324
f 2508/4499/117 2361/4500/1324 2435/4501/1324
f 2508/4499/117 2435/4501/1324 2434/4498/1323
f 2508/4499/117 2434/4498/1323 2360/4497/1323
f 2509/4502/1325 2361/4500/1324 2362/4503/1038
f 2509/4502/1325 2362/4503/1038 2436/4504/1038
f 2509/4502/1325 2436/4504/1038 2435/4501/1324
f 2509/4502/1325 2435/4501/1324 2361/4500/1324
f 2510/4505/1326 2362/4503/1038 2363/4506/1036
f 2510/4505/1326 2363/4506/1036 2437/4507/1036
f 2510/4505/1326 2437/4507/1036 2436/4504/1038
f 2510/4505/1326 2436/4504/1038 2362/4503/1038
f 2511/4508/898 2363/4506/1036 2364/4509/1327
f 2511/4508/898 2364/4509/1327 2438/4510/1327
f 2511/4508/898 2438/4510/1327 2437/4507/1036
f 2511/4508/898 2437/4507/1036 2363/4506/1036
f 2512/4511/1328 2364/4509/1327 2365/4512/1329
f 2512/4511/1328 2365/4512/1329 2439/4513/1329
f 2512/4511/1328 2439/4513/1329 2438/4510/1327
f 2512/4511/1328 2438/4510/1327 2364/4509/1327
f 2513/4514/1033 2365/4512/1329 2366/4515/1330
f 2513/4514/1033 2366/4515/1330 2440/4516/1330
f 2513/4514/1033 2440/4516/1330 2439/4513/1329
f 2513/4514/1033 2439/4513/1329 2365/4512/1329
f 2514/4517/1031 2366/4515/1330 2367/4518/1331
f 2514/4517/1031 2367/4518/1331 2441/4519/1331
f 2514/4517/1031 2441/4519/1331 2440/4516/1330
f 2514/4517/1031 2440/4516/1330 2366/4515/1330
f 2515/4520/1193 2367/4518/1331 2368/4521/903
f 2515/4520/1193 2368/4521/903 2442/4522/903
f 2515/4520/1193 2442/4522/903 2441/4519/1331
f 2515/4520/1193 2441/4519/1331 2367/4518/1331
f 2516/4523/1332 2368/4521/903 2369/4524/905
f 2516/4523/1332 2369/4524/905 2443/4525/905
f 2516/4523/1332 2443/4525/905 2442/4522/903
f 2516/4523/1332 2442/4522/903 2368/4521/903
f 2517/4526/80 2369/4524/905 2370/4527/1333
f 2517/4526/80 2370/4527/1333 2444/4528/1333
f 2517/4526/80 2444/4528/1333 2443/4525/905
f 2517/4526/80 2443/4525/905 2369/4524/905
f 2518/4529/77 2370/4527/1333 2371/4530/376
f 2518/4529/77 2371/4530/376 2445/4531/376
f 2518/4529/77 2445/4531/376 2444/4528/1333
f 2518/4529/77 2444/4528/1333 2370/4527/1333
f 2519/4532/1334 2371/4530/376 2372/4533/1335
f 2519/4532/1334 2372/4533/1335 2446/4534/907
f 2519/4532/1334 2446/4534/907 2445/4531/376
f 2519/4532/1334 2445/4531/376 2371/4530/376
f 2520/4535/1336 2372/4533/1335 2373/4536/372
f 2520/4535/1336 2373/4536/372 2447/4537/372
f 2520/4535/1336 2447/4537/372 2446/4534/907
f 2520/4535/1336 2446/4534/907 2372/4533/1335
f 2521/4538/1132 2373/4536/372 2374/4539/1337
f 2521/4538/1132 2374/4539/1337 2448/4540/1337
f 2521/4538/1132 2448/4540/1337 2447/4537/372
f 2521/4538/1132 2447/4537/372 2373/4536/372
f 2522/4541/1338 2374/4539/1337 2375/4542/1339
f 2522/4541/1338 2375/4542/1339 2449/4543/1339
f 2522/4541/1338 2449/4543/1339 2448/4540/1337
f 2522/4541/1338 2448/4540/1337 2374/4539/1337
f 2523/4544/1340 2375/4542/1339 2376/4545/1341
f 2523/4544/1340 2376/4545/1341 2450/4546/1341
f 2523/4544/1340 2450/4546/1341 2449/4543/1339
f 2523/4544/1340 2449/4543/1339 2375/4542/1339
f 2524/4547/1342 2376/4545/1341 2377/4548/1343
f 2524/4547/1342 2377/4548/1343 2451/4549/1343
f 2524/4547/1342 2451/4549/1343 2450/4546/1341
f 2524/4547/1342 2450/4546/1341 2376/4545/1341
f 2525/4550/1344 2377/4548/1343 2378/4551/1345
f 2525/4550/1344 2378/4551/1345 2452/4552/1345
f 2525/4550/1344 2452/4552/1345 2451/4549/1343
f 2525/4550/1344 2451/4549/1343 2377/4548/1343
f 2526/4553/1346 2378/4551/1345 2379/4554/1347
f 2526/4553/1346 2379/4554/1347 2453/4555/1347
f 2526/4553/1346 2453/4555/1347 2452/4552/1345
f 2526/4553/1346 2452/4552/1345 2378/4551/1345
f 2527/4556/1348 2379/4554/1347 2380/4557/1349
f 2527/4556/1348 2380/4557/1349 2454/4558/1349
f 2527/4556/1348 2454/4558/1349 2453/4555/1347
f 2527/4556/1348 2453/4555/1347 2379/4554/1347
f 2528/4559/920 2380/4557/1349 2381/4560/1350
f 2528/4559/920 2381/4560/1350 2455/4561/1350
f 2528/4559/920 2455/4561/1350 2454/4558/1349
f 2528/4559/920 2454/4558/1349 2380/4557/1349
f 2529/4562/1351 2381/4560/1350 2382/4563/923
f 2529/4562/1351 2382/4563/923 2456/4564/923
f 2529/4562/1351 2456/4564/923 2455/4561/1350
f 2529/4562/1351 2455/4561/1350 2381/4560/1350
f 2530/4565/1352 2382/4563/923 2383/4566/1353
f 2530/4565/1352 2383/4566/1353 2457/4567/1353
f 2530/4565/1352 2457/4567/1353 2456/4564/923
f 2530/4565/1352 2456/4564/923 2382/4563/923
f 2531/4568/1354 2383/4566/1353 2384/4569/1355
f 2531/4568/1354 2384/4569/1355 2458/4570/1355
f 2531/4568/1354 2458/4570/1355 2457/4567/1353
f 2531/4568/1354 2457/4567/1353 2383/4566/1353
f 2532/4571/1356 2384/4569/1355 2385/4572/1357
f 2532/4571/1356 2385/4572/1357 2459/4573/1357
f 2532/4571/1356 2459/4573/1357 2458/4570/1355
f 2532/4571/1356 2458/4570/1355 2384/4569/1355
f 2533/4574/17 2385/4572/1357 2386/4575/1358
f 2533/4574/17 2386/4575/1358 2460/4576/1358
f 2533/4574/17 2460/4576/1358 2459/4573/1357
f 2533/4574/17 2459/4573/1357 2385/4572/1357
f 2534/4577/13 2386/4575/1358 2387/4578/1359
f 2534/4577/13 2387/4578/1359 2461/4579/1359
f 2534/4577/13 2461/4579/1359 2460/4576/1358
f 2534/4577/13 2460/4576/1358 2386/4575/1358
f 2535/4580/989 2388/4581/1360 2462/4582/1360
f 2535/4580/989 2462/4582/1360 2461/4579/1359
f 2535/4580/989 2461/4579/1359 2387/4578/1359
f 2536/4583/1361 2388/4581/1360 2389/4584/1362
f 2536/4583/1361 2389/4584/1362 2463/4585/1362
f 2536/4583/1361 2463/4585/1362 2462/4582/1360
f 2536/4583/1361 2462/4582/1360 2388/4581/1360
f 2537/4586/1363 2389/4584/1362 2390/4587/1364
f 2537/4586/1363 2390/4587/1364 2464/4588/1364
f 2537/4586/1363 2464/4588/1364 2463/4585/1362
f 2537/4586/1363 2463/4585/1362 2389/4584/1362
f 2538/4589/1365 2390/4587/1364 2391/4590/1366
f 2538/4589/1365 2391/4590/1366 2465/4591/1366
f 2538/4589/1365 2465/4591/1366 2464/4588/1364
f 2538/4589/1365 2464/4588/1364 2390/4587/1364
f 2539/4592/1367 2391/4590/1366 2392/4593/1109
f 2539/4592/1367 2392/4593/1109 2466/4594/1109
f 2539/4592/1367 2466/4594/1109 2465/4591/1366
f 2539/4592/1367 2465/4591/1366 2391/4590/1366
f 2540/4595/1368 2392/4593/1109 2393/4596/1369
f 2540/4595/1368 2393/4596/1369 2467/4597/1369
f 2540/4595/1368 2467/4597/1369 2466/4594/1109
f 2540/4595/1368 2466/4594/1109 2392/4593/1109
f 2541/4598/1370 2393/4596/1369 2394/4599/579
f 2541/4598/1370 2394/4599/579 2468/4600/579
f 2541/4598/1370 2468/4600/579 2467/4597/1369
f 2541/4598/1370 2467/4597/1369 2393/4596/1369
f 2542/4601/1371 2394/4599/579 2395/4602/1372
f 2542/4601/1371 2395/4602/1372 2469/4603/1302
f 2542/4601/1371 2469/4603/1302 2468/4600/579
f 2542/4601/1371 2468/4600/579 2394/4599/579
f 2543/4604/321 2395/4602/1372 2396/4605/318
f 2543/4604/321 2396/4605/318 2470/4606/318
f 2543/4604/321 2470/4606/318 2469/4603/1302
f 2543/4604/321 2469/4603/1302 2395/4602/1372
f 2544/4607/1373 2396/4605/318 2397/4608/1374
f 2544/4607/1373 2397/4608/1374 2471/4609/1374
f 2544/4607/1373 2471/4609/1374 2470/4606/318
f 2544/4607/1373 2470/4606/318 2396/4605/318
f 2545/4610/1375 2397/4608/1374 2398/4611/1376
f 2545/4610/1375 2398/4611/1376 2472/4612/1376
f 2545/4610/1375 2472/4612/1376 2471/4609/1374
f 2545/4610/1375 2471/4609/1374 2397/4608/1374
f 2546/4613/1377 2398/4611/1376 2399/4614/1378
f 2546/4613/1377 2399/4614/1378 2473/4615/1379
f 2546/4613/1377 2473/4615/1379 2472/4612/1376
f 2546/4613/1377 2472/4612/1376 2398/4611/1376
f 2547/4616/1380 2399/4614/1378 2400/4617/1381
f 2547/4616/1380 2400/4617/1381 2474/4618/1382
f 2547/4616/1380 2474/4618/1382 2473/4615/1379
f 2547/4616/1380 2473/4615/1379 2399/4614/1378
f 2548/4619/1383 2400/4617/1381 2401/4620/1296
f 2548/4619/1383 2401/4620/1296 2475/4621/1296
f 2548/4619/1383 2475/4621/1296 2474/4618/1382
f 2548/4619/1383 2474/4618/1382 2400/4617/1381
f 2549/4622/1384 2401/4620/1296 2402/4623/294
f 2549/4622/1384 2402/4623/294 2476/4624/294
f 2549/4622/1384 2476/4624/294 2475/4621/1296
f 2549/4622/1384 2475/4621/1296 2401/4620/1296
f 2550/4625/958 2402/4623/294 2403/4626/1385
f 2550/4625/958 2403/4626/1385 2477/4627/1385
f 2550/4625/958 2477/4627/1385 2476/4624/294
f 2550/4625/958 2476/4624/294 2402/4623/294
f 2551/4628/1386 2403/4626/1385 2404/4629/1387
f 2551/4628/1386 2404/4629/1387 2478/4630/1387
f 2551/4628/1386 2478/4630/1387 2477/4627/1385
f 2551/4628/1386 2477/4627/1385 2403/4626/1385
f 2552/4631/1388 2404/4629/1387 2405/4632/539
f 2552/4631/1388 2405/4632/539 2479/4633/539
f 2552/4631/1388 2479/4633/539 2478/4630/1387
f 2552/4631/1388 2478/4630/1387 2404/4629/1387
f 2553/4634/1389 2405/4632/539 2406/4635/1390
f 2553/4634/1389 2406/4635/1390 2480/4636/1390
f 2553/4634/1389 2480/4636/1390 2479/4633/539
f 2553/4634/1389 2479/4633/539 2405/4632/539
f 2554/4637/276 2406/4635/1390 2407/4638/1391
f 2554/4637/276 2407/4638/1391 2481/4639/1391
f 2554/4637/276 2481/4639/1391 2480/4636/1390
f 2554/4637/276 2480/4636/1390 2406/4635/1390
f 2555/4640/219 2407/4638/1391 2408/4641/217
f 2555/4640/219 2408/4641/217 2482/4642/217
f 2555/4640/219 2482/4642/217 2481/4639/1391
f 2555/4640/219 2481/4639/1391 2407/4638/1391
f 2556/4643/529 2408/4641/217 2409/4644/966
f 2556/4643/529 2409/4644/966 2483/4645/966
f 2556/4643/529 2483/4645/966 2482/4642/217
f 2556/4643/529 2482/4642/217 2408/4641/217
f 2557/4646/1392 2409/4644/966 2410/4647/1393
f 2557/4646/1392 2410/4647/1393 2484/4648/1393
f 2557/4646/1392 2484/4648/1393 2483/4645/966
f 2557/4646/1392 2483/4645/966 2409/4644/966
f 2558/4649/1394 2410/4647/1393 2411/4650/969
f 2558/4649/1394 2411/4650/969 2485/4651/969
f 2558/4649/1394 2485/4651/969 2484/4648/1393
f 2558/4649/1394 2484/4648/1393 2410/4647/1393
f 2559/4652/523 2411/4650/969 2412/4653/970
f 2559/4652/523 2412/4653/970 2486/4654/970
f 2559/4652/523 2486/4654/970 2485/4651/969
f 2559/4652/523 2485/4651/969 2411/4650/969
f 2560/4655/971 2412/4653/970 2413/4656/198
f 2560/4655/971 2413/4656/198 2487/4657/198
f 2560/4655/971 2487/4657/198 2486/4654/970
f 2560/4655/971 2486/4654/970 2412/4653/970
f 2561/4658/1395 2413/4656/198 2414/4659/972
f 2561/4658/1395 2414/4659/972 2488/4660/972
f 2561/4658/1395 2488/4660/972 2487/4657/198
f 2561/4658/1395 2487/4657/198 2413/4656/198
f 2562/4661/973 2414/4659/972 2415/4662/1396
f 2562/4661/973 2415/4662/1396 2489/4663/974
f 2562/4661/973 2489/4663/974 2488/4660/972
f 2562/4661/973 2488/4660/972 2414/4659/972
f 2563/4664/1397 2415/4662/1396 2416/4665/186
f 2563/4664/1397 2416/4665/186 2490/4666/186
f 2563/4664/1397 2490/4666/186 2489/4663/974
f 2563/4664/1397 2489/4663/974 2415/4662/1396
f 2564/4667/976 2416/4665/186 2417/4668/515
f 2564/4667/976 2417/4668/515 2491/4669/515
f 2564/4667/976 2491/4669/515 2490/4666/186
f 2564/4667/976 2490/4666/186 2416/4665/186
f 2565/4670/514 2417/4668/515 2418/4671/977
f 2565/4670/514 2418/4671/977 2492/4672/977
f 2565/4670/514 2492/4672/977 2491/4669/515
f 2565/4670/514 2491/4669/515 2417/4668/515
f 2566/4673/175 2418/4671/977 2419/4674/979
f 2566/4673/175 2419/4674/979 2493/4675/980
f 2566/4673/175 2493/4675/980 2492/4672/977
f 2566/4673/175 2492/4672/977 2418/4671/977
f 2567/4676/1398 2419/4674/979 2420/4677/982
f 2567/4676/1398 2420/4677/982 2494/4678/982
f 2567/4676/1398 2494/4678/982 2493/4675/980
f 2567/4676/1398 2493/4675/980 2419/4674/979
f 2568/4679/983 2420/4677/982 2421/4680/984
f 2568/4679/983 2421/4680/984 2495/4681/984
f 2568/4679/983 2495/4681/984 2494/4678/982
f 2568/4679/983 2494/4678/982 2420/4677/982
f 2569/4682/163 2421/4680/984 2422/4683/1063
f 2569/4682/163 2422/4683/1063 2496/4684/1063
f 2569/4682/163 2496/4684/1063 2495/4681/984
f 2569/4682/163 2495/4681/984 2421/4680/984
f 2570/4685/159 2422/4683/1063 2423/4686/1399
f 2570/4685/159 2423/4686/1399 2497/4687/1399
f 2570/4685/159 2497/4687/1399 2496/4684/1063
f 2570/4685/159 2496/4684/1063 2422/4683/1063
f 2571/4688/1204 2423/4686/1399 2350/4689/1310
f 2571/4688/1204 2350/4689/1310 2424/4690/1312
f 2571/4688/1204 2424/4690/1312 2497/4687/1399
f 2571/4688/1204 2497/4687/1399 2423/4686/1399
f 2874/4691/1400 2572/4692/1401 2573/4693/991
f 2874/4691/1400 2573/4693/991 2724/4694/991
f 2874/4691/1400 2724/4694/991 2723/4695/1401
f 2874/4691/1400 2723/4695/1401 2572/4692/1401
f 2875/4696/1402 2573/4693/991 2574/4697/1403
f 2875/4696/1402 2574/4697/1403 2725/4698/1403
f 2875/4696/1402 2725/4698/1403 2724/4694/991
f 2875/4696/1402 2724/4694/991 2573/4693/991
f 2876/4699/1404 2574/4697/1403 2575/4700/1405
f 2876/4699/1404 2575/4700/1405 2726/4701/1405
f 2876/4699/1404 2726/4701/1405 2725/4698/1403
f 2876/4699/1404 2725/4698/1403 2574/4697/1403
f 2877/4702/1406 2575/4700/1405 2576/4703/1407
f 2877/4702/1406 2576/4703/1407 2727/4704/1407
f 2877/4702/1406 2727/4704/1407 2726/4701/1405
f 2877/4702/1406 2726/4701/1405 2575/4700/1405
f 2878/4705/1408 2576/4703/1407 2577/4706/1409
f 2878/4705/1408 2577/4706/1409 2728/4707/1409
f 2878/4705/1408 2728/4707/1409 2727/4704/1407
f 2878/4705/1408 2727/4704/1407 2576/4703/1407
f 2879/4708/1410 2577/4706/1409 2578/4709/1411
f 2879/4708/1410 2578/4709/1411 2729/4710/1411
f 2879/4708/1410 2729/4710/1411 2728/4707/1409
f 2879/4708/1410 2728/4707/1409 2577/4706/1409
f 2880/4711/1412 2578/4709/1411 2579/4712/1413
f 2880/4711/1412 2579/4712/1413 2730/4713/1413
f 2880/4711/1412 2730/4713/1413 2729/4710/1411
f 2880/4711/1412 2729/4710/1411 2578/4709/1411
f 2881/4714/1414 2579/4712/1413 2580/4715/1415
f 2881/4714/1414 2580/4715/1415 2731/4716/1415
f 2881/4714/1414 2731/4716/1415 2730/4713/1413
f 2881/4714/1414 2730/4713/1413 2579/4712/1413
f 2882/4717/1416 2580/4715/1415 2581/4718/1417
f 2882/4717/1416 2581/4718/1417 2732/4719/1417
f 2882/4717/1416 2732/4719/1417 2731/4716/1415
f 2882/4717/1416 2731/4716/1415 2580/4715/1415
f 2883/4720/1418 2581/4718/1417 2582/4721/1419
f 2883/4720/1418 2582/4721/1419 2733/4722/1419
f 2883/4720/1418 2733/4722/1419 2732/4719/1417
f 2883/4720/1418 2732/4719/1417 2581/4718/1417
f 2884/4723/1010 2582/4721/1419 2583/4724/1420
f 2884/4723/1010 2583/4724/1420 2734/4725/1420
f 2884/4723/1010 2734/4725/1420 2733/4722/1419
f 2884/4723/1010 2733/4722/1419 2582/4721/1419
f 2885/4726/1421 2583/4724/1420 2584/4727/1422
f 2885/4726/1421 2584/4727/1422 2735/4728/1422
f 2885/4726/1421 2735/4728/1422 2734/4725/1420
f 2885/4726/1421 2734/4725/1420 2583/4724/1420
f 2886/4729/1014 2584/4727/1422 2585/4730/1423
f 2886/4729/1014 2585/4730/1423 2736/4731/1424
f 2886/4729/1014 2736/4731/1424 2735/4728/1422
f 2886/4729/1014 2735/4728/1422 2584/4727/1422
f 2887/4732/1425 2585/4730/1423 2586/4733/1426
f 2887/4732/1425 2586/4733/1426 2737/4734/1426
f 2887/4732/1425 2737/4734/1426 2736/4731/1424
f 2887/4732/1425 2736/4731/1424 2585/4730/1423
f 2888/4735/1018 2586/4733/1426 2587/4736/1019
f 2888/4735/1018 2587/4736/1019 2738/4737/1019
f 2888/4735/1018 2738/4737/1019 2737/4734/1426
f 2888/4735/1018 2737/4734/1426 2586/4733/1426
f 2889/4738/1020 2587/4736/1019 2588/4739/1021
f 2889/4738/1020 2588/4739/1021 2739/4740/1021
f 2889/4738/1020 2739/4740/1021 2738/4737/1019
f 2889/4738/1020 2738/4737/1019 2587/4736/1019
f 2890/4741/1022 2588/4739/1021 2589/4742/1023
f 2890/4741/1022 2589/4742/1023 2740/4743/1023
f 2890/4741/1022 2740/4743/1023 2739/4740/1021
f 2890/4741/1022 2739/4740/1021 2588/4739/1021
f 2891/4744/1024 2589/4742/1023 2590/4745/1025
f 2891/4744/1024 2590/4745/1025 2741/4746/1025
f 2891/4744/1024 2741/4746/1025 2740/4743/1023
f 2891/4744/1024 2740/4743/1023 2589/4742/1023
f 2892/4747/77 2590/4745/1025 2591/4748/1427
f 2892/4747/77 2591/4748/1427 2742/4749/1427
f 2892/4747/77 2742/4749/1427 2741/4746/1025
f 2892/4747/77 2741/4746/1025 2590/4745/1025
f 2893/4750/1428 2591/4751/1427 2592/4752/1429
f 2893/4750/1428 2592/4752/1429 2743/4753/1429
f 2893/4750/1428 2743/4753/1429 2742/4754/1427
f 2893/4750/1428 2742/4754/1427 2591/4751/1427
f 2894/4755/1430 2592/4752/1429 2593/4756/1431
f 2894/4755/1430 2593/4756/1431 2744/4757/1431
f 2894/4755/1430 2744/4757/1431 2743/4753/1429
f 2894/4755/1430 2743/4753/1429 2592/4752/1429
f 2895/4758/1432 2593/4756/1431 2594/4759/1433
f 2895/4758/1432 2594/4759/1433 2745/4760/1433
f 2895/4758/1432 2745/4760/1433 2744/4757/1431
f 2895/4758/1432 2744/4757/1431 2593/4756/1431
f 2896/4761/1434 2594/4759/1433 2595/4762/94
f 2896/4761/1434 2595/4762/94 2746/4763/94
f 2896/4761/1434 2746/4763/94 2745/4760/1433
f 2896/4761/1434 2745/4760/1433 2594/4759/1433
f 2897/4764/1435 2595/4762/94 2596/4765/99
f 2897/4764/1435 2596/4765/99 2747/4766/99
f 2897/4764/1435 2747/4766/99 2746/4763/94
f 2897/4764/1435 2746/4763/94 2595/4762/94
f 2898/4767/461 2596/4765/99 2597/4768/1436
f 2898/4767/461 2597/4768/1436 2748/4769/1436
f 2898/4767/461 2748/4769/1436 2747/4766/99
f 2898/4767/461 2747/4766/99 2596/4765/99
f 2899/4770/466 2597/4768/1436 2598/4771/1141
f 2899/4770/466 2598/4771/1141 2749/4772/1141
f 2899/4770/466 2749/4772/1141 2748/4769/1436
f 2899/4770/466 2748/4769/1436 2597/4768/1436
f 2900/4773/1437 2598/4771/1141 2599/4774/1438
f 2900/4773/1437 2599/4774/1438 2750/4775/1438
f 2900/4773/1437 2750/4775/1438 2749/4772/1141
f 2900/4773/1437 2749/4772/1141 2598/4771/1141
f 2901/4776/1143 2599/4774/1438 2600/4777/1439
f 2901/4776/1143 2600/4777/1439 2751/4778/1439
f 2901/4776/1143 2751/4778/1439 2750/4775/1438
f 2901/4776/1143 2750/4775/1438 2599/4774/1438
f 2902/4779/1440 2600/4777/1439 2601/4780/1441
f 2902/4779/1440 2601/4780/1441 2752/4781/1441
f 2902/4779/1440 2752/4781/1441 2751/4778/1439
f 2902/4779/1440 2751/4778/1439 2600/4777/1439
f 2903/4782/1442 2601/4780/1441 2602/4783/1443
f 2903/4782/1442 2602/4783/1443 2753/4784/1443
f 2903/4782/1442 2753/4784/1443 2752/4781/1441
f 2903/4782/1442 2752/4781/1441 2601/4780/1441
f 2904/4785/1444 2602/4783/1443 2603/4786/1445
f 2904/4785/1444 2603/4786/1445 2754/4787/1445
f 2904/4785/1444 2754/4787/1445 2753/4784/1443
f 2904/4785/1444 2753/4784/1443 2602/4783/1443
f 2905/4788/1446 2603/4786/1445 2604/4789/885
f 2905/4788/1446 2604/4789/885 2755/4790/885
f 2905/4788/1446 2755/4790/885 2754/4787/1445
f 2905/4788/1446 2754/4787/1445 2603/4786/1445
f 2906/4791/1321 2604/4789/885 2605/4792/135
f 2906/4791/1321 2605/4792/135 2756/4793/135
f 2906/4791/1321 2756/4793/135 2755/4790/885
f 2906/4791/1321 2755/4790/885 2604/4789/885
f 2907/4794/1447 2605/4792/135 2606/4795/1448
f 2907/4794/1447 2606/4795/1448 2757/4796/1448
f 2907/4794/1447 2757/4796/1448 2756/4793/135
f 2907/4794/1447 2756/4793/135 2605/4792/135
f 2908/4797/1050 2606/4795/1448 2607/4798/142
f 2908/4797/1050 2607/4798/142 2758/4799/142
f 2908/4797/1050 2758/4799/142 2757/4796/1448
f 2908/4797/1050 2757/4796/1448 2606/4795/1448
f 2909/4800/1051 2607/4798/142 2608/4801/1449
f 2909/4800/1051 2608/4801/1449 2759/4802/1449
f 2909/4800/1051 2759/4802/1449 2758/4799/142
f 2909/4800/1051 2758/4799/142 2607/4798/142
f 2910/4803/1450 2608/4801/1449 2609/4804/1451
f 2910/4803/1450 2609/4804/1451 2760/4805/1451
f 2910/4803/1450 2760/4805/1451 2759/4802/1449
f 2910/4803/1450 2759/4802/1449 2608/4801/1449
f 2911/4806/1452 2609/4804/1451 2610/4807/1057
f 2911/4806/1452 2610/4807/1057 2761/4808/1057
f 2911/4806/1452 2761/4808/1057 2760/4805/1451
f 2911/4806/1452 2760/4805/1451 2609/4804/1451
f 2912/4809/1058 2610/4807/1057 2611/4810/502
f 2912/4809/1058 2611/4810/502 2762/4811/502
f 2912/4809/1058 2762/4811/502 2761/4808/1057
f 2912/4809/1058 2761/4808/1057 2610/4807/1057
f 2913/4812/1453 2611/4810/502 2612/4813/873
f 2913/4812/1453 2612/4813/873 2763/4814/873
f 2913/4812/1453 2763/4814/873 2762/4811/502
f 2913/4812/1453 2762/4811/502 2611/4810/502
f 2914/4815/1454 2612/4813/873 2613/4816/1455
f 2914/4815/1454 2613/4816/1455 2764/4817/1455
f 2914/4815/1454 2764/4817/1455 2763/4814/873
f 2914/4815/1454 2763/4814/873 2612/4813/873
f 2915/4818/1456 2613/4816/1455 2614/4819/1457
f 2915/4818/1456 2614/4819/1457 2765/4820/1457
f 2915/4818/1456 2765/4820/1457 2764/4817/1455
f 2915/4818/1456 2764/4817/1455 2613/4816/1455
f 2916/4821/1458 2614/4819/1457 2615/4822/1065
f 2916/4821/1458 2615/4822/1065 2766/4823/1065
f 2916/4821/1458 2766/4823/1065 2765/4820/1457
f 2916/4821/1458 2765/4820/1457 2614/4819/1457
f 2917/4824/1459 2615/4822/1065 2616/4825/1067
f 2917/4824/1459 2616/4825/1067 2767/4826/1067
f 2917/4824/1459 2767/4826/1067 2766/4823/1065
f 2917/4824/1459 2766/4823/1065 2615/4822/1065
f 2918/4827/171 2616/4825/1067 2617/4828/1068
f 2918/4827/171 2617/4828/1068 2768/4829/1068
f 2918/4827/171 2768/4829/1068 2767/4826/1067
f 2918/4827/171 2767/4826/1067 2616/4825/1067
f 2919/4830/1069 2617/4828/1068 2618/4831/1460
f 2919/4830/1069 2618/4831/1460 2769/4832/1460
f 2919/4830/1069 2769/4832/1460 2768/4829/1068
f 2919/4830/1069 2768/4829/1068 2617/4828/1068
f 2920/4833/514 2618/4831/1460 2619/4834/1070
f 2920/4833/514 2619/4834/1070 2770/4835/1070
f 2920/4833/514 2770/4835/1070 2769/4832/1460
f 2920/4833/514 2769/4832/1460 2618/4831/1460
f 2921/4836/1071 2619/4834/1070 2620/4837/1461
f 2921/4836/1071 2620/4837/1461 2771/4838/1461
f 2921/4836/1071 2771/4838/1461 2770/4835/1070
f 2921/4836/1071 2770/4835/1070 2619/4834/1070
f 2922/4839/188 2620/4837/1461 2621/4840/190
f 2922/4839/188 2621/4840/190 2772/4841/190
f 2922/4839/188 2772/4841/190 2771/4838/1461
f 2922/4839/188 2771/4838/1461 2620/4837/1461
f 2923/4842/1073 2621/4840/190 2622/4843/519
f 2923/4842/1073 2622/4843/519 2773/4844/519
f 2923/4842/1073 2773/4844/519 2772/4841/190
f 2923/4842/1073 2772/4841/190 2621/4840/190
f 2924/4845/196 2622/4843/519 2623/4846/1075
f 2924/4845/196 2623/4846/1075 2774/4847/1075
f 2924/4845/196 2774/4847/1075 2773/4844/519
f 2924/4845/196 2773/4844/519 2622/4843/519
f 2925/4848/1076 2623/4846/1075 2624/4849/970
f 2925/4848/1076 2624/4849/970 2775/4850/970
f 2925/4848/1076 2775/4850/970 2774/4847/1075
f 2925/4848/1076 2774/4847/1075 2623/4846/1075
f 2926/4851/1077 2624/4849/970 2625/4852/969
f 2926/4851/1077 2625/4852/969 2776/4853/1462
f 2926/4851/1077 2776/4853/1462 2775/4850/970
f 2926/4851/1077 2775/4850/970 2624/4849/970
f 2927/4854/818 2625/4852/969 2626/4855/210
f 2927/4854/818 2626/4855/210 2777/4856/210
f 2927/4854/818 2777/4856/210 2776/4853/1462
f 2927/4854/818 2776/4853/1462 2625/4852/969
f 2928/4857/527 2626/4855/210 2627/4858/966
f 2928/4857/527 2627/4858/966 2778/4859/966
f 2928/4857/527 2778/4859/966 2777/4856/210
f 2928/4857/527 2777/4856/210 2626/4855/210
f 2929/4860/529 2627/4858/966 2628/4861/530
f 2929/4860/529 2628/4861/530 2779/4862/217
f 2929/4860/529 2779/4862/217 2778/4859/966
f 2929/4860/529 2778/4859/966 2627/4858/966
f 2930/4863/219 2628/4861/530 2629/4864/965
f 2930/4863/219 2629/4864/965 2780/4865/965
f 2930/4863/219 2780/4865/965 2779/4862/217
f 2930/4863/219 2779/4862/217 2628/4861/530
f 2931/4866/533 2629/4867/965 2630/4868/964
f 2931/4866/533 2630/4868/964 2781/4869/964
f 2931/4866/533 2781/4869/964 2780/4870/965
f 2931/4866/533 2780/4870/965 2629/4867/965
f 2932/4871/963 2630/4868/964 2631/4872/962
f 2932/4871/963 2631/4872/962 2782/4873/962
f 2932/4871/963 2782/4873/962 2781/4869/964
f 2932/4871/963 2781/4869/964 2630/4868/964
f 2933/4874/284 2631/4872/962 2632/4875/1387
f 2933/4874/284 2632/4875/1387 2783/4876/1387
f 2933/4874/284 2783/4876/1387 2782/4873/962
f 2933/4874/284 2782/4873/962 2631/4872/962
f 2934/4877/1463 2632/4875/1387 2633/4878/1464
f 2934/4877/1463 2633/4878/1464 2784/4879/1464
f 2934/4877/1463 2784/4879/1464 2783/4876/1387
f 2934/4877/1463 2783/4876/1387 2632/4875/1387
f 2935/4880/958 2633/4878/1464 2634/4881/1465
f 2935/4880/958 2634/4881/1465 2785/4882/1465
f 2935/4880/958 2785/4882/1465 2784/4879/1464
f 2935/4880/958 2784/4879/1464 2633/4878/1464
f 2936/4883/1466 2634/4881/1465 2635/4884/1467
f 2936/4883/1466 2635/4884/1467 2786/4885/1467
f 2936/4883/1466 2786/4885/1467 2785/4882/1465
f 2936/4883/1466 2785/4882/1465 2634/4881/1465
f 2937/4886/1468 2635/4884/1467 2636/4887/1469
f 2937/4886/1468 2636/4887/1469 2787/4888/1470
f 2937/4886/1468 2787/4888/1470 2786/4885/1467
f 2937/4886/1468 2786/4885/1467 2635/4884/1467
f 2938/4889/1471 2636/4887/1469 2637/4890/1472
f 2938/4889/1471 2637/4890/1472 2788/4891/1472
f 2938/4889/1471 2788/4891/1472 2787/4888/1470
f 2938/4889/1471 2787/4888/1470 2636/4887/1469
f 2939/4892/1473 2637/4890/1472 2638/4893/1474
f 2939/4892/1473 2638/4893/1474 2789/4894/1474
f 2939/4892/1473 2789/4894/1474 2788/4891/1472
f 2939/4892/1473 2788/4891/1472 2637/4890/1472
f 2940/4895/1475 2638/4893/1474 2639/4896/1476
f 2940/4895/1475 2639/4896/1476 2790/4897/1476
f 2940/4895/1475 2790/4897/1476 2789/4894/1474
f 2940/4895/1475 2789/4894/1474 2638/4893/1474
f 2941/4898/1477 2639/4896/1476 2640/4899/1478
f 2941/4898/1477 2640/4899/1478 2791/4900/1478
f 2941/4898/1477 2791/4900/1478 2790/4897/1476
f 2941/4898/1477 2790/4897/1476 2639/4896/1476
f 2942/4901/1479 2640/4899/1478 2641/4902/1480
f 2942/4901/1479 2641/4902/1480 2792/4903/1480
f 2942/4901/1479 2792/4903/1480 2791/4900/1478
f 2942/4901/1479 2791/4900/1478 2640/4899/1478
f 2943/4904/1481 2641/4902/1480 2642/4905/1482
f 2943/4904/1481 2642/4905/1482 2793/4906/1482
f 2943/4904/1481 2793/4906/1482 2792/4903/1480
f 2943/4904/1481 2792/4903/1480 2641/4902/1480
f 2944/4907/1483 2642/4905/1482 2643/4908/1484
f 2944/4907/1483 2643/4908/1484 2794/4909/1484
f 2944/4907/1483 2794/4909/1484 2793/4906/1482
f 2944/4907/1483 2793/4906/1482 2642/4905/1482
f 2945/4910/1485 2643/4908/1484 2644/4911/1486
f 2945/4910/1485 2644/4911/1486 2795/4912/1486
f 2945/4910/1485 2795/4912/1486 2794/4909/1484
f 2945/4910/1485 2794/4909/1484 2643/4908/1484
f 2946/4913/1487 2644/4911/1486 2645/4914/1488
f 2946/4913/1487 2645/4914/1488 2796/4915/1488
f 2946/4913/1487 2796/4915/1488 2795/4912/1486
f 2946/4913/1487 2795/4912/1486 2644/4911/1486
f 2947/4916/1489 2645/4914/1488 2646/4917/1490
f 2947/4916/1489 2646/4917/1490 2797/4918/1490
f 2947/4916/1489 2797/4918/1490 2796/4915/1488
f 2947/4916/1489 2796/4915/1488 2645/4914/1488
f 2948/4919/1368 2646/4917/1490 2647/4920/1369
f 2948/4919/1368 2647/4920/1369 2798/4921/1369
f 2948/4919/1368 2798/4921/1369 2797/4918/1490
f 2948/4919/1368 2797/4918/1490 2646/4917/1490
f 2949/4922/1491 2647/4920/1369 2648/4923/579
f 2949/4922/1491 2648/4923/579 2799/4924/579
f 2949/4922/1491 2799/4924/579 2798/4921/1369
f 2949/4922/1491 2798/4921/1369 2647/4920/1369
f 2950/4925/1371 2648/4923/579 2649/4926/1492
f 2950/4925/1371 2649/4926/1492 2800/4927/1492
f 2950/4925/1371 2800/4927/1492 2799/4924/579
f 2950/4925/1371 2799/4924/579 2648/4923/579
f 2951/4928/1493 2649/4926/1492 2650/4929/1494
f 2951/4928/1493 2650/4929/1494 2801/4930/1494
f 2951/4928/1493 2801/4930/1494 2800/4927/1492
f 2951/4928/1493 2800/4927/1492 2649/4926/1492
f 2952/4931/1373 2650/4929/1494 2651/4932/1495
f 2952/4931/1373 2651/4932/1495 2802/4933/1495
f 2952/4931/1373 2802/4933/1495 2801/4930/1494
f 2952/4931/1373 2801/4930/1494 2650/4929/1494
f 2953/4934/565 2651/4932/1495 2652/4935/1496
f 2953/4934/565 2652/4935/1496 2803/4936/1496
f 2953/4934/565 2803/4936/1496 2802/4933/1495
f 2953/4934/565 2802/4933/1495 2651/4932/1495
f 2954/4937/562 2652/4935/1496 2653/4938/1379
f 2954/4937/562 2653/4938/1379 2804/4939/1378
f 2954/4937/562 2804/4939/1378 2803/4936/1496
f 2954/4937/562 2803/4936/1496 2652/4935/1496
f 2955/4940/304 2653/4938/1379 2654/4941/1381
f 2955/4940/304 2654/4941/1381 2805/4942/1382
f 2955/4940/304 2805/4942/1382 2804/4939/1378
f 2955/4940/304 2804/4939/1378 2653/4938/1379
f 2956/4943/956 2654/4941/1381 2655/4944/957
f 2956/4943/956 2655/4944/957 2806/4945/957
f 2956/4943/956 2806/4945/957 2805/4942/1382
f 2956/4943/956 2805/4942/1382 2654/4941/1381
f 2957/4946/1466 2655/4944/957 2656/4947/1497
f 2957/4946/1466 2656/4947/1497 2807/4948/1498
f 2957/4946/1466 2807/4948/1498 2806/4945/957
f 2957/4946/1466 2806/4945/957 2655/4944/957
f 2958/4949/1499 2656/4947/1497 2657/4950/1464
f 2958/4949/1499 2657/4950/1464 2808/4951/1464
f 2958/4949/1499 2808/4951/1464 2807/4948/1498
f 2958/4949/1499 2807/4948/1498 2656/4947/1497
f 2959/4952/1500 2657/4950/1464 2658/4953/542
f 2959/4952/1500 2658/4953/542 2809/4954/542
f 2959/4952/1500 2809/4954/542 2808/4951/1464
f 2959/4952/1500 2808/4951/1464 2657/4950/1464
f 2960/4955/1388 2658/4953/542 2659/4956/1501
f 2960/4955/1388 2659/4956/1501 2810/4957/1501
f 2960/4955/1388 2810/4957/1501 2809/4954/542
f 2960/4955/1388 2809/4954/542 2658/4953/542
f 2961/4958/1502 2659/4956/1501 2660/4959/1390
f 2961/4958/1502 2660/4959/1390 2811/4960/1390
f 2961/4958/1502 2811/4960/1390 2810/4957/1501
f 2961/4958/1502 2810/4957/1501 2659/4956/1501
f 2962/4961/1503 2660/4959/1390 2661/4962/275
f 2962/4961/1503 2661/4962/275 2812/4963/275
f 2962/4961/1503 2812/4963/275 2811/4960/1390
f 2962/4961/1503 2811/4960/1390 2660/4959/1390
f 2963/4964/219 2661/4962/275 2662/4965/217
f 2963/4964/219 2662/4965/217 2813/4966/217
f 2963/4964/219 2813/4966/217 2812/4963/275
f 2963/4964/219 2812/4963/275 2661/4962/275
f 2964/4967/529 2662/4965/217 2663/4968/966
f 2964/4967/529 2663/4968/966 2814/4969/966
f 2964/4967/529 2814/4969/966 2813/4966/217
f 2964/4967/529 2813/4966/217 2662/4965/217
f 2965/4970/1504 2663/4968/966 2664/4971/778
f 2965/4970/1504 2664/4971/778 2815/4972/778
f 2965/4970/1504 2815/4972/778 2814/4969/966
f 2965/4970/1504 2814/4969/966 2663/4968/966
f 2966/4973/818 2664/4971/778 2665/4974/1505
f 2966/4973/818 2665/4974/1505 2816/4975/1505
f 2966/4973/818 2816/4975/1505 2815/4972/778
f 2966/4973/818 2815/4972/778 2664/4971/778
f 2967/4976/1217 2665/4974/1505 2666/4977/202
f 2967/4976/1217 2666/4977/202 2817/4978/202
f 2967/4976/1217 2817/4978/202 2816/4975/1505
f 2967/4976/1217 2816/4975/1505 2665/4974/1505
f 2968/4979/1506 2666/4977/202 2667/4980/521
f 2968/4979/1506 2667/4980/521 2818/4981/521
f 2968/4979/1506 2818/4981/521 2817/4978/202
f 2968/4979/1506 2817/4978/202 2666/4977/202
f 2969/4982/196 2667/4980/521 2668/4983/972
f 2969/4982/196 2668/4983/972 2819/4984/972
f 2969/4982/196 2819/4984/972 2818/4981/521
f 2969/4982/196 2818/4981/521 2667/4980/521
f 2970/4985/973 2668/4983/972 2669/4986/1507
f 2970/4985/973 2669/4986/1507 2820/4987/1507
f 2970/4985/973 2820/4987/1507 2819/4984/972
f 2970/4985/973 2819/4984/972 2668/4983/972
f 2971/4988/188 2669/4986/1507 2670/4989/517
f 2971/4988/188 2670/4989/517 2821/4990/517
f 2971/4988/188 2821/4990/517 2820/4987/1507
f 2971/4988/188 2820/4987/1507 2669/4986/1507
f 2972/4991/976 2670/4989/517 2671/4992/1508
f 2972/4991/976 2671/4992/1508 2822/4993/1508
f 2972/4991/976 2822/4993/1508 2821/4990/517
f 2972/4991/976 2821/4990/517 2670/4989/517
f 2973/4994/1210 2671/4992/1508 2672/4995/977
f 2973/4994/1210 2672/4995/977 2823/4996/977
f 2973/4994/1210 2823/4996/977 2822/4993/1508
f 2973/4994/1210 2822/4993/1508 2671/4992/1508
f 2974/4997/1509 2672/4995/977 2673/4998/979
f 2974/4997/1509 2673/4998/979 2824/4999/980
f 2974/4997/1509 2824/4999/980 2823/4996/977
f 2974/4997/1509 2823/4996/977 2672/4995/977
f 2975/5000/1510 2673/4998/979 2674/5001/982
f 2975/5000/1510 2674/5001/982 2825/5002/982
f 2975/5000/1510 2825/5002/982 2824/4999/980
f 2975/5000/1510 2824/4999/980 2673/4998/979
f 2976/5003/1511 2674/5001/982 2675/5004/1512
f 2976/5003/1511 2675/5004/1512 2826/5005/1512
f 2976/5003/1511 2826/5005/1512 2825/5002/982
f 2976/5003/1511 2825/5002/982 2674/5001/982
f 2977/5006/507 2675/5004/1512 2676/5007/1513
f 2977/5006/507 2676/5007/1513 2827/5008/1513
f 2977/5006/507 2827/5008/1513 2826/5005/1512
f 2977/5006/507 2826/5005/1512 2675/5004/1512
f 2978/5009/986 2676/5007/1513 2677/5010/1514
f 2978/5009/986 2677/5010/1514 2828/5011/1514
f 2978/5009/986 2828/5011/1514 2827/5008/1513
f 2978/5009/986 2827/5008/1513 2676/5007/1513
f 2979/5012/1204 2677/5010/1514 2678/5013/503
f 2979/5012/1204 2678/5013/503 2829/5014/503
f 2979/5012/1204 2829/5014/503 2828/5011/1514
f 2979/5012/1204 2828/5011/1514 2677/5010/1514
f 2980/5015/872 2678/5013/503 2679/5016/1311
f 2980/5015/872 2679/5016/1311 2830/5017/1311
f 2980/5015/872 2830/5017/1311 2829/5014/503
f 2980/5015/872 2829/5014/503 2678/5013/503
f 2981/5018/150 2679/5016/1311 2680/5019/149
f 2981/5018/150 2680/5019/149 2831/5020/149
f 2981/5018/150 2831/5020/149 2830/5017/1311
f 2981/5018/150 2830/5017/1311 2679/5016/1311
f 2982/5021/1515 2680/5019/149 2681/5022/1516
f 2982/5021/1515 2681/5022/1516 2832/5023/1516
f 2982/5021/1515 2832/5023/1516 2831/5020/149
f 2982/5021/1515 2831/5020/149 2680/5019/149
f 2983/5024/1517 2681/5022/1516 2682/5025/1518
f 2983/5024/1517 2682/5025/1518 2833/5026/1518
f 2983/5024/1517 2833/5026/1518 2832/5023/1516
f 2983/5024/1517 2832/5023/1516 2681/5022/1516
f 2984/5027/1519 2682/5025/1518 2683/5028/1520
f 2984/5027/1519 2683/5028/1520 2834/5029/1520
f 2984/5027/1519 2834/5029/1520 2833/5026/1518
f 2984/5027/1519 2833/5026/1518 2682/5025/1518
f 2985/5030/1521 2683/5028/1520 2684/5031/1057
f 2985/5030/1521 2684/5031/1057 2835/5032/1057
f 2985/5030/1521 2835/5032/1057 2834/5029/1520
f 2985/5030/1521 2834/5029/1520 2683/5028/1520
f 2986/5033/1522 2684/5031/1057 2685/5034/1523
f 2986/5033/1522 2685/5034/1523 2836/5035/1523
f 2986/5033/1522 2836/5035/1523 2835/5032/1057
f 2986/5033/1522 2835/5032/1057 2684/5031/1057
f 2987/5036/1453 2685/5034/1523 2686/5037/503
f 2987/5036/1453 2686/5037/503 2837/5038/503
f 2987/5036/1453 2837/5038/503 2836/5035/1523
f 2987/5036/1453 2836/5035/1523 2685/5034/1523
f 2988/5039/1204 2686/5037/503 2687/5040/1524
f 2988/5039/1204 2687/5040/1524 2838/5041/1524
f 2988/5039/1204 2838/5041/1524 2837/5038/503
f 2988/5039/1204 2837/5038/503 2686/5037/503
f 2989/5042/159 2687/5040/1524 2688/5043/1063
f 2989/5042/159 2688/5043/1063 2839/5044/1063
f 2989/5042/159 2839/5044/1063 2838/5041/1524
f 2989/5042/159 2838/5041/1524 2687/5040/1524
f 2990/5045/1525 2688/5043/1063 2689/5046/1065
f 2990/5045/1525 2689/5046/1065 2840/5047/1065
f 2990/5045/1525 2840/5047/1065 2839/5044/1063
f 2990/5045/1525 2839/5044/1063 2688/5043/1063
f 2991/5048/1526 2689/5046/1065 2690/5049/1527
f 2991/5048/1526 2690/5049/1527 2841/5050/1527
f 2991/5048/1526 2841/5050/1527 2840/5047/1065
f 2991/5048/1526 2840/5047/1065 2689/5046/1065
f 2992/5051/1528 2690/5049/1527 2691/5052/1529
f 2992/5051/1528 2691/5052/1529 2842/5053/1529
f 2992/5051/1528 2842/5053/1529 2841/5050/1527
f 2992/5051/1528 2841/5050/1527 2690/5049/1527
f 2993/5054/1069 2691/5052/1529 2692/5055/1530
f 2993/5054/1069 2692/5055/1530 2843/5056/1530
f 2993/5054/1069 2843/5056/1530 2842/5053/1529
f 2993/5054/1069 2842/5053/1529 2691/5052/1529
f 2994/5057/1531 2692/5055/1530 2693/5058/1532
f 2994/5057/1531 2693/5058/1532 2844/5059/1532
f 2994/5057/1531 2844/5059/1532 2843/5056/1530
f 2994/5057/1531 2843/5056/1530 2692/5055/1530
f 2995/5060/1071 2693/5058/1532 2694/5061/1461
f 2995/5060/1071 2694/5061/1461 2845/5062/1461
f 2995/5060/1071 2845/5062/1461 2844/5059/1532
f 2995/5060/1071 2844/5059/1532 2693/5058/1532
f 2996/5063/188 2694/5061/1461 2695/5064/190
f 2996/5063/188 2695/5064/190 2846/5065/190
f 2996/5063/188 2846/5065/190 2845/5062/1461
f 2996/5063/188 2845/5062/1461 2694/5061/1461
f 2997/5066/1073 2695/5064/190 2696/5067/519
f 2997/5066/1073 2696/5067/519 2847/5068/519
f 2997/5066/1073 2847/5068/519 2846/5065/190
f 2997/5066/1073 2846/5065/190 2695/5064/190
f 2998/5069/1395 2696/5067/519 2697/5070/1533
f 2998/5069/1395 2697/5070/1533 2848/5071/1533
f 2998/5069/1395 2848/5071/1533 2847/5068/519
f 2998/5069/1395 2847/5068/519 2696/5067/519
f 2999/5072/1534 2697/5070/1533 2698/5073/970
f 2999/5072/1534 2698/5073/970 2849/5074/970
f 2999/5072/1534 2849/5074/970 2848/5071/1533
f 2999/5072/1534 2848/5071/1533 2697/5070/1533
f 3000/5075/1535 2698/5073/970 2699/5076/1505
f 3000/5075/1535 2699/5076/1505 2850/5077/1505
f 3000/5075/1535 2850/5077/1505 2849/5074/970
f 3000/5075/1535 2849/5074/970 2698/5073/970
f 3001/5078/1078 2699/5076/1505 2700/5079/210
f 3001/5078/1078 2700/5079/210 2851/5080/210
f 3001/5078/1078 2851/5080/210 2850/5077/1505
f 3001/5078/1078 2850/5077/1505 2699/5076/1505
f 3002/5081/1536 2700/5079/210 2701/5082/966
f 3002/5081/1536 2701/5082/966 2852/5083/966
f 3002/5081/1536 2852/5083/966 2851/5080/210
f 3002/5081/1536 2851/5080/210 2700/5079/210
f 3003/5084/529 2701/5082/966 2702/5085/217
f 3003/5084/529 2702/5085/217 2853/5086/217
f 3003/5084/529 2853/5086/217 2852/5083/966
f 3003/5084/529 2852/5083/966 2701/5082/966
f 3004/5087/219 2702/5085/217 2703/5088/965
f 3004/5087/219 2703/5088/965 2854/5089/965
f 3004/5087/219 2854/5089/965 2853/5086/217
f 3004/5087/219 2853/5086/217 2702/5085/217
f 3005/5090/533 2703/5091/965 2704/5092/964
f 3005/5090/533 2704/5092/964 2855/5093/964
f 3005/5090/533 2855/5093/964 2854/5094/965
f 3005/5090/533 2854/5094/965 2703/5091/965
f 3006/5095/963 2704/5092/964 2705/5096/962
f 3006/5095/963 2705/5096/962 2856/5097/962
f 3006/5095/963 2856/5097/962 2855/5093/964
f 3006/5095/963 2855/5093/964 2704/5092/964
f 3007/5098/284 2705/5096/962 2706/5099/1387
f 3007/5098/284 2706/5099/1387 2857/5100/1387
f 3007/5098/284 2857/5100/1387 2856/5097/962
f 3007/5098/284 2856/5097/962 2705/5096/962
f 3008/5101/1537 2706/5099/1387 2707/5102/290
f 3008/5101/1537 2707/5102/290 2858/5103/290
f 3008/5101/1537 2858/5103/290 2857/5100/1387
f 3008/5101/1537 2857/5100/1387 2706/5099/1387
f 3009/5104/1538 2707/5102/290 2708/5105/1465
f 3009/5104/1538 2708/5105/1465 2859/5106/1465
f 3009/5104/1538 2859/5106/1465 2858/5103/290
f 3009/5104/1538 2858/5103/290 2707/5102/290
f 3010/5107/1466 2708/5105/1465 2709/5108/1467
f 3010/5107/1466 2709/5108/1467 2860/5109/1467
f 3010/5107/1466 2860/5109/1467 2859/5106/1465
f 3010/5107/1466 2859/5106/1465 2708/5105/1465
f 3011/5110/1468 2709/5108/1467 2710/5111/1539
f 3011/5110/1468 2710/5111/1539 2861/5112/1539
f 3011/5110/1468 2861/5112/1539 2860/5109/1467
f 3011/5110/1468 2860/5109/1467 2709/5108/1467
f 3012/5113/1540 2710/5111/1539 2711/5114/1541
f 3012/5113/1540 2711/5114/1541 2862/5115/1541
f 3012/5113/1540 2862/5115/1541 2861/5112/1539
f 3012/5113/1540 2861/5112/1539 2710/5111/1539
f 3013/5116/1473 2711/5114/1541 2712/5117/1542
f 3013/5116/1473 2712/5117/1542 2863/5118/1542
f 3013/5116/1473 2863/5118/1542 2862/5115/1541
f 3013/5116/1473 2862/5115/1541 2711/5114/1541
f 3014/5119/1543 2712/5117/1542 2713/5120/1544
f 3014/5119/1543 2713/5120/1544 2864/5121/1544
f 3014/5119/1543 2864/5121/1544 2863/5118/1542
f 3014/5119/1543 2863/5118/1542 2712/5117/1542
f 3015/5122/1545 2713/5120/1544 2714/5123/1478
f 3015/5122/1545 2714/5123/1478 2865/5124/1478
f 3015/5122/1545 2865/5124/1478 2864/5121/1544
f 3015/5122/1545 2864/5121/1544 2713/5120/1544
f 3016/5125/1479 2714/5123/1478 2715/5126/1480
f 3016/5125/1479 2715/5126/1480 2866/5127/1480
f 3016/5125/1479 2866/5127/1480 2865/5124/1478
f 3016/5125/1479 2865/5124/1478 2714/5123/1478
f 3017/5128/1481 2715/5126/1480 2716/5129/1482
f 3017/5128/1481 2716/5129/1482 2867/5130/1482
f 3017/5128/1481 2867/5130/1482 2866/5127/1480
f 3017/5128/1481 2866/5127/1480 2715/5126/1480
f 3018/5131/1546 2716/5129/1482 2717/5132/1484
f 3018/5131/1546 2717/5132/1484 2868/5133/1484
f 3018/5131/1546 2868/5133/1484 2867/5130/1482
f 3018/5131/1546 2867/5130/1482 2716/5129/1482
f 3019/5134/1485 2717/5132/1484 2718/5135/1486
f 3019/5134/1485 2718/5135/1486 2869/5136/1486
f 3019/5134/1485 2869/5136/1486 2868/5133/1484
f 3019/5134/1485 2868/5133/1484 2717/5132/1484
f 3020/5137/1547 2718/5135/1486 2719/5138/1548
f 3020/5137/1547 2719/5138/1548 2870/5139/1548
f 3020/5137/1547 2870/5139/1548 2869/5136/1486
f 3020/5137/1547 2869/5136/1486 2718/5135/1486
f 3021/5140/1549 2719/5138/1548 2720/5141/1550
f 3021/5140/1549 2720/5141/1550 2871/5142/1550
f 3021/5140/1549 2871/5142/1550 2870/5139/1548
f 3021/5140/1549 2870/5139/1548 2719/5138/1548
f 3022/5143/1551 2720/5141/1550 2721/5144/1552
f 3022/5143/1551 2721/5144/1552 2872/5145/1552
f 3022/5143/1551 2872/5145/1552 2871/5142/1550
f 3022/5143/1551 2871/5142/1550 2720/5141/1550
f 3023/5146/1553 2721/5144/1552 2722/5147/1554
f 3023/5146/1553 2722/5147/1554 2873/5148/1554
f 3023/5146/1553 2873/5148/1554 2872/5145/1552
f 3023/5146/1553 2872/5145/1552 2721/5144/1552
f 3024/5149/1555 2722/5147/1554 2572/5150/1401
f 3024/5149/1555 2572/5150/1401 2723/5151/1401
f 3024/5149/1555 2723/5151/1401 2873/5148/1554
f 3024/5149/1555 2873/5148/1554 2722/5147/1554
f 3448/5159/2 3449/5160/3 3450/5161/1
f 3447/5162/2 3451/5163/1 3452/5164/1
f 3460/5171/2 3461/5172/2 3459/5168/2
f 3462/5173/2 3463/5174/2 3459/5168/2
f 3475/5183/2 3472/5188/2 3473/5189/3
f 3447/5162/2 3448/5159/2 3451/5163/1
f 3473/5189/3 3474/5190/2 3475/5183/2
f 3437/5215/2 3434/5249/2 3435/5248/3
f 3437/5215/2 3432/5260/2 3433/5250/1
f 3421/5264/2 3423/5269/2 3424/5270/1
f 3422/5278/2 3423/5269/2 3421/5264/2
f 3408/5312/2 3414/5313/1 3415/5273/2
f 3414/5313/1 3408/5312/2 3409/5316/2
f 3412/5318/1 3410/5319/2 3411/5320/3
f 3523/5328/2 3524/5329/2 3522/5327/2
f 3521/5326/2 3526/5335/2 3520/5323/2
f 3526/5335/2 3521/5326/2 3525/5325/2
f 3533/3166/2 3536/5346/1 3537/5347/2
f 3549/5353/2 3544/5355/2 3545/5356/1
f 3547/5358/3 3548/5359/2 3549/5353/2
f 3560/5365/2 3562/5366/2 3563/5363/2
f 3558/5367/2 3564/5364/1 3565/5368/2
f 3561/5378/2 3562/5366/2 3560/5365/2
f 3564/5364/1 3558/5367/2 3559/5362/2
f 3352/5392/2 3345/5384/2 3351/5394/2
f 3348/5397/2 3349/5398/2 3345/5384/2
f 3347/5399/2 3345/5384/2 3346/5400/1
f 3345/5384/2 3347/5399/2 3348/5397/2
f 3349/5398/2 3350/5395/2 3345/5384/2
f 3334/5424/2 3336/5425/2 3337/5422/1
f 3335/5437/2 3336/5425/2 3334/5424/2
f 3333/5421/1 3334/5424/2 3337/5422/1
f 3147/5447/7 3146/5448/8 3148/5449/7
f 3149/5450/6 3145/5451/6 3150/5452/6
f 3149/5450/6 3148/5449/7 3146/5448/8
f 3157/5457/7 3160/5461/7 3159/5459/6
f 3170/5476/7 3173/5471/7 3171/5477/7
f 3146/5448/8 3145/5451/6 3149/5450/6
f 3172/5478/7 3171/5477/7 3173/5471/7
f 3135/5256/7 3134/5529/8 3133/5530/7
f 3132/5531/8 3135/5256/7 3133/5530/7
f 3130/5537/7 3135/5256/7 3131/5532/6
f 3121/5545/7 3119/5257/7 3122/5546/7
f 3121/5545/7 3120/5553/7 3119/5257/7
f 3108/5575/8 3110/5576/7 3109/5577/7
f 3110/5576/7 3108/5575/8 3111/5574/7
f 3108/5575/8 3107/5573/6 3111/5574/7
f 3219/5588/6 3223/5589/7 3220/5590/8
f 3222/5591/7 3221/5592/7 3220/5590/8
f 3220/5590/8 3223/5589/7 3222/5591/7
f 3219/5588/6 3224/5598/6 3223/5589/7
f 3232/5602/7 3231/5337/7 3233/5603/6
f 3242/5613/7 3247/5611/7 3243/5614/7
f 3246/5616/7 3245/5617/7 3247/5611/7
f 3261/5620/6 3257/5621/7 3262/5622/7
f 3260/5623/8 3258/5624/7 3261/5620/6
f 3260/5623/8 3259/5636/7 3258/5624/7
f 3258/5624/7 3257/5621/7 3261/5620/6
f 3047/5653/7 3046/5654/7 3043/2418/7
f 3043/2418/7 3045/5655/6 3044/5656/7
f 3045/5655/6 3043/2418/7 3046/5654/7
f 3048/5651/6 3047/5653/7 3043/2418/7
f 3035/5675/7 3031/5676/7 3036/5677/8
f 3034/5678/7 3032/5679/7 3035/5675/7
f 3034/5678/7 3033/5691/7 3032/5679/7
f 3032/5679/7 3031/5676/7 3035/5675/7
f 3629/5693/1119 3025/5694/345 3026/5695/347
f 3629/5693/1119 3026/5695/347 3328/5696/347
f 3629/5693/1119 3328/5696/347 3327/5697/345
f 3629/5693/1119 3327/5697/345 3025/5694/345
f 3630/5698/13 3026/5695/347 3027/5699/349
f 3630/5698/13 3027/5699/349 3329/5700/349
f 3630/5698/13 3329/5700/349 3328/5696/347
f 3630/5698/13 3328/5696/347 3026/5695/347
f 3631/5701/350 3027/5699/349 3028/5702/1556
f 3631/5701/350 3028/5702/1556 3330/5703/1556
f 3631/5701/350 3330/5703/1556 3329/5700/349
f 3631/5701/350 3329/5700/349 3027/5699/349
f 3632/5704/21 3028/5702/1556 3029/5705/1557
f 3632/5704/21 3029/5705/1557 3331/5706/1557
f 3632/5704/21 3331/5706/1557 3330/5703/1556
f 3632/5704/21 3330/5703/1556 3028/5702/1556
f 3633/5707/1558 3029/5705/1557 3030/5708/1559
f 3633/5707/1558 3030/5708/1559 3332/5709/1559
f 3633/5707/1558 3332/5709/1559 3331/5706/1557
f 3633/5707/1558 3331/5706/1557 3029/5705/1557
f 3634/5710/1560 3030/5708/1559 3031/5711/1561
f 3634/5710/1560 3031/5711/1561 3333/5712/1561
f 3634/5710/1560 3333/5712/1561 3332/5709/1559
f 3634/5710/1560 3332/5709/1559 3030/5708/1559
f 3635/5713/358 3031/5711/1561 3032/5714/359
f 3635/5713/358 3032/5714/359 3334/5715/359
f 3635/5713/358 3334/5715/359 3333/5712/1561
f 3635/5713/358 3333/5712/1561 3031/5711/1561
f 3636/5716/1562 3032/5714/359 3033/5717/919
f 3636/5716/1562 3033/5717/919 3335/5718/919
f 3636/5716/1562 3335/5718/919 3334/5715/359
f 3636/5716/1562 3334/5715/359 3032/5714/359
f 3637/5719/41 3033/5717/919 3034/5720/1126
f 3637/5719/41 3034/5720/1126 3336/5721/1126
f 3637/5719/41 3336/5721/1126 3335/5718/919
f 3637/5719/41 3335/5718/919 3033/5717/919
f 3638/5722/1127 3034/5720/1126 3035/5723/48
f 3638/5722/1127 3035/5723/48 3337/5724/48
f 3638/5722/1127 3337/5724/48 3336/5721/1126
f 3638/5722/1127 3336/5721/1126 3034/5720/1126
f 3639/5725/50 3035/5723/48 3036/5726/52
f 3639/5725/50 3036/5726/52 3338/5727/52
f 3639/5725/50 3338/5727/52 3337/5724/48
f 3639/5725/50 3337/5724/48 3035/5723/48
f 3640/5728/366 3036/5726/52 3037/5729/367
f 3640/5728/366 3037/5729/367 3339/5730/367
f 3640/5728/366 3339/5730/367 3338/5727/52
f 3640/5728/366 3338/5727/52 3036/5726/52
f 3641/5731/368 3037/5729/367 3038/5732/1130
f 3641/5731/368 3038/5732/1130 3340/5733/1130
f 3641/5731/368 3340/5733/1130 3339/5730/367
f 3641/5731/368 3339/5730/367 3037/5729/367
f 3642/5734/1563 3038/5732/1130 3039/5735/370
f 3642/5734/1563 3039/5735/370 3341/5736/370
f 3642/5734/1563 3341/5736/370 3340/5733/1130
f 3642/5734/1563 3340/5733/1130 3038/5732/1130
f 3643/5737/1132 3039/5735/370 3040/5738/908
f 3643/5737/1132 3040/5738/908 3342/5739/908
f 3643/5737/1132 3342/5739/908 3341/5736/370
f 3643/5737/1132 3341/5736/370 3039/5735/370
f 3644/5740/373 3040/5738/908 3041/5741/374
f 3644/5740/373 3041/5741/374 3343/5742/374
f 3644/5740/373 3343/5742/374 3342/5739/908
f 3644/5740/373 3342/5739/908 3040/5738/908
f 3645/5743/906 3041/5741/374 3042/5744/376
f 3645/5743/906 3042/5744/376 3344/5745/376
f 3645/5743/906 3344/5745/376 3343/5742/374
f 3645/5743/906 3343/5742/374 3041/5741/374
f 3646/5746/77 3042/5744/376 3043/5747/1564
f 3646/5746/77 3043/5747/1564 3345/5748/1564
f 3646/5746/77 3345/5748/1564 3344/5745/376
f 3646/5746/77 3344/5745/376 3042/5744/376
f 3647/5749/1565 3043/5747/1564 3044/5750/1566
f 3647/5749/1565 3044/5750/1566 3346/5751/1566
f 3647/5749/1565 3346/5751/1566 3345/5748/1564
f 3647/5749/1565 3345/5748/1564 3043/5747/1564
f 3648/5752/1567 3044/5750/1566 3045/5753/1568
f 3648/5752/1567 3045/5753/1568 3347/5754/1568
f 3648/5752/1567 3347/5754/1568 3346/5751/1566
f 3648/5752/1567 3346/5751/1566 3044/5750/1566
f 3649/5755/1569 3045/5753/1568 3046/5756/1570
f 3649/5755/1569 3046/5756/1570 3348/5757/1570
f 3649/5755/1569 3348/5757/1570 3347/5754/1568
f 3649/5755/1569 3347/5754/1568 3045/5753/1568
f 3650/5758/1571 3046/5756/1570 3047/5759/1572
f 3650/5758/1571 3047/5759/1572 3349/5760/1572
f 3650/5758/1571 3349/5760/1572 3348/5757/1570
f 3650/5758/1571 3348/5757/1570 3046/5756/1570
f 3651/5761/1573 3047/5759/1572 3048/5762/1574
f 3651/5761/1573 3048/5762/1574 3350/5763/1574
f 3651/5761/1573 3350/5763/1574 3349/5760/1572
f 3651/5761/1573 3349/5760/1572 3047/5759/1572
f 3652/5764/1575 3048/5762/1574 3049/5765/1576
f 3652/5764/1575 3049/5765/1576 3351/5766/1577
f 3652/5764/1575 3351/5766/1577 3350/5763/1574
f 3652/5764/1575 3350/5763/1574 3048/5762/1574
f 3653/5767/1578 3049/5765/1576 3050/5768/1579
f 3653/5767/1578 3050/5768/1579 3352/5769/1579
f 3653/5767/1578 3352/5769/1579 3351/5766/1577
f 3653/5767/1578 3351/5766/1577 3049/5765/1576
f 3654/5770/1580 3050/5768/1579 3051/5771/1581
f 3654/5770/1580 3051/5771/1581 3353/5772/1581
f 3654/5770/1580 3353/5772/1581 3352/5769/1579
f 3654/5770/1580 3352/5769/1579 3050/5768/1579
f 3655/5773/419 3051/5771/1581 3052/5774/1582
f 3655/5773/419 3052/5774/1582 3354/5775/1582
f 3655/5773/419 3354/5775/1582 3353/5772/1581
f 3655/5773/419 3353/5772/1581 3051/5771/1581
f 3656/5776/1583 3052/5774/1582 3053/5777/107
f 3656/5776/1583 3053/5777/107 3355/5778/107
f 3656/5776/1583 3355/5778/107 3354/5775/1582
f 3656/5776/1583 3354/5775/1582 3052/5774/1582
f 3657/5779/1584 3053/5777/107 3054/5780/1585
f 3657/5779/1584 3054/5780/1585 3356/5781/1585
f 3657/5779/1584 3356/5781/1585 3355/5778/107
f 3657/5779/1584 3355/5778/107 3053/5777/107
f 3658/5782/1586 3054/5780/1585 3055/5783/1587
f 3658/5782/1586 3055/5783/1587 3357/5784/1587
f 3658/5782/1586 3357/5784/1587 3356/5781/1585
f 3658/5782/1586 3356/5781/1585 3054/5780/1585
f 3659/5785/1588 3055/5783/1587 3056/5786/1589
f 3659/5785/1588 3056/5786/1589 3358/5787/1589
f 3659/5785/1588 3358/5787/1589 3357/5784/1587
f 3659/5785/1588 3357/5784/1587 3055/5783/1587
f 3660/5788/1590 3056/5786/1589 3057/5789/1591
f 3660/5788/1590 3057/5789/1591 3359/5790/1591
f 3660/5788/1590 3359/5790/1591 3358/5787/1589
f 3660/5788/1590 3358/5787/1589 3056/5786/1589
f 3661/5791/1592 3057/5789/1591 3058/5792/1593
f 3661/5791/1592 3058/5792/1593 3360/5793/1593
f 3661/5791/1592 3360/5793/1593 3359/5790/1591
f 3661/5791/1592 3359/5790/1591 3057/5789/1591
f 3662/5794/1594 3058/5792/1593 3059/5795/1595
f 3662/5794/1594 3059/5795/1595 3361/5796/1595
f 3662/5794/1594 3361/5796/1595 3360/5793/1593
f 3662/5794/1594 3360/5793/1593 3058/5792/1593
f 3663/5797/1596 3059/5795/1595 3060/5798/1597
f 3663/5797/1596 3060/5798/1597 3362/5799/1597
f 3663/5797/1596 3362/5799/1597 3361/5796/1595
f 3663/5797/1596 3361/5796/1595 3059/5795/1595
f 3664/5800/1598 3060/5798/1597 3061/5801/1599
f 3664/5800/1598 3061/5801/1599 3363/5802/1599
f 3664/5800/1598 3363/5802/1599 3362/5799/1597
f 3664/5800/1598 3362/5799/1597 3060/5798/1597
f 3665/5803/1600 3061/5801/1599 3062/5804/1601
f 3665/5803/1600 3062/5804/1601 3364/5805/1601
f 3665/5803/1600 3364/5805/1601 3363/5802/1599
f 3665/5803/1600 3363/5802/1599 3061/5801/1599
f 3666/5806/1590 3062/5804/1601 3063/5807/1602
f 3666/5806/1590 3063/5807/1602 3365/5808/1602
f 3666/5806/1590 3365/5808/1602 3364/5805/1601
f 3666/5806/1590 3364/5805/1601 3062/5804/1601
f 3667/5809/1603 3063/5807/1602 3064/5810/1587
f 3667/5809/1603 3064/5810/1587 3366/5811/1587
f 3667/5809/1603 3366/5811/1587 3365/5808/1602
f 3667/5809/1603 3365/5808/1602 3063/5807/1602
f 3668/5812/1604 3064/5810/1587 3065/5813/1585
f 3668/5812/1604 3065/5813/1585 3367/5814/1585
f 3668/5812/1604 3367/5814/1585 3366/5811/1587
f 3668/5812/1604 3366/5811/1587 3064/5810/1587
f 3669/5815/1605 3065/5813/1585 3066/5816/1606
f 3669/5815/1605 3066/5816/1606 3368/5817/1606
f 3669/5815/1605 3368/5817/1606 3367/5814/1585
f 3669/5815/1605 3367/5814/1585 3065/5813/1585
f 3670/5818/1583 3066/5816/1606 3067/5819/1582
f 3670/5818/1583 3067/5819/1582 3369/5820/1582
f 3670/5818/1583 3369/5820/1582 3368/5817/1606
f 3670/5818/1583 3368/5817/1606 3066/5816/1606
f 3671/5821/1607 3067/5819/1582 3068/5822/1581
f 3671/5821/1607 3068/5822/1581 3370/5823/1581
f 3671/5821/1607 3370/5823/1581 3369/5820/1582
f 3671/5821/1607 3369/5820/1582 3067/5819/1582
f 3672/5824/1608 3068/5822/1581 3069/5825/1579
f 3672/5824/1608 3069/5825/1579 3371/5826/1579
f 3672/5824/1608 3371/5826/1579 3370/5823/1581
f 3672/5824/1608 3370/5823/1581 3068/5822/1581
f 3673/5827/1609 3069/5825/1579 3070/5828/1576
f 3673/5827/1609 3070/5828/1576 3372/5829/1576
f 3673/5827/1609 3372/5829/1576 3371/5826/1579
f 3673/5827/1609 3371/5826/1579 3069/5825/1579
f 3674/5830/1610 3070/5828/1576 3071/5831/1574
f 3674/5830/1610 3071/5831/1574 3373/5832/1574
f 3674/5830/1610 3373/5832/1574 3372/5829/1576
f 3674/5830/1610 3372/5829/1576 3070/5828/1576
f 3675/5833/1611 3071/5831/1574 3072/5834/1572
f 3675/5833/1611 3072/5834/1572 3374/5835/1572
f 3675/5833/1611 3374/5835/1572 3373/5832/1574
f 3675/5833/1611 3373/5832/1574 3071/5831/1574
f 3676/5836/1612 3072/5834/1572 3073/5837/1570
f 3676/5836/1612 3073/5837/1570 3375/5838/1570
f 3676/5836/1612 3375/5838/1570 3374/5835/1572
f 3676/5836/1612 3374/5835/1572 3072/5834/1572
f 3677/5839/1613 3073/5837/1570 3074/5840/1568
f 3677/5839/1613 3074/5840/1568 3376/5841/1568
f 3677/5839/1613 3376/5841/1568 3375/5838/1570
f 3677/5839/1613 3375/5838/1570 3073/5837/1570
f 3678/5842/1567 3074/5840/1568 3075/5843/1566
f 3678/5842/1567 3075/5843/1566 3377/5844/1566
f 3678/5842/1567 3377/5844/1566 3376/5841/1568
f 3678/5842/1567 3376/5841/1568 3074/5840/1568
f 3679/5845/1614 3075/5843/1566 3076/5846/1564
f 3679/5845/1614 3076/5846/1564 3378/5847/1564
f 3679/5845/1614 3378/5847/1564 3377/5844/1566
f 3679/5845/1614 3377/5844/1566 3075/5843/1566
f 3680/5848/77 3076/5846/1564 3077/5849/376
f 3680/5848/77 3077/5849/376 3379/5850/376
f 3680/5848/77 3379/5850/376 3378/5847/1564
f 3680/5848/77 3378/5847/1564 3076/5846/1564
f 3681/5851/906 3077/5849/376 3078/5852/907
f 3681/5851/906 3078/5852/907 3380/5853/907
f 3681/5851/906 3380/5853/907 3379/5850/376
f 3681/5851/906 3379/5850/376 3077/5849/376
f 3682/5854/373 3078/5852/907 3079/5855/372
f 3682/5854/373 3079/5855/372 3381/5856/372
f 3682/5854/373 3381/5856/372 3380/5853/907
f 3682/5854/373 3380/5853/907 3078/5852/907
f 3683/5857/1132 3079/5855/372 3080/5858/370
f 3683/5857/1132 3080/5858/370 3382/5859/370
f 3683/5857/1132 3382/5859/370 3381/5856/372
f 3683/5857/1132 3381/5856/372 3079/5855/372
f 3684/5860/1615 3080/5858/370 3081/5861/369
f 3684/5860/1615 3081/5861/369 3383/5862/369
f 3684/5860/1615 3383/5862/369 3382/5859/370
f 3684/5860/1615 3382/5859/370 3080/5858/370
f 3685/5863/368 3081/5861/369 3082/5864/367
f 3685/5863/368 3082/5864/367 3384/5865/367
f 3685/5863/368 3384/5865/367 3383/5862/369
f 3685/5863/368 3383/5862/369 3081/5861/369
f 3686/5866/366 3082/5864/367 3083/5867/1616
f 3686/5866/366 3083/5867/1616 3385/5868/1616
f 3686/5866/366 3385/5868/1616 3384/5865/367
f 3686/5866/366 3384/5865/367 3082/5864/367
f 3687/5869/1617 3083/5867/1616 3084/5870/363
f 3687/5869/1617 3084/5870/363 3386/5871/363
f 3687/5869/1617 3386/5871/363 3385/5868/1616
f 3687/5869/1617 3385/5868/1616 3083/5867/1616
f 3688/5872/1618 3084/5870/363 3085/5873/1619
f 3688/5872/1618 3085/5873/1619 3387/5874/1619
f 3688/5872/1618 3387/5874/1619 3386/5871/363
f 3688/5872/1618 3386/5871/363 3084/5870/363
f 3689/5875/1620 3085/5873/1619 3086/5876/360
f 3689/5875/1620 3086/5876/360 3388/5877/360
f 3689/5875/1620 3388/5877/360 3387/5874/1619
f 3689/5875/1620 3387/5874/1619 3085/5873/1619
f 3690/5878/1562 3086/5876/360 3087/5879/1621
f 3690/5878/1562 3087/5879/1621 3389/5880/1622
f 3690/5878/1562 3389/5880/1622 3388/5877/360
f 3690/5878/1562 3388/5877/360 3086/5876/360
f 3691/5881/1623 3087/5879/1621 3088/5882/357
f 3691/5881/1623 3088/5882/357 3390/5883/357
f 3691/5881/1623 3390/5883/357 3389/5880/1622
f 3691/5881/1623 3389/5880/1622 3087/5879/1621
f 3692/5884/1624 3088/5882/357 3089/5885/355
f 3692/5884/1624 3089/5885/355 3391/5886/1124
f 3692/5884/1624 3391/5886/1124 3390/5883/357
f 3692/5884/1624 3390/5883/357 3088/5882/357
f 3693/5887/354 3089/5888/355 3090/5889/1123
f 3693/5887/354 3090/5889/1123 3392/5890/1123
f 3693/5887/354 3392/5890/1123 3391/5891/1124
f 3693/5887/354 3391/5891/1124 3089/5888/355
f 3694/5892/21 3090/5889/1123 3091/5893/19
f 3694/5892/21 3091/5893/19 3393/5894/19
f 3694/5892/21 3393/5894/19 3392/5890/1123
f 3694/5892/21 3392/5890/1123 3090/5889/1123
f 3695/5895/350 3091/5893/19 3092/5896/349
f 3695/5895/350 3092/5896/349 3394/5897/349
f 3695/5895/350 3394/5897/349 3393/5894/19
f 3695/5895/350 3393/5894/19 3091/5893/19
f 3696/5898/13 3092/5896/349 3093/5899/347
f 3696/5898/13 3093/5899/347 3395/5900/347
f 3696/5898/13 3395/5900/347 3394/5897/349
f 3696/5898/13 3394/5897/349 3092/5896/349
f 3697/5901/1625 3093/5899/347 3094/5902/345
f 3697/5901/1625 3094/5902/345 3396/5903/345
f 3697/5901/1625 3396/5903/345 3395/5900/347
f 3697/5901/1625 3395/5900/347 3093/5899/347
f 3698/5904/595 3094/5902/345 3095/5905/343
f 3698/5904/595 3095/5905/343 3397/5906/343
f 3698/5904/595 3397/5906/343 3396/5903/345
f 3698/5904/595 3396/5903/345 3094/5902/345
f 3699/5907/1626 3095/5905/343 3096/5908/593
f 3699/5907/1626 3096/5908/593 3398/5909/593
f 3699/5907/1626 3398/5909/593 3397/5906/343
f 3699/5907/1626 3397/5906/343 3095/5905/343
f 3700/5910/1306 3096/5908/593 3097/5911/591
f 3700/5910/1306 3097/5911/591 3399/5912/591
f 3700/5910/1306 3399/5912/591 3398/5909/593
f 3700/5910/1306 3398/5909/593 3096/5908/593
f 3701/5913/590 3097/5911/591 3098/5914/1627
f 3701/5913/590 3098/5914/1627 3400/5915/1627
f 3701/5913/590 3400/5915/1627 3399/5912/591
f 3701/5913/590 3399/5912/591 3097/5911/591
f 3702/5916/340 3098/5914/1627 3099/5917/1628
f 3702/5916/340 3099/5917/1628 3401/5918/1628
f 3702/5916/340 3401/5918/1628 3400/5915/1627
f 3702/5916/340 3400/5915/1627 3098/5914/1627
f 3703/5919/594 3099/5917/1628 3100/5920/1116
f 3703/5919/594 3100/5920/1116 3402/5921/1116
f 3703/5919/594 3402/5921/1116 3401/5918/1628
f 3703/5919/594 3401/5918/1628 3099/5917/1628
f 3704/5922/344 3100/5920/1116 3101/5923/345
f 3704/5922/344 3101/5923/345 3403/5924/345
f 3704/5922/344 3403/5924/345 3402/5921/1116
f 3704/5922/344 3402/5921/1116 3100/5920/1116
f 3705/5925/1119 3101/5923/345 3102/5926/347
f 3705/5925/1119 3102/5926/347 3404/5927/347
f 3705/5925/1119 3404/5927/347 3403/5924/345
f 3705/5925/1119 3403/5924/345 3101/5923/345
f 3706/5928/1629 3102/5926/347 3103/5929/1630
f 3706/5928/1629 3103/5929/1630 3405/5930/1630
f 3706/5928/1629 3405/5930/1630 3404/5927/347
f 3706/5928/1629 3404/5927/347 3102/5926/347
f 3707/5931/350 3103/5929/1630 3104/5932/1631
f 3707/5931/350 3104/5932/1631 3406/5933/1631
f 3707/5931/350 3406/5933/1631 3405/5930/1630
f 3707/5931/350 3405/5930/1630 3103/5929/1630
f 3708/5934/351 3104/5932/1631 3105/5935/1557
f 3708/5934/351 3105/5935/1557 3407/5936/1557
f 3708/5934/351 3407/5936/1557 3406/5933/1631
f 3708/5934/351 3406/5933/1631 3104/5932/1631
f 3709/5937/1632 3105/5935/1557 3106/5938/1124
f 3709/5937/1632 3106/5938/1124 3408/5939/1124
f 3709/5937/1632 3408/5939/1124 3407/5936/1557
f 3709/5937/1632 3407/5936/1557 3105/5935/1557
f 3710/5940/1633 3106/5938/1124 3107/5941/1634
f 3710/5940/1633 3107/5941/1634 3409/5942/1634
f 3710/5940/1633 3409/5942/1634 3408/5939/1124
f 3710/5940/1633 3408/5939/1124 3106/5938/1124
f 3711/5943/358 3107/5941/1634 3108/5944/1622
f 3711/5943/358 3108/5944/1622 3410/5945/1621
f 3711/5943/358 3410/5945/1621 3409/5942/1634
f 3711/5943/358 3409/5942/1634 3107/5941/1634
f 3712/5946/37 3108/5944/1622 3109/5947/919
f 3712/5946/37 3109/5947/919 3411/5948/919
f 3712/5946/37 3411/5948/919 3410/5945/1621
f 3712/5946/37 3410/5945/1621 3108/5944/1622
f 3713/5949/42 3109/5947/919 3110/5950/1126
f 3713/5949/42 3110/5950/1126 3412/5951/1126
f 3713/5949/42 3412/5951/1126 3411/5948/919
f 3713/5949/42 3411/5948/919 3109/5947/919
f 3714/5952/1635 3110/5950/1126 3111/5953/1636
f 3714/5952/1635 3111/5953/1636 3413/5954/1636
f 3714/5952/1635 3413/5954/1636 3412/5951/1126
f 3714/5952/1635 3412/5951/1126 3110/5950/1126
f 3715/5955/50 3111/5953/1636 3112/5956/52
f 3715/5955/50 3112/5956/52 3414/5957/52
f 3715/5955/50 3414/5957/52 3413/5954/1636
f 3715/5955/50 3413/5954/1636 3111/5953/1636
f 3716/5958/366 3112/5956/52 3113/5959/56
f 3716/5958/366 3113/5959/56 3415/5960/56
f 3716/5958/366 3415/5960/56 3414/5957/52
f 3716/5958/366 3414/5957/52 3112/5956/52
f 3717/5961/368 3113/5959/56 3114/5962/1130
f 3717/5961/368 3114/5962/1130 3416/5963/1130
f 3717/5961/368 3416/5963/1130 3415/5960/56
f 3717/5961/368 3415/5960/56 3113/5959/56
f 3718/5964/1131 3114/5962/1130 3115/5965/370
f 3718/5964/1131 3115/5965/370 3417/5966/370
f 3718/5964/1131 3417/5966/370 3416/5963/1130
f 3718/5964/1131 3416/5963/1130 3114/5962/1130
f 3719/5967/1132 3115/5965/370 3116/5968/908
f 3719/5967/1132 3116/5968/908 3418/5969/908
f 3719/5967/1132 3418/5969/908 3417/5966/370
f 3719/5967/1132 3417/5966/370 3115/5965/370
f 3720/5970/373 3116/5968/908 3117/5971/907
f 3720/5970/373 3117/5971/907 3419/5972/907
f 3720/5970/373 3419/5972/907 3418/5969/908
f 3720/5970/373 3418/5969/908 3116/5968/908
f 3721/5973/906 3117/5971/907 3118/5974/376
f 3721/5973/906 3118/5974/376 3420/5975/376
f 3721/5973/906 3420/5975/376 3419/5972/907
f 3721/5973/906 3419/5972/907 3117/5971/907
f 3722/5976/77 3118/5974/376 3119/5977/1026
f 3722/5976/77 3119/5977/1026 3421/5978/1026
f 3722/5976/77 3421/5978/1026 3420/5975/376
f 3722/5976/77 3420/5975/376 3118/5974/376
f 3723/5979/1027 3119/5977/1026 3120/5980/905
f 3723/5979/1027 3120/5980/905 3422/5981/905
f 3723/5979/1027 3422/5981/905 3421/5978/1026
f 3723/5979/1027 3421/5978/1026 3119/5977/1026
f 3724/5982/1029 3120/5980/905 3121/5983/903
f 3724/5982/1029 3121/5983/903 3423/5984/903
f 3724/5982/1029 3423/5984/903 3422/5981/905
f 3724/5982/1029 3422/5981/905 3120/5980/905
f 3725/5985/1193 3121/5983/903 3122/5986/1637
f 3725/5985/1193 3122/5986/1637 3424/5987/1637
f 3725/5985/1193 3424/5987/1637 3423/5984/903
f 3725/5985/1193 3423/5984/903 3121/5983/903
f 3726/5988/1164 3122/5986/1637 3123/5989/1136
f 3726/5988/1164 3123/5989/1136 3425/5990/1136
f 3726/5988/1164 3425/5990/1136 3424/5987/1637
f 3726/5988/1164 3424/5987/1637 3122/5986/1637
f 3727/5991/97 3123/5989/1136 3124/5992/1138
f 3727/5991/97 3124/5992/1138 3426/5993/1138
f 3727/5991/97 3426/5993/1138 3425/5990/1136
f 3727/5991/97 3425/5990/1136 3123/5989/1136
f 3728/5994/101 3124/5992/1138 3125/5995/1638
f 3728/5994/101 3125/5995/1638 3427/5996/1160
f 3728/5994/101 3427/5996/1160 3426/5993/1138
f 3728/5994/101 3426/5993/1138 3124/5992/1138
f 3729/5997/1639 3125/5995/1638 3126/5998/1640
f 3729/5997/1639 3126/5998/1640 3428/5999/1640
f 3729/5997/1639 3428/5999/1640 3427/5996/1160
f 3729/5997/1639 3427/5996/1160 3125/5995/1638
f 3730/6000/1142 3126/5998/1640 3127/6001/111
f 3730/6000/1142 3127/6001/111 3429/6002/111
f 3730/6000/1142 3429/6002/111 3428/5999/1640
f 3730/6000/1142 3428/5999/1640 3126/5998/1640
f 3731/6003/113 3127/6001/111 3128/6004/1641
f 3731/6003/113 3128/6004/1641 3430/6005/1641
f 3731/6003/113 3430/6005/1641 3429/6002/111
f 3731/6003/113 3429/6002/111 3127/6001/111
f 3732/6006/117 3128/6004/1641 3129/6007/1323
f 3732/6006/117 3129/6007/1323 3431/6008/1145
f 3732/6006/117 3431/6008/1145 3430/6005/1641
f 3732/6006/117 3430/6005/1641 3128/6004/1641
f 3733/6009/121 3129/6007/1323 3130/6010/1642
f 3733/6009/121 3130/6010/1642 3432/6011/1642
f 3733/6009/121 3432/6011/1642 3431/6008/1145
f 3733/6009/121 3431/6008/1145 3129/6007/1323
f 3734/6012/1643 3130/6010/1642 3131/6013/1148
f 3734/6012/1643 3131/6013/1148 3433/6014/1148
f 3734/6012/1643 3433/6014/1148 3432/6011/1642
f 3734/6012/1643 3432/6011/1642 3130/6010/1642
f 3735/6015/1198 3131/6013/1148 3132/6016/1644
f 3735/6015/1198 3132/6016/1644 3434/6017/1644
f 3735/6015/1198 3434/6017/1644 3433/6014/1148
f 3735/6015/1198 3433/6014/1148 3131/6013/1148
f 3736/6018/1155 3132/6016/1644 3133/6019/1150
f 3736/6018/1155 3133/6019/1150 3435/6020/1150
f 3736/6018/1155 3435/6020/1150 3434/6017/1644
f 3736/6018/1155 3434/6017/1644 3132/6016/1644
f 3737/6021/1645 3133/6019/1150 3134/6022/1049
f 3737/6021/1645 3134/6022/1049 3436/6023/1049
f 3737/6021/1645 3436/6023/1049 3435/6020/1150
f 3737/6021/1645 3435/6020/1150 3133/6019/1150
f 3738/6024/1646 3134/6022/1049 3135/6025/1153
f 3738/6024/1646 3135/6025/1153 3437/6026/1153
f 3738/6024/1646 3437/6026/1153 3436/6023/1049
f 3738/6024/1646 3436/6023/1049 3134/6022/1049
f 3739/6027/144 3135/6025/1153 3136/6028/145
f 3739/6027/144 3136/6028/145 3438/6029/145
f 3739/6027/144 3438/6029/145 3437/6026/1153
f 3739/6027/144 3437/6026/1153 3135/6025/1153
f 3740/6030/878 3136/6031/145 3137/6032/147
f 3740/6030/878 3137/6032/147 3439/6033/147
f 3740/6030/878 3439/6033/147 3438/6034/145
f 3740/6030/878 3438/6034/145 3136/6031/145
f 3741/6035/148 3137/6032/147 3138/6036/149
f 3741/6035/148 3138/6036/149 3440/6037/149
f 3741/6035/148 3440/6037/149 3439/6033/147
f 3741/6035/148 3439/6033/147 3137/6032/147
f 3742/6038/1058 3138/6036/149 3139/6039/151
f 3742/6038/1058 3139/6039/151 3441/6040/151
f 3742/6038/1058 3441/6040/151 3440/6037/149
f 3742/6038/1058 3440/6037/149 3138/6036/149
f 3743/6041/152 3139/6039/151 3140/6042/503
f 3743/6041/152 3140/6042/503 3442/6043/503
f 3743/6041/152 3442/6043/503 3441/6040/151
f 3743/6041/152 3441/6040/151 3139/6039/151
f 3744/6044/1647 3140/6042/503 3141/6045/1648
f 3744/6044/1647 3141/6045/1648 3443/6046/1648
f 3744/6044/1647 3443/6046/1648 3442/6043/503
f 3744/6044/1647 3442/6043/503 3140/6042/503
f 3745/6047/1649 3141/6045/1648 3142/6048/1650
f 3745/6047/1649 3142/6048/1650 3444/6049/1650
f 3745/6047/1649 3444/6049/1650 3443/6046/1648
f 3745/6047/1649 3443/6046/1648 3141/6045/1648
f 3746/6050/1206 3142/6048/1650 3143/6051/1065
f 3746/6050/1206 3143/6051/1065 3445/6052/1065
f 3746/6050/1206 3445/6052/1065 3444/6049/1650
f 3746/6050/1206 3444/6049/1650 3142/6048/1650
f 3747/6053/509 3143/6051/1065 3144/6054/169
f 3747/6053/509 3144/6054/169 3446/6055/169
f 3747/6053/509 3446/6055/169 3445/6052/1065
f 3747/6053/509 3445/6052/1065 3143/6051/1065
f 3748/6056/1651 3144/6054/169 3145/6057/511
f 3748/6056/1651 3145/6057/511 3447/6058/511
f 3748/6056/1651 3447/6058/511 3446/6055/169
f 3748/6056/1651 3446/6055/169 3144/6054/169
f 3749/6059/512 3145/6057/511 3146/6060/1530
f 3749/6059/512 3146/6060/1530 3448/6061/1530
f 3749/6059/512 3448/6061/1530 3447/6058/511
f 3749/6059/512 3447/6058/511 3145/6057/511
f 3750/6062/1210 3146/6060/1530 3147/6063/1652
f 3750/6062/1210 3147/6063/1652 3449/6064/515
f 3750/6062/1210 3449/6064/515 3448/6061/1530
f 3750/6062/1210 3448/6061/1530 3146/6060/1530
f 3751/6065/1653 3147/6063/1652 3148/6066/1654
f 3751/6065/1653 3148/6066/1654 3450/6067/1654
f 3751/6065/1653 3450/6067/1654 3449/6064/515
f 3751/6065/1653 3449/6064/515 3147/6063/1652
f 3752/6068/1655 3148/6066/1654 3149/6069/518
f 3752/6068/1655 3149/6069/518 3451/6070/1656
f 3752/6068/1655 3451/6070/1656 3450/6067/1654
f 3752/6068/1655 3450/6067/1654 3148/6066/1654
f 3753/6071/192 3149/6069/518 3150/6072/1074
f 3753/6071/192 3150/6072/1074 3452/6073/1074
f 3753/6071/192 3452/6073/1074 3451/6070/1656
f 3753/6071/192 3451/6070/1656 3149/6069/518
f 3754/6074/1657 3150/6072/1074 3151/6075/521
f 3754/6074/1657 3151/6075/521 3453/6076/521
f 3754/6074/1657 3453/6076/521 3452/6073/1074
f 3754/6074/1657 3452/6073/1074 3150/6072/1074
f 3755/6077/971 3151/6075/521 3152/6078/202
f 3755/6077/971 3152/6078/202 3454/6079/202
f 3755/6077/971 3454/6079/202 3453/6076/521
f 3755/6077/971 3453/6076/521 3151/6075/521
f 3756/6080/1658 3152/6078/202 3153/6081/524
f 3756/6080/1658 3153/6081/524 3455/6082/524
f 3756/6080/1658 3455/6082/524 3454/6079/202
f 3756/6080/1658 3454/6079/202 3152/6078/202
f 3757/6083/525 3153/6081/524 3154/6084/526
f 3757/6083/525 3154/6084/526 3456/6085/526
f 3757/6083/525 3456/6085/526 3455/6082/524
f 3757/6083/525 3455/6082/524 3153/6081/524
f 3758/6086/527 3154/6084/526 3155/6087/1659
f 3758/6086/527 3155/6087/1659 3457/6088/1659
f 3758/6086/527 3457/6088/1659 3456/6085/526
f 3758/6086/527 3456/6085/526 3154/6084/526
f 3759/6089/529 3155/6087/1659 3156/6090/530
f 3759/6089/529 3156/6090/530 3458/6091/530
f 3759/6089/529 3458/6091/530 3457/6088/1659
f 3759/6089/529 3457/6088/1659 3155/6087/1659
f 3760/6092/219 3156/6090/530 3157/6093/965
f 3760/6092/219 3157/6093/965 3459/6094/965
f 3760/6092/219 3459/6094/965 3458/6091/530
f 3760/6092/219 3458/6091/530 3156/6090/530
f 3761/6095/276 3157/6093/965 3158/6096/1222
f 3761/6095/276 3158/6096/1222 3460/6097/1222
f 3761/6095/276 3460/6097/1222 3459/6094/965
f 3761/6095/276 3459/6094/965 3157/6093/965
f 3762/6098/963 3158/6096/1222 3159/6099/962
f 3762/6098/963 3159/6099/962 3461/6100/962
f 3762/6098/963 3461/6100/962 3460/6097/1222
f 3762/6098/963 3460/6097/1222 3158/6096/1222
f 3763/6101/284 3159/6099/962 3160/6102/961
f 3763/6101/284 3160/6102/961 3462/6103/961
f 3763/6101/284 3462/6103/961 3461/6100/962
f 3763/6101/284 3461/6100/962 3159/6099/962
f 3764/6104/960 3160/6102/961 3161/6105/1660
f 3764/6104/960 3161/6105/1660 3463/6106/1660
f 3764/6104/960 3463/6106/1660 3462/6103/961
f 3764/6104/960 3462/6103/961 3160/6102/961
f 3765/6107/1661 3161/6105/1660 3162/6108/1227
f 3765/6107/1661 3162/6108/1227 3464/6109/1227
f 3765/6107/1661 3464/6109/1227 3463/6106/1660
f 3765/6107/1661 3463/6106/1660 3161/6105/1660
f 3766/6110/296 3162/6108/1227 3163/6111/1662
f 3766/6110/296 3163/6111/1662 3465/6112/1663
f 3766/6110/296 3465/6112/1663 3464/6109/1227
f 3766/6110/296 3464/6109/1227 3162/6108/1227
f 3767/6113/1255 3163/6111/1662 3164/6114/1230
f 3767/6113/1255 3164/6114/1230 3466/6115/1230
f 3767/6113/1255 3466/6115/1230 3465/6112/1663
f 3767/6113/1255 3465/6112/1663 3163/6111/1662
f 3768/6116/304 3164/6114/1230 3165/6117/1232
f 3768/6116/304 3165/6117/1232 3467/6118/1232
f 3768/6116/304 3467/6118/1232 3466/6115/1230
f 3768/6116/304 3466/6115/1230 3164/6114/1230
f 3769/6119/562 3165/6117/1232 3166/6120/1496
f 3769/6119/562 3166/6120/1496 3468/6121/1496
f 3769/6119/562 3468/6121/1496 3467/6118/1232
f 3769/6119/562 3467/6118/1232 3165/6117/1232
f 3770/6122/565 3166/6120/1496 3167/6123/314
f 3770/6122/565 3167/6123/314 3469/6124/314
f 3770/6122/565 3469/6124/314 3468/6121/1496
f 3770/6122/565 3468/6121/1496 3166/6120/1496
f 3771/6125/949 3167/6123/314 3168/6126/1664
f 3771/6125/949 3168/6126/1664 3470/6127/1664
f 3771/6125/949 3470/6127/1664 3469/6124/314
f 3771/6125/949 3469/6124/314 3167/6123/314
f 3772/6128/1248 3168/6126/1664 3169/6129/1301
f 3772/6128/1248 3169/6129/1301 3471/6130/1301
f 3772/6128/1248 3471/6130/1301 3470/6127/1664
f 3772/6128/1248 3470/6127/1664 3168/6126/1664
f 3773/6131/1247 3169/6129/1301 3170/6132/1238
f 3773/6131/1247 3170/6132/1238 3472/6133/1238
f 3773/6131/1247 3472/6133/1238 3471/6130/1301
f 3773/6131/1247 3471/6130/1301 3169/6129/1301
f 3774/6134/1303 3170/6132/1238 3171/6135/1665
f 3774/6134/1303 3171/6135/1665 3473/6136/1665
f 3774/6134/1303 3473/6136/1665 3472/6133/1238
f 3774/6134/1303 3472/6133/1238 3170/6132/1238
f 3775/6137/1368 3171/6135/1665 3172/6138/1239
f 3775/6137/1368 3172/6138/1239 3474/6139/1239
f 3775/6137/1368 3474/6139/1239 3473/6136/1665
f 3775/6137/1368 3473/6136/1665 3171/6135/1665
f 3776/6140/588 3172/6138/1239 3173/6141/588
f 3776/6140/588 3173/6141/588 3475/6142/588
f 3776/6140/588 3475/6142/588 3474/6139/1239
f 3776/6140/588 3474/6139/1239 3172/6138/1239
f 3777/6143/1305 3173/6141/588 3174/6144/1239
f 3777/6143/1305 3174/6144/1239 3476/6145/1239
f 3777/6143/1305 3476/6145/1239 3475/6142/588
f 3777/6143/1305 3475/6142/588 3173/6141/588
f 3778/6146/1666 3174/6144/1239 3175/6147/943
f 3778/6146/1666 3175/6147/943 3477/6148/943
f 3778/6146/1666 3477/6148/943 3476/6145/1239
f 3778/6146/1666 3476/6145/1239 3174/6144/1239
f 3779/6149/1667 3175/6147/943 3176/6150/1238
f 3779/6149/1667 3176/6150/1238 3478/6151/1238
f 3779/6149/1667 3478/6151/1238 3477/6148/943
f 3779/6149/1667 3477/6148/943 3175/6147/943
f 3780/6152/1247 3176/6150/1238 3177/6153/1237
f 3780/6152/1247 3177/6153/1237 3479/6154/1237
f 3780/6152/1247 3479/6154/1237 3478/6151/1238
f 3780/6152/1247 3478/6151/1238 3176/6150/1238
f 3781/6155/573 3177/6153/1237 3178/6156/1668
f 3781/6155/573 3178/6156/1668 3480/6157/1668
f 3781/6155/573 3480/6157/1668 3479/6154/1237
f 3781/6155/573 3479/6154/1237 3177/6153/1237
f 3782/6158/569 3178/6156/1668 3179/6159/1300
f 3782/6158/569 3179/6159/1300 3481/6160/1300
f 3782/6158/569 3481/6160/1300 3480/6157/1668
f 3782/6158/569 3480/6157/1668 3178/6156/1668
f 3783/6161/565 3179/6159/1300 3180/6162/1496
f 3783/6161/565 3180/6162/1496 3482/6163/1496
f 3783/6161/565 3482/6163/1496 3481/6160/1300
f 3783/6161/565 3481/6160/1300 3179/6159/1300
f 3784/6164/562 3180/6162/1496 3181/6165/1669
f 3784/6164/562 3181/6165/1669 3483/6166/1669
f 3784/6164/562 3483/6166/1669 3482/6163/1496
f 3784/6164/562 3482/6163/1496 3180/6162/1496
f 3785/6167/304 3181/6165/1669 3182/6168/1381
f 3785/6167/304 3182/6168/1381 3484/6169/1381
f 3785/6167/304 3484/6169/1381 3483/6166/1669
f 3785/6167/304 3483/6166/1669 3181/6165/1669
f 3786/6170/1670 3182/6168/1381 3183/6171/1662
f 3786/6170/1670 3183/6171/1662 3485/6172/1662
f 3786/6170/1670 3485/6172/1662 3484/6169/1381
f 3786/6170/1670 3484/6169/1381 3182/6168/1381
f 3787/6173/1671 3183/6171/1662 3184/6174/1227
f 3787/6173/1671 3184/6174/1227 3486/6175/1227
f 3787/6173/1671 3486/6175/1227 3485/6172/1662
f 3787/6173/1671 3485/6172/1662 3183/6171/1662
f 3788/6176/292 3184/6174/1227 3185/6177/1672
f 3788/6176/292 3185/6177/1672 3487/6178/1672
f 3788/6176/292 3487/6178/1672 3486/6175/1227
f 3788/6176/292 3486/6175/1227 3184/6174/1227
f 3789/6179/960 3185/6177/1672 3186/6180/961
f 3789/6179/960 3186/6180/961 3488/6181/961
f 3789/6179/960 3488/6181/961 3487/6178/1672
f 3789/6179/960 3487/6178/1672 3185/6177/1672
f 3790/6182/284 3186/6180/961 3187/6183/1224
f 3790/6182/284 3187/6183/1224 3489/6184/1224
f 3790/6182/284 3489/6184/1224 3488/6181/961
f 3790/6182/284 3488/6181/961 3186/6180/961
f 3791/6185/1223 3187/6183/1224 3188/6186/1673
f 3791/6185/1223 3188/6186/1673 3490/6187/1673
f 3791/6185/1223 3490/6187/1673 3489/6184/1224
f 3791/6185/1223 3489/6184/1224 3187/6183/1224
f 3792/6188/276 3188/6186/1673 3189/6189/965
f 3792/6188/276 3189/6189/965 3491/6190/965
f 3792/6188/276 3491/6190/965 3490/6187/1673
f 3792/6188/276 3490/6187/1673 3188/6186/1673
f 3793/6191/219 3189/6189/965 3190/6192/530
f 3793/6191/219 3190/6192/530 3492/6193/530
f 3793/6191/219 3492/6193/530 3491/6190/965
f 3793/6191/219 3491/6190/965 3189/6189/965
f 3794/6194/529 3190/6192/530 3191/6195/1659
f 3794/6194/529 3191/6195/1659 3493/6196/1659
f 3794/6194/529 3493/6196/1659 3492/6193/530
f 3794/6194/529 3492/6193/530 3190/6192/530
f 3795/6197/212 3191/6195/1659 3192/6198/1674
f 3795/6197/212 3192/6198/1674 3494/6199/1674
f 3795/6197/212 3494/6199/1674 3493/6196/1659
f 3795/6197/212 3493/6196/1659 3191/6195/1659
f 3796/6200/1675 3192/6198/1674 3193/6201/1505
f 3796/6200/1675 3193/6201/1505 3495/6202/1505
f 3796/6200/1675 3495/6202/1505 3494/6199/1674
f 3796/6200/1675 3494/6199/1674 3192/6198/1674
f 3797/6203/1676 3193/6201/1505 3194/6204/970
f 3797/6203/1676 3194/6204/970 3496/6205/970
f 3797/6203/1676 3496/6205/970 3495/6202/1505
f 3797/6203/1676 3495/6202/1505 3193/6201/1505
f 3798/6206/1677 3194/6204/970 3195/6207/521
f 3798/6206/1677 3195/6207/521 3497/6208/521
f 3798/6206/1677 3497/6208/521 3496/6205/970
f 3798/6206/1677 3496/6205/970 3194/6204/970
f 3799/6209/1678 3195/6207/521 3196/6210/1074
f 3799/6209/1678 3196/6210/1074 3498/6211/1074
f 3799/6209/1678 3498/6211/1074 3497/6208/521
f 3799/6209/1678 3497/6208/521 3195/6207/521
f 3800/6212/1679 3196/6210/1074 3197/6213/1680
f 3800/6212/1679 3197/6213/1680 3499/6214/1680
f 3800/6212/1679 3499/6214/1680 3498/6211/1074
f 3800/6212/1679 3498/6211/1074 3196/6210/1074
f 3801/6215/1212 3197/6213/1680 3198/6216/517
f 3801/6215/1212 3198/6216/517 3500/6217/517
f 3801/6215/1212 3500/6217/517 3499/6214/1680
f 3801/6215/1212 3499/6214/1680 3197/6213/1680
f 3802/6218/516 3198/6216/517 3199/6219/1681
f 3802/6218/516 3199/6219/1681 3501/6220/1682
f 3802/6218/516 3501/6220/1682 3500/6217/517
f 3802/6218/516 3500/6217/517 3198/6216/517
f 3803/6221/179 3199/6219/1681 3200/6222/1683
f 3803/6221/179 3200/6222/1683 3502/6223/1683
f 3803/6221/179 3502/6223/1683 3501/6220/1682
f 3803/6221/179 3501/6220/1682 3199/6219/1681
f 3804/6224/1509 3200/6222/1683 3201/6225/1208
f 3804/6224/1509 3201/6225/1208 3503/6226/1208
f 3804/6224/1509 3503/6226/1208 3502/6223/1683
f 3804/6224/1509 3502/6223/1683 3200/6222/1683
f 3805/6227/1684 3201/6225/1208 3202/6228/1067
f 3805/6227/1684 3202/6228/1067 3504/6229/1067
f 3805/6227/1684 3504/6229/1067 3503/6226/1208
f 3805/6227/1684 3503/6226/1208 3201/6225/1208
f 3806/6230/509 3202/6228/1067 3203/6231/1065
f 3806/6230/509 3203/6231/1065 3505/6232/1065
f 3806/6230/509 3505/6232/1065 3504/6229/1067
f 3806/6230/509 3504/6229/1067 3202/6228/1067
f 3807/6233/1206 3203/6231/1065 3204/6234/161
f 3807/6233/1206 3204/6234/161 3506/6235/161
f 3807/6233/1206 3506/6235/161 3505/6232/1065
f 3807/6233/1206 3505/6232/1065 3203/6231/1065
f 3808/6236/506 3204/6234/161 3205/6237/1455
f 3808/6236/506 3205/6237/1455 3507/6238/1455
f 3808/6236/506 3507/6238/1455 3506/6235/161
f 3808/6236/506 3506/6235/161 3204/6234/161
f 3809/6239/988 3205/6237/1455 3206/6240/1061
f 3809/6239/988 3206/6240/1061 3508/6241/1061
f 3809/6239/988 3508/6241/1061 3507/6238/1455
f 3809/6239/988 3507/6238/1455 3205/6237/1455
f 3810/6242/1453 3206/6240/1061 3207/6243/151
f 3810/6242/1453 3207/6243/151 3509/6244/151
f 3810/6242/1453 3509/6244/151 3508/6241/1061
f 3810/6242/1453 3508/6241/1061 3206/6240/1061
f 3811/6245/1058 3207/6243/151 3208/6246/1685
f 3811/6245/1058 3208/6246/1685 3510/6247/1685
f 3811/6245/1058 3510/6247/1685 3509/6244/151
f 3811/6245/1058 3509/6244/151 3207/6243/151
f 3812/6248/1521 3208/6246/1685 3209/6249/147
f 3812/6248/1521 3209/6249/147 3511/6250/147
f 3812/6248/1521 3511/6250/147 3510/6247/1685
f 3812/6248/1521 3510/6247/1685 3208/6246/1685
f 3813/6251/1686 3209/6249/147 3210/6252/878
f 3813/6251/1686 3210/6252/878 3512/6253/878
f 3813/6251/1686 3512/6253/878 3511/6250/147
f 3813/6251/1686 3511/6250/147 3209/6249/147
f 3814/6254/878 3210/6252/878 3211/6255/147
f 3814/6254/878 3211/6255/147 3513/6256/147
f 3814/6254/878 3513/6256/147 3512/6253/878
f 3814/6254/878 3512/6253/878 3210/6252/878
f 3815/6257/1521 3211/6255/147 3212/6258/149
f 3815/6257/1521 3212/6258/149 3514/6259/149
f 3815/6257/1521 3514/6259/149 3513/6256/147
f 3815/6257/1521 3513/6256/147 3211/6255/147
f 3816/6260/1058 3212/6258/149 3213/6261/151
f 3816/6260/1058 3213/6261/151 3515/6262/151
f 3816/6260/1058 3515/6262/151 3514/6259/149
f 3816/6260/1058 3514/6259/149 3212/6258/149
f 3817/6263/1453 3213/6261/151 3214/6264/1687
f 3817/6263/1453 3214/6264/1687 3516/6265/1687
f 3817/6263/1453 3516/6265/1687 3515/6262/151
f 3817/6263/1453 3515/6262/151 3213/6261/151
f 3818/6266/1062 3214/6264/1687 3215/6267/1205
f 3818/6266/1062 3215/6267/1205 3517/6268/1688
f 3818/6266/1062 3517/6268/1688 3516/6265/1687
f 3818/6266/1062 3516/6265/1687 3214/6264/1687
f 3819/6269/506 3215/6267/1205 3216/6270/1063
f 3819/6269/506 3216/6270/1063 3518/6271/1063
f 3819/6269/506 3518/6271/1063 3517/6268/1688
f 3819/6269/506 3517/6268/1688 3215/6267/1205
f 3820/6272/1689 3216/6270/1063 3217/6273/1512
f 3820/6272/1689 3217/6273/1512 3519/6274/1512
f 3820/6272/1689 3519/6274/1512 3518/6271/1063
f 3820/6272/1689 3518/6271/1063 3216/6270/1063
f 3821/6275/1511 3217/6273/1512 3218/6276/1690
f 3821/6275/1511 3218/6276/1690 3520/6277/1690
f 3821/6275/1511 3520/6277/1690 3519/6274/1512
f 3821/6275/1511 3519/6274/1512 3217/6273/1512
f 3822/6278/171 3218/6276/1690 3219/6279/1068
f 3822/6278/171 3219/6279/1068 3521/6280/1068
f 3822/6278/171 3521/6280/1068 3520/6277/1690
f 3822/6278/171 3520/6277/1690 3218/6276/1690
f 3823/6281/512 3219/6279/1068 3220/6282/1209
f 3823/6281/512 3220/6282/1209 3522/6283/1209
f 3823/6281/512 3522/6283/1209 3521/6280/1068
f 3823/6281/512 3521/6280/1068 3219/6279/1068
f 3824/6284/1210 3220/6282/1209 3221/6285/1681
f 3824/6284/1210 3221/6285/1681 3523/6286/1681
f 3824/6284/1210 3523/6286/1681 3522/6283/1209
f 3824/6284/1210 3522/6283/1209 3220/6282/1209
f 3825/6287/1691 3221/6285/1681 3222/6288/1692
f 3825/6287/1691 3222/6288/1692 3524/6289/1692
f 3825/6287/1691 3524/6289/1692 3523/6286/1681
f 3825/6287/1691 3523/6286/1681 3221/6285/1681
f 3826/6290/1212 3222/6288/1692 3223/6291/1507
f 3826/6290/1212 3223/6291/1507 3525/6292/1507
f 3826/6290/1212 3525/6292/1507 3524/6289/1692
f 3826/6290/1212 3524/6289/1692 3222/6288/1692
f 3827/6293/192 3223/6291/1507 3224/6294/519
f 3827/6293/192 3224/6294/519 3526/6295/519
f 3827/6293/192 3526/6295/519 3525/6292/1507
f 3827/6293/192 3525/6292/1507 3223/6291/1507
f 3828/6296/1215 3224/6294/519 3225/6297/521
f 3828/6296/1215 3225/6297/521 3527/6298/521
f 3828/6296/1215 3527/6298/521 3526/6295/519
f 3828/6296/1215 3526/6295/519 3224/6294/519
f 3829/6299/971 3225/6297/521 3226/6300/202
f 3829/6299/971 3226/6300/202 3528/6301/202
f 3829/6299/971 3528/6301/202 3527/6298/521
f 3829/6299/971 3527/6298/521 3225/6297/521
f 3830/6302/1658 3226/6300/202 3227/6303/524
f 3830/6302/1658 3227/6303/524 3529/6304/524
f 3830/6302/1658 3529/6304/524 3528/6301/202
f 3830/6302/1658 3528/6301/202 3226/6300/202
f 3831/6305/1693 3227/6303/524 3228/6306/526
f 3831/6305/1693 3228/6306/526 3530/6307/526
f 3831/6305/1693 3530/6307/526 3529/6304/524
f 3831/6305/1693 3529/6304/524 3227/6303/524
f 3832/6308/212 3228/6306/526 3229/6309/1659
f 3832/6308/212 3229/6309/1659 3531/6310/1659
f 3832/6308/212 3531/6310/1659 3530/6307/526
f 3832/6308/212 3530/6307/526 3228/6306/526
f 3833/6311/529 3229/6309/1659 3230/6312/530
f 3833/6311/529 3230/6312/530 3532/6313/530
f 3833/6311/529 3532/6313/530 3531/6310/1659
f 3833/6311/529 3531/6310/1659 3229/6309/1659
f 3834/6314/219 3230/6312/530 3231/6315/965
f 3834/6314/219 3231/6315/965 3533/6316/965
f 3834/6314/219 3533/6316/965 3532/6313/530
f 3834/6314/219 3532/6313/530 3230/6312/530
f 3835/6317/276 3231/6318/965 3232/6319/1222
f 3835/6317/276 3232/6319/1222 3534/6320/1222
f 3835/6317/276 3534/6320/1222 3533/6321/965
f 3835/6317/276 3533/6321/965 3231/6318/965
f 3836/6322/963 3232/6319/1222 3233/6323/1501
f 3836/6322/963 3233/6323/1501 3535/6324/1501
f 3836/6322/963 3535/6324/1501 3534/6320/1222
f 3836/6322/963 3534/6320/1222 3232/6319/1222
f 3837/6325/540 3233/6323/1501 3234/6326/1694
f 3837/6325/540 3234/6326/1694 3536/6327/1694
f 3837/6325/540 3536/6327/1694 3535/6324/1501
f 3837/6325/540 3535/6324/1501 3233/6323/1501
f 3838/6328/960 3234/6326/1694 3235/6329/1225
f 3838/6328/960 3235/6329/1225 3537/6330/1225
f 3838/6328/960 3537/6330/1225 3536/6327/1694
f 3838/6328/960 3536/6327/1694 3234/6326/1694
f 3839/6331/548 3235/6329/1225 3236/6332/1227
f 3839/6331/548 3236/6332/1227 3538/6333/1227
f 3839/6331/548 3538/6333/1227 3537/6330/1225
f 3839/6331/548 3537/6330/1225 3235/6329/1225
f 3840/6334/1228 3236/6332/1227 3237/6335/1662
f 3840/6334/1228 3237/6335/1662 3539/6336/1663
f 3840/6334/1228 3539/6336/1663 3538/6333/1227
f 3840/6334/1228 3538/6333/1227 3236/6332/1227
f 3841/6337/1695 3237/6335/1662 3238/6338/1230
f 3841/6337/1695 3238/6338/1230 3540/6339/1230
f 3841/6337/1695 3540/6339/1230 3539/6336/1663
f 3841/6337/1695 3539/6336/1663 3237/6335/1662
f 3842/6340/1380 3238/6338/1230 3239/6341/306
f 3842/6340/1380 3239/6341/306 3541/6342/306
f 3842/6340/1380 3541/6342/306 3540/6339/1230
f 3842/6340/1380 3540/6339/1230 3238/6338/1230
f 3843/6343/562 3239/6341/306 3240/6344/1496
f 3843/6343/562 3240/6344/1496 3542/6345/1496
f 3843/6343/562 3542/6345/1496 3541/6342/306
f 3843/6343/562 3541/6342/306 3239/6341/306
f 3844/6346/565 3240/6344/1496 3241/6347/1696
f 3844/6346/565 3241/6347/1696 3543/6348/1696
f 3844/6346/565 3543/6348/1696 3542/6345/1496
f 3844/6346/565 3542/6345/1496 3240/6344/1496
f 3845/6349/1697 3241/6347/1696 3242/6350/1698
f 3845/6349/1697 3242/6350/1698 3544/6351/1698
f 3845/6349/1697 3544/6351/1698 3543/6348/1696
f 3845/6349/1697 3543/6348/1696 3241/6347/1696
f 3846/6352/1248 3242/6350/1698 3243/6353/1237
f 3846/6352/1248 3243/6353/1237 3545/6354/1237
f 3846/6352/1248 3545/6354/1237 3544/6351/1698
f 3846/6352/1248 3544/6351/1698 3242/6350/1698
f 3847/6355/1699 3243/6353/1237 3244/6356/1700
f 3847/6355/1699 3244/6356/1700 3546/6357/1701
f 3847/6355/1699 3546/6357/1701 3545/6354/1237
f 3847/6355/1699 3545/6354/1237 3243/6353/1237
f 3848/6358/1303 3244/6356/1700 3245/6359/943
f 3848/6358/1303 3245/6359/943 3547/6360/943
f 3848/6358/1303 3547/6360/943 3546/6357/1701
f 3848/6358/1303 3546/6357/1701 3244/6356/1700
f 3849/6361/584 3245/6359/943 3246/6362/1304
f 3849/6361/584 3246/6362/1304 3548/6363/1304
f 3849/6361/584 3548/6363/1304 3547/6360/943
f 3849/6361/584 3547/6360/943 3245/6359/943
f 3850/6364/588 3246/6362/1304 3247/6365/1241
f 3850/6364/588 3247/6365/1241 3549/6366/1241
f 3850/6364/588 3549/6366/1241 3548/6363/1304
f 3850/6364/588 3548/6363/1304 3246/6362/1304
f 3851/6367/590 3247/6365/1241 3248/6368/1702
f 3851/6367/590 3248/6368/1702 3550/6369/1702
f 3851/6367/590 3550/6369/1702 3549/6366/1241
f 3851/6367/590 3549/6366/1241 3247/6365/1241
f 3852/6370/340 3248/6368/1702 3249/6371/593
f 3852/6370/340 3249/6371/593 3551/6372/593
f 3852/6370/340 3551/6372/593 3550/6369/1702
f 3852/6370/340 3550/6369/1702 3248/6368/1702
f 3853/6373/342 3249/6371/593 3250/6374/343
f 3853/6373/342 3250/6374/343 3552/6375/343
f 3853/6373/342 3552/6375/343 3551/6372/593
f 3853/6373/342 3551/6372/593 3249/6371/593
f 3854/6376/595 3250/6374/343 3251/6377/345
f 3854/6376/595 3251/6377/345 3553/6378/345
f 3854/6376/595 3553/6378/345 3552/6375/343
f 3854/6376/595 3552/6375/343 3250/6374/343
f 3855/6379/346 3251/6377/345 3252/6380/1703
f 3855/6379/346 3252/6380/1703 3554/6381/1703
f 3855/6379/346 3554/6381/1703 3553/6378/345
f 3855/6379/346 3553/6378/345 3251/6377/345
f 3856/6382/1704 3252/6380/1703 3253/6383/929
f 3856/6382/1704 3253/6383/929 3555/6384/929
f 3856/6382/1704 3555/6384/929 3554/6381/1703
f 3856/6382/1704 3554/6381/1703 3252/6380/1703
f 3857/6385/350 3253/6383/929 3254/6386/19
f 3857/6385/350 3254/6386/19 3556/6387/19
f 3857/6385/350 3556/6387/19 3555/6384/929
f 3857/6385/350 3555/6384/929 3253/6383/929
f 3858/6388/351 3254/6386/19 3255/6389/1123
f 3858/6388/351 3255/6389/1123 3557/6390/1123
f 3858/6388/351 3557/6390/1123 3556/6387/19
f 3858/6388/351 3556/6387/19 3254/6386/19
f 3859/6391/354 3255/6389/1123 3256/6392/1705
f 3859/6391/354 3256/6392/1705 3558/6393/1705
f 3859/6391/354 3558/6393/1705 3557/6390/1123
f 3859/6391/354 3557/6390/1123 3255/6389/1123
f 3860/6394/29 3256/6392/1705 3257/6395/357
f 3860/6394/29 3257/6395/357 3559/6396/357
f 3860/6394/29 3559/6396/357 3558/6393/1705
f 3860/6394/29 3558/6393/1705 3256/6392/1705
f 3861/6397/1706 3257/6395/357 3258/6398/359
f 3861/6397/1706 3258/6398/359 3560/6399/359
f 3861/6397/1706 3560/6399/359 3559/6396/357
f 3861/6397/1706 3559/6396/357 3257/6395/357
f 3862/6400/1707 3258/6398/359 3259/6401/39
f 3862/6400/1707 3259/6401/39 3561/6402/39
f 3862/6400/1707 3561/6402/39 3560/6399/359
f 3862/6400/1707 3560/6399/359 3258/6398/359
f 3863/6403/918 3259/6401/39 3260/6404/44
f 3863/6403/918 3260/6404/44 3562/6405/44
f 3863/6403/918 3562/6405/44 3561/6402/39
f 3863/6403/918 3561/6402/39 3259/6401/39
f 3864/6406/1127 3260/6404/44 3261/6407/1708
f 3864/6406/1127 3261/6407/1708 3563/6408/1708
f 3864/6406/1127 3563/6408/1708 3562/6405/44
f 3864/6406/1127 3562/6405/44 3260/6404/44
f 3865/6409/1709 3261/6407/1708 3262/6410/52
f 3865/6409/1709 3262/6410/52 3564/6411/52
f 3865/6409/1709 3564/6411/52 3563/6408/1708
f 3865/6409/1709 3563/6408/1708 3261/6407/1708
f 3866/6412/1710 3262/6410/52 3263/6413/367
f 3866/6412/1710 3263/6413/367 3565/6414/367
f 3866/6412/1710 3565/6414/367 3564/6411/52
f 3866/6412/1710 3564/6411/52 3262/6410/52
f 3867/6415/1711 3263/6413/367 3264/6416/369
f 3867/6415/1711 3264/6416/369 3566/6417/369
f 3867/6415/1711 3566/6417/369 3565/6414/367
f 3867/6415/1711 3565/6414/367 3263/6413/367
f 3868/6418/1712 3264/6416/369 3265/6419/1713
f 3868/6418/1712 3265/6419/1713 3567/6420/1713
f 3868/6418/1712 3567/6420/1713 3566/6417/369
f 3868/6418/1712 3566/6417/369 3264/6416/369
f 3869/6421/1714 3265/6419/1713 3266/6422/1715
f 3869/6421/1714 3266/6422/1715 3568/6423/1715
f 3869/6421/1714 3568/6423/1715 3567/6420/1713
f 3869/6421/1714 3567/6420/1713 3265/6419/1713
f 3870/6424/70 3266/6422/1715 3267/6425/1716
f 3870/6424/70 3267/6425/1716 3569/6426/1716
f 3870/6424/70 3569/6426/1716 3568/6423/1715
f 3870/6424/70 3568/6423/1715 3266/6422/1715
f 3871/6427/1334 3267/6425/1716 3268/6428/376
f 3871/6427/1334 3268/6428/376 3570/6429/376
f 3871/6427/1334 3570/6429/376 3569/6426/1716
f 3871/6427/1334 3569/6426/1716 3267/6425/1716
f 3872/6430/77 3268/6428/376 3269/6431/1717
f 3872/6430/77 3269/6431/1717 3571/6432/1717
f 3872/6430/77 3571/6432/1717 3570/6429/376
f 3872/6430/77 3570/6429/376 3268/6428/376
f 3873/6433/375 3269/6431/1717 3270/6434/1718
f 3873/6433/375 3270/6434/1718 3572/6435/1718
f 3873/6433/375 3572/6435/1718 3571/6432/1717
f 3873/6433/375 3571/6432/1717 3269/6431/1717
f 3874/6436/1336 3270/6434/1718 3271/6437/68
f 3874/6436/1336 3271/6437/68 3573/6438/68
f 3874/6436/1336 3573/6438/68 3572/6435/1718
f 3874/6436/1336 3572/6435/1718 3270/6434/1718
f 3875/6439/1719 3271/6437/68 3272/6440/1713
f 3875/6439/1719 3272/6440/1713 3574/6441/1713
f 3875/6439/1719 3574/6441/1713 3573/6438/68
f 3875/6439/1719 3573/6438/68 3271/6437/68
f 3876/6442/1563 3272/6440/1713 3273/6443/369
f 3876/6442/1563 3273/6443/369 3575/6444/369
f 3876/6442/1563 3575/6444/369 3574/6441/1713
f 3876/6442/1563 3574/6441/1713 3272/6440/1713
f 3877/6445/1711 3273/6443/369 3274/6446/367
f 3877/6445/1711 3274/6446/367 3576/6447/367
f 3877/6445/1711 3576/6447/367 3575/6444/369
f 3877/6445/1711 3575/6444/369 3273/6443/369
f 3878/6448/1710 3274/6446/367 3275/6449/1616
f 3878/6448/1710 3275/6449/1616 3577/6450/1616
f 3878/6448/1710 3577/6450/1616 3576/6447/367
f 3878/6448/1710 3576/6447/367 3274/6446/367
f 3879/6451/1720 3275/6449/1616 3276/6452/1708
f 3879/6451/1720 3276/6452/1708 3578/6453/1708
f 3879/6451/1720 3578/6453/1708 3577/6450/1616
f 3879/6451/1720 3577/6450/1616 3275/6449/1616
f 3880/6454/1127 3276/6452/1708 3277/6455/44
f 3880/6454/1127 3277/6455/44 3579/6456/44
f 3880/6454/1127 3579/6456/44 3578/6453/1708
f 3880/6454/1127 3578/6453/1708 3276/6452/1708
f 3881/6457/918 3277/6455/44 3278/6458/1721
f 3881/6457/918 3278/6458/1721 3580/6459/1721
f 3881/6457/918 3580/6459/1721 3579/6456/44
f 3881/6457/918 3579/6456/44 3277/6455/44
f 3882/6460/1562 3278/6458/1721 3279/6461/359
f 3882/6460/1562 3279/6461/359 3581/6462/359
f 3882/6460/1562 3581/6462/359 3580/6459/1721
f 3882/6460/1562 3580/6459/1721 3278/6458/1721
f 3883/6463/1722 3279/6461/359 3280/6464/1723
f 3883/6463/1722 3280/6464/1723 3582/6465/1723
f 3883/6463/1722 3582/6465/1723 3581/6462/359
f 3883/6463/1722 3581/6462/359 3279/6461/359
f 3884/6466/1560 3280/6464/1723 3281/6467/1559
f 3884/6466/1560 3281/6467/1559 3583/6468/1559
f 3884/6466/1560 3583/6468/1559 3582/6465/1723
f 3884/6466/1560 3582/6465/1723 3280/6464/1723
f 3885/6469/354 3281/6467/1559 3282/6470/352
f 3885/6469/354 3282/6470/352 3584/6471/353
f 3885/6469/354 3584/6471/353 3583/6468/1559
f 3885/6469/354 3583/6468/1559 3281/6467/1559
f 3886/6472/1724 3282/6470/352 3283/6473/1631
f 3886/6472/1724 3283/6473/1631 3585/6474/1631
f 3886/6472/1724 3585/6474/1631 3584/6471/353
f 3886/6472/1724 3584/6471/353 3282/6470/352
f 3887/6475/1121 3283/6473/1631 3284/6476/929
f 3887/6475/1121 3284/6476/929 3586/6477/929
f 3887/6475/1121 3586/6477/929 3585/6474/1631
f 3887/6475/1121 3585/6474/1631 3283/6473/1631
f 3888/6478/13 3284/6476/929 3285/6479/1703
f 3888/6478/13 3285/6479/1703 3587/6480/1703
f 3888/6478/13 3587/6480/1703 3586/6477/929
f 3888/6478/13 3586/6477/929 3284/6476/929
f 3889/6481/1119 3285/6479/1703 3286/6482/345
f 3889/6481/1119 3286/6482/345 3588/6483/345
f 3889/6481/1119 3588/6483/345 3587/6480/1703
f 3889/6481/1119 3587/6480/1703 3285/6479/1703
f 3890/6484/344 3286/6482/345 3287/6485/343
f 3890/6484/344 3287/6485/343 3589/6486/343
f 3890/6484/344 3589/6486/343 3588/6483/345
f 3890/6484/344 3588/6483/345 3286/6482/345
f 3891/6487/1626 3287/6485/343 3288/6488/593
f 3891/6487/1626 3288/6488/593 3590/6489/593
f 3891/6487/1626 3590/6489/593 3589/6486/343
f 3891/6487/1626 3589/6486/343 3287/6485/343
f 3892/6490/1306 3288/6488/593 3289/6491/591
f 3892/6490/1306 3289/6491/591 3591/6492/591
f 3892/6490/1306 3591/6492/591 3590/6489/593
f 3892/6490/1306 3590/6489/593 3288/6488/593
f 3893/6493/1549 3289/6491/591 3290/6494/1725
f 3893/6493/1549 3290/6494/1725 3592/6495/1725
f 3893/6493/1549 3592/6495/1725 3591/6492/591
f 3893/6493/1549 3591/6492/591 3289/6491/591
f 3894/6496/1726 3290/6494/1725 3291/6497/1727
f 3894/6496/1726 3291/6497/1727 3593/6498/1727
f 3894/6496/1726 3593/6498/1727 3592/6495/1725
f 3894/6496/1726 3592/6495/1725 3290/6494/1725
f 3895/6499/1728 3291/6497/1727 3292/6500/1729
f 3895/6499/1728 3292/6500/1729 3594/6501/1729
f 3895/6499/1728 3594/6501/1729 3593/6498/1727
f 3895/6499/1728 3593/6498/1727 3291/6497/1727
f 3896/6502/1730 3292/6500/1729 3293/6503/1731
f 3896/6502/1730 3293/6503/1731 3595/6504/1732
f 3896/6502/1730 3595/6504/1732 3594/6501/1729
f 3896/6502/1730 3594/6501/1729 3292/6500/1729
f 3897/6505/1733 3293/6503/1731 3294/6506/1734
f 3897/6505/1733 3294/6506/1734 3596/6507/1734
f 3897/6505/1733 3596/6507/1734 3595/6504/1732
f 3897/6505/1733 3595/6504/1732 3293/6503/1731
f 3898/6508/1735 3294/6506/1734 3295/6509/1736
f 3898/6508/1735 3295/6509/1736 3597/6510/1736
f 3898/6508/1735 3597/6510/1736 3596/6507/1734
f 3898/6508/1735 3596/6507/1734 3294/6506/1734
f 3899/6511/1737 3295/6509/1736 3296/6512/1738
f 3899/6511/1737 3296/6512/1738 3598/6513/1738
f 3899/6511/1737 3598/6513/1738 3597/6510/1736
f 3899/6511/1737 3597/6510/1736 3295/6509/1736
f 3900/6514/1739 3296/6512/1738 3297/6515/1740
f 3900/6514/1739 3297/6515/1740 3599/6516/1740
f 3900/6514/1739 3599/6516/1740 3598/6513/1738
f 3900/6514/1739 3598/6513/1738 3296/6512/1738
f 3901/6517/1741 3297/6515/1740 3298/6518/1742
f 3901/6517/1741 3298/6518/1742 3600/6519/1742
f 3901/6517/1741 3600/6519/1742 3599/6516/1740
f 3901/6517/1741 3599/6516/1740 3297/6515/1740
f 3902/6520/1743 3298/6518/1742 3299/6521/1744
f 3902/6520/1743 3299/6521/1744 3601/6522/1744
f 3902/6520/1743 3601/6522/1744 3600/6519/1742
f 3902/6520/1743 3600/6519/1742 3298/6518/1742
f 3903/6523/1745 3299/6521/1744 3300/6524/1746
f 3903/6523/1745 3300/6524/1746 3602/6525/1746
f 3903/6523/1745 3602/6525/1746 3601/6522/1744
f 3903/6523/1745 3601/6522/1744 3299/6521/1744
f 3904/6526/1747 3300/6524/1746 3301/6527/1748
f 3904/6526/1747 3301/6527/1748 3603/6528/1748
f 3904/6526/1747 3602/6525/1746 3300/6524/1746
f 3905/6529/1749 3301/6527/1748 3302/6530/1750
f 3905/6529/1749 3302/6530/1750 3604/6531/1750
f 3905/6529/1749 3604/6531/1750 3603/6528/1748
f 3905/6529/1749 3603/6528/1748 3301/6527/1748
f 3906/6532/1751 3302/6530/1750 3303/6533/1752
f 3906/6532/1751 3303/6533/1752 3605/6534/1752
f 3906/6532/1751 3605/6534/1752 3604/6531/1750
f 3906/6532/1751 3604/6531/1750 3302/6530/1750
f 3907/6535/1753 3303/6533/1752 3304/6536/1754
f 3907/6535/1753 3304/6536/1754 3606/6537/1754
f 3907/6535/1753 3606/6537/1754 3605/6534/1752
f 3907/6535/1753 3605/6534/1752 3303/6533/1752
f 3908/6538/1755 3304/6536/1754 3305/6539/1756
f 3908/6538/1755 3305/6539/1756 3607/6540/1756
f 3908/6538/1755 3607/6540/1756 3606/6537/1754
f 3908/6538/1755 3606/6537/1754 3304/6536/1754
f 3909/6541/1757 3305/6539/1756 3306/6542/1758
f 3909/6541/1757 3306/6542/1758 3608/6543/1758
f 3909/6541/1757 3608/6543/1758 3607/6540/1756
f 3909/6541/1757 3607/6540/1756 3305/6539/1756
f 3910/6544/1759 3306/6542/1758 3307/6545/1760
f 3910/6544/1759 3307/6545/1760 3609/6546/1760
f 3910/6544/1759 3609/6546/1760 3608/6543/1758
f 3910/6544/1759 3608/6543/1758 3306/6542/1758
f 3911/6547/1761 3307/6548/1760 3308/6549/1762
f 3911/6547/1761 3308/6549/1762 3610/6550/1762
f 3911/6547/1761 3610/6550/1762 3609/6551/1760
f 3911/6547/1761 3609/6551/1760 3307/6548/1760
f 3912/6552/1763 3308/6549/1762 3309/6553/1754
f 3912/6552/1763 3309/6553/1754 3611/6554/1754
f 3912/6552/1763 3611/6554/1754 3610/6550/1762
f 3912/6552/1763 3610/6550/1762 3308/6549/1762
f 3913/6555/1764 3309/6553/1754 3310/6556/1752
f 3913/6555/1764 3310/6556/1752 3612/6557/1752
f 3913/6555/1764 3612/6557/1752 3611/6554/1754
f 3913/6555/1764 3611/6554/1754 3309/6553/1754
f 3914/6558/1765 3310/6556/1752 3311/6559/1766
f 3914/6558/1765 3311/6559/1766 3613/6560/1766
f 3914/6558/1765 3613/6560/1766 3612/6557/1752
f 3914/6558/1765 3612/6557/1752 3310/6556/1752
f 3915/6561/1767 3311/6559/1766 3312/6562/1748
f 3915/6561/1767 3312/6562/1748 3614/6563/1748
f 3915/6561/1767 3614/6563/1748 3613/6560/1766
f 3915/6561/1767 3613/6560/1766 3311/6559/1766
f 3916/6564/1768 3312/6562/1748 3313/6565/1746
f 3916/6564/1768 3313/6565/1746 3615/6566/1746
f 3916/6564/1768 3615/6566/1746 3614/6563/1748
f 3916/6564/1768 3614/6563/1748 3312/6562/1748
f 3917/6567/1769 3313/6565/1746 3314/6568/1770
f 3917/6567/1769 3314/6568/1770 3616/6569/1770
f 3917/6567/1769 3616/6569/1770 3615/6566/1746
f 3917/6567/1769 3615/6566/1746 3313/6565/1746
f 3918/6570/1743 3314/6568/1770 3315/6571/1771
f 3918/6570/1743 3315/6571/1771 3617/6572/1771
f 3918/6570/1743 3617/6572/1771 3616/6569/1770
f 3918/6570/1743 3616/6569/1770 3314/6568/1770
f 3919/6573/1772 3315/6571/1771 3316/6574/1773
f 3919/6573/1772 3316/6574/1773 3618/6575/1773
f 3919/6573/1772 3618/6575/1773 3617/6572/1771
f 3919/6573/1772 3617/6572/1771 3315/6571/1771
f 3920/6576/1774 3316/6574/1773 3317/6577/1775
f 3920/6576/1774 3317/6577/1775 3619/6578/1775
f 3920/6576/1774 3619/6578/1775 3618/6575/1773
f 3920/6576/1774 3618/6575/1773 3316/6574/1773
f 3921/6579/1776 3317/6577/1775 3318/6580/1777
f 3921/6579/1776 3318/6580/1777 3620/6581/1777
f 3921/6579/1776 3620/6581/1777 3619/6578/1775
f 3921/6579/1776 3619/6578/1775 3317/6577/1775
f 3922/6582/1778 3318/6580/1777 3319/6583/1779
f 3922/6582/1778 3319/6583/1779 3621/6584/1779
f 3922/6582/1778 3621/6584/1779 3620/6581/1777
f 3922/6582/1778 3620/6581/1777 3318/6580/1777
f 3923/6585/1780 3319/6583/1779 3320/6586/1781
f 3923/6585/1780 3320/6586/1781 3622/6587/1781
f 3923/6585/1780 3622/6587/1781 3621/6584/1779
f 3923/6585/1780 3621/6584/1779 3319/6583/1779
f 3924/6588/1782 3320/6586/1781 3321/6589/1783
f 3924/6588/1782 3321/6589/1783 3623/6590/1783
f 3924/6588/1782 3623/6590/1783 3622/6587/1781
f 3924/6588/1782 3622/6587/1781 3320/6586/1781
f 3925/6591/1784 3321/6589/1783 3322/6592/1785
f 3925/6591/1784 3322/6592/1785 3624/6593/1785
f 3925/6591/1784 3624/6593/1785 3623/6590/1783
f 3925/6591/1784 3623/6590/1783 3321/6589/1783
f 3926/6594/1726 3322/6592/1785 3323/6595/1786
f 3926/6594/1726 3323/6595/1786 3625/6596/1786
f 3926/6594/1726 3625/6596/1786 3624/6593/1785
f 3926/6594/1726 3624/6593/1785 3322/6592/1785
f 3927/6597/590 3323/6595/1786 3324/6598/1702
f 3927/6597/590 3324/6598/1702 3626/6599/1702
f 3927/6597/590 3626/6599/1702 3625/6596/1786
f 3927/6597/590 3625/6596/1786 3323/6595/1786
f 3928/6600/1306 3324/6598/1702 3325/6601/593
f 3928/6600/1306 3325/6601/593 3627/6602/593
f 3928/6600/1306 3627/6602/593 3626/6599/1702
f 3928/6600/1306 3626/6599/1702 3324/6598/1702
f 3929/6603/342 3325/6601/593 3326/6604/343
f 3929/6603/342 3326/6604/343 3628/6605/343
f 3929/6603/342 3628/6605/343 3627/6602/593
f 3929/6603/342 3627/6602/593 3325/6601/593
f 3930/6606/595 3326/6604/343 3025/6607/345
f 3930/6606/595 3025/6607/345 3327/6608/345
f 3930/6606/595 3327/6608/345 3628/6605/343
f 3930/6606/595 3628/6605/343 3326/6604/343
usemtl pink1
f 254/1/1 263/2/1 264/3/2
f 253/8/2 264/3/2 265/9/2
f 250/10/2 268/11/2 249/12/2
f 250/10/2 267/15/2 268/11/2
f 265/9/2 266/14/1 252/16/2
f 269/17/2 249/12/2 268/11/2
f 254/1/1 264/3/2 253/8/2
f 252/16/2 253/8/2 265/9/2
f 251/13/2 267/15/2 250/10/2
f 248/22/2 269/17/2 270/23/2
f 273/24/1 274/25/1 244/26/2
f 246/27/2 271/28/2 272/29/1
f 245/30/2 272/29/1 273/24/1
f 274/25/1 275/31/1 243/32/2
f 276/33/2 277/34/2 240/35/2
f 276/33/2 242/40/2 275/31/1
f 283/42/2 284/43/2 277/34/2
f 286/44/1 277/34/2 285/45/2
f 286/44/1 287/46/2 277/34/2
f 289/47/2 277/34/2 288/48/2
f 290/49/1 277/34/2 289/47/2
f 291/50/1 240/35/2 290/49/1
f 277/34/2 290/49/1 240/35/2
f 271/28/2 247/51/2 270/23/2
f 292/52/2 240/35/2 291/50/1
f 247/51/2 271/28/2 246/27/2
f 246/27/2 272/29/1 245/30/2
f 245/30/2 273/24/1 244/26/2
f 270/23/2 247/51/2 248/22/2
f 243/32/2 244/26/2 274/25/1
f 242/40/2 243/32/2 275/31/1
f 276/33/2 241/53/2 242/40/2
f 240/35/2 293/54/2 239/55/2
f 269/17/2 248/22/2 249/12/2
f 239/55/2 230/64/3 231/63/2
f 239/55/2 229/65/1 230/64/3
f 241/53/2 276/33/2 240/35/2
f 227/67/1 239/55/2 226/68/2
f 226/68/2 207/69/2 225/70/2
f 207/69/2 223/71/1 224/72/1
f 207/69/2 224/72/1 225/70/2
f 220/73/2 221/74/2 207/69/2
f 219/76/1 207/69/2 218/77/1
f 220/73/2 207/69/2 219/76/1
f 207/69/2 222/75/2 223/71/1
f 239/55/2 227/67/1 228/66/1
f 215/78/2 207/69/2 214/80/1
f 216/79/2 217/82/2 207/69/2
f 207/69/2 226/68/2 239/55/2
f 3061/88/6 3303/89/6 3302/90/6 3062/91/6
f 293/54/2 240/35/2 292/52/2
f 296/92/2 297/93/2 207/69/2
f 295/94/2 296/92/2 207/69/2
f 294/95/2 295/94/2 207/69/2
f 300/96/2 207/69/2 299/97/2
f 303/98/1 207/69/2 302/99/2
f 302/99/2 207/69/2 301/100/2
f 301/100/2 207/69/2 300/96/2
f 297/93/2 298/101/2 207/69/2
f 305/102/1 207/69/2 304/103/2
f 308/104/2 207/69/2 307/105/2
f 307/105/2 207/69/2 306/106/1
f 306/106/1 207/69/2 305/102/1
f 207/69/2 310/107/1 206/108/2
f 309/109/1 310/107/1 207/69/2
f 206/108/2 310/107/1 311/110/2
f 313/112/2 206/108/2 311/110/2
f 308/104/2 309/109/1 207/69/2
f 304/103/2 207/69/2 303/98/1
f 206/108/2 314/113/1 315/114/1
f 316/115/2 317/116/2 206/108/2
f 316/115/2 206/108/2 315/114/1
f 206/108/2 317/116/2 318/117/2
f 319/118/1 320/119/1 206/108/2
f 320/119/1 321/120/1 206/108/2
f 323/121/1 206/108/2 322/122/2
f 319/118/1 206/108/2 318/117/2
f 206/108/2 323/121/1 324/123/1
f 325/124/1 326/125/1 206/108/2
f 327/126/2 328/127/2 206/108/2
f 327/126/2 206/108/2 326/125/1
f 328/127/2 329/128/2 206/108/2
f 330/129/2 331/130/2 206/108/2
f 331/130/2 332/131/1 206/108/2
f 206/108/2 333/132/2 334/133/1
f 332/131/1 333/132/2 206/108/2
f 206/108/2 329/128/2 330/129/2
f 325/124/1 206/108/2 324/123/1
f 206/108/2 313/112/2 314/113/1
f 334/133/1 335/134/1 206/108/2
f 174/143/2 203/144/1 204/145/2
f 206/108/2 337/146/1 338/147/2
f 336/151/2 337/146/1 206/108/2
f 194/141/3 195/152/1 183/153/2
f 176/154/2 201/155/1 202/156/1
f 205/157/1 346/158/2 204/145/2
f 202/156/1 203/144/1 175/159/2
f 345/160/2 205/157/1 206/108/2
f 197/161/2 181/162/3 196/163/2
f 180/164/2 197/161/2 198/165/3
f 178/166/2 199/167/1 200/168/2
f 199/167/1 179/169/2 198/165/3
f 177/170/2 200/168/2 201/155/1
f 195/152/1 196/163/2 182/171/2
f 336/151/2 206/108/2 335/134/1
f 206/108/2 339/172/2 340/173/2
f 206/108/2 341/174/1 342/175/1
f 340/173/2 341/174/1 206/108/2
f 342/175/1 343/176/2 206/108/2
f 206/108/2 344/177/2 345/160/2
f 205/157/1 345/160/2 346/158/2
f 174/143/2 175/159/2 203/144/1
f 174/143/2 204/145/2 346/158/2
f 344/177/2 206/108/2 343/176/2
f 176/154/2 202/156/1 175/159/2
f 195/152/1 182/171/2 183/153/2
f 178/166/2 179/169/2 199/167/1
f 180/164/2 198/165/3 179/169/2
f 180/164/2 181/162/3 197/161/2
f 200/168/2 177/170/2 178/166/2
f 176/154/2 177/170/2 201/155/1
f 339/172/2 206/108/2 338/147/2
f 299/97/2 207/69/2 298/101/2
f 88/181/6 83/182/8 89/183/7
f 82/184/6 90/178/7 89/183/7
f 95/187/7 77/188/7 76/189/7
f 93/190/7 78/191/7 94/192/7
f 94/192/7 77/188/7 95/187/7
f 76/189/7 96/194/7 95/187/7
f 93/190/7 79/193/6 78/191/7
f 81/179/8 90/178/7 82/184/6
f 94/192/7 78/191/7 77/188/7
f 96/194/7 75/199/7 97/200/6
f 101/201/7 100/202/7 71/203/6
f 98/204/6 73/205/7 99/206/7
f 99/206/7 72/207/7 100/202/7
f 102/208/7 101/201/7 70/209/6
f 104/210/7 103/211/7 67/212/7
f 69/217/7 103/211/7 102/208/7
f 111/219/6 110/220/7 104/210/7
f 114/223/7 113/221/7 104/210/7
f 104/210/7 117/226/7 116/224/7
f 67/212/7 118/227/7 117/226/7
f 117/226/7 104/210/7 67/212/7
f 114/223/7 104/210/7 115/225/6
f 74/228/7 98/204/6 97/200/6
f 67/212/7 119/229/6 118/227/7
f 98/204/6 74/228/7 73/205/7
f 99/206/7 73/205/7 72/207/7
f 100/202/7 72/207/7 71/203/6
f 74/228/7 97/200/6 75/199/7
f 71/203/6 70/209/6 101/201/7
f 70/209/6 69/217/7 102/208/7
f 68/230/7 103/211/7 69/217/7
f 120/231/6 67/212/7 66/232/6
f 75/199/7 96/194/7 76/189/7
f 61/237/7 66/232/6 62/236/6
f 56/242/7 66/232/6 57/241/7
f 66/232/6 56/242/7 55/243/7
f 103/211/7 68/230/7 67/212/7
f 66/232/6 54/244/6 53/245/7
f 34/246/7 53/245/7 52/247/7
f 50/248/7 34/246/7 51/249/7
f 51/249/7 34/246/7 52/247/7
f 48/250/6 47/251/7 34/246/7
f 34/246/7 49/252/6 48/250/6
f 34/246/7 47/251/7 46/253/6
f 49/252/6 34/246/7 50/248/7
f 42/255/7 34/246/7 43/256/7
f 34/246/7 41/257/7 40/258/7
f 45/254/7 44/259/7 34/246/7
f 53/245/7 34/246/7 66/232/6
f 293/54/2 294/95/2 207/69/2 239/55/2
f 67/212/7 120/231/6 119/229/6
f 124/265/7 123/266/7 34/246/7
f 123/266/7 122/267/7 34/246/7
f 122/267/7 121/268/7 34/246/7
f 34/246/7 127/269/7 126/270/6
f 34/246/7 130/271/7 129/272/6
f 34/246/7 129/272/6 128/273/7
f 34/246/7 128/273/7 127/269/7
f 125/274/6 124/265/7 34/246/7
f 34/246/7 132/275/7 131/276/6
f 34/246/7 135/277/6 134/278/6
f 34/246/7 134/278/6 133/279/7
f 34/246/7 133/279/7 132/275/7
f 137/280/7 34/246/7 33/281/7
f 137/280/7 136/282/7 34/246/7
f 137/280/7 33/281/7 138/284/6
f 33/281/7 140/285/6 138/284/6
f 136/282/7 135/277/6 34/246/7
f 34/246/7 131/276/6 130/271/7
f 141/286/7 33/281/7 142/287/7
f 144/288/6 143/289/7 33/281/7
f 33/281/7 143/289/7 142/287/7
f 144/288/6 33/281/7 145/290/6
f 147/291/7 146/292/7 33/281/7
f 148/293/7 147/291/7 33/281/7
f 33/281/7 150/294/6 149/295/6
f 148/293/7 33/281/7 149/295/6
f 33/281/7 146/292/7 145/290/6
f 150/294/6 33/281/7 151/296/6
f 153/297/7 152/298/7 33/281/7
f 155/299/7 154/300/6 33/281/7
f 33/281/7 154/300/6 153/297/7
f 156/301/7 155/299/7 33/281/7
f 158/302/6 157/303/6 33/281/7
f 159/304/7 158/302/6 33/281/7
f 160/305/7 33/281/7 161/306/7
f 160/305/7 159/304/7 33/281/7
f 156/301/7 33/281/7 157/303/6
f 33/281/7 152/298/7 151/296/6
f 140/285/6 33/281/7 141/286/7
f 162/307/7 161/306/7 33/281/7
f 20/311/8 19/312/6 12/313/6
f 11/314/8 21/315/7 20/311/8
f 30/316/7 1/317/7 31/318/6
f 164/319/7 33/281/7 165/320/7
f 164/319/7 163/324/6 33/281/7
f 28/327/7 3/328/6 29/329/7
f 173/330/7 32/331/6 31/318/6
f 30/316/7 29/329/7 2/332/6
f 32/331/6 172/333/7 33/281/7
f 8/334/7 24/335/6 23/336/8
f 24/335/6 7/337/8 25/338/7
f 26/339/7 5/340/7 27/341/6
f 27/341/6 4/343/7 28/327/7
f 33/281/7 163/324/6 162/307/7
f 166/345/7 33/281/7 167/346/6
f 168/347/7 33/281/7 169/348/7
f 168/347/7 167/346/6 33/281/7
f 170/349/7 169/348/7 33/281/7
f 171/350/6 33/281/7 172/333/7
f 172/333/7 32/331/6 173/330/7
f 2/332/6 1/317/7 30/316/7
f 31/318/6 1/317/7 173/330/7
f 33/281/7 171/350/6 170/349/7
f 29/329/7 3/328/6 2/332/6
f 12/313/6 19/312/6 13/309/8
f 6/342/6 5/340/7 26/339/7
f 25/338/7 7/337/8 6/342/6
f 9/344/6 8/334/7 23/336/8
f 8/334/7 7/337/8 24/335/6
f 4/343/7 27/341/6 5/340/7
f 4/343/7 3/328/6 28/327/7
f 33/281/7 166/345/7 165/320/7
f 34/246/7 126/270/6 125/274/6
f 761/881/2 762/882/2 755/883/2
f 756/880/2 761/881/2 755/883/2
f 754/884/2 762/882/2 763/885/2
f 751/886/2 752/887/2 765/888/2
f 766/889/2 750/890/2 751/886/2
f 764/891/2 752/887/2 753/892/1
f 755/883/2 762/882/2 754/884/2
f 749/893/1 750/890/2 767/894/2
f 749/893/1 767/894/2 748/895/1
f 753/892/1 754/884/2 763/885/2
f 748/895/1 767/894/2 747/896/2
f 763/885/2 764/891/2 753/892/1
f 767/894/2 750/890/2 766/889/2
f 765/888/2 766/889/2 751/886/2
f 746/897/1 747/896/2 767/894/2
f 743/900/1 746/897/1 742/901/2
f 733/903/2 746/897/1 714/904/2
f 764/891/2 765/888/2 752/887/2
f 740/905/2 746/897/1 739/906/2
f 738/907/1 739/906/2 746/897/1
f 735/910/1 736/909/3 746/897/1
f 734/911/2 735/910/1 746/897/1
f 746/897/1 733/903/2 734/911/2
f 571/912/7 626/913/7 625/914/7 604/915/7
f 728/916/2 729/917/2 714/904/2
f 727/918/2 728/916/2 714/904/2
f 730/919/1 714/904/2 729/917/2
f 726/920/1 714/904/2 725/921/1
f 723/922/2 724/923/2 714/904/2
f 724/923/2 725/921/1 714/904/2
f 727/918/2 714/904/2 726/920/1
f 714/904/2 730/919/1 731/924/2
f 721/925/2 714/904/2 720/926/2
f 714/904/2 722/928/2 723/922/2
f 731/924/2 732/933/2 714/904/2
f 714/904/2 732/933/2 733/903/2
f 712/934/2 713/935/2 768/936/2
f 746/897/1 713/935/2 714/904/2
f 768/936/2 709/937/2 710/938/1
f 768/936/2 707/939/1 708/940/2
f 768/936/2 706/941/1 707/939/1
f 708/940/2 709/937/2 768/936/2
f 712/934/2 768/936/2 711/942/2
f 800/943/1 704/944/2 705/945/2
f 800/943/1 702/946/2 703/947/2
f 703/947/2 704/944/2 800/943/1
f 800/943/1 700/948/2 701/949/2
f 800/943/1 698/950/1 699/951/2
f 800/943/1 697/952/1 698/950/1
f 699/951/2 700/948/2 800/943/1
f 701/949/2 702/946/2 800/943/1
f 3363/953/2 3605/954/2 3606/955/2 3362/956/2
f 711/942/2 768/936/2 710/938/1
f 768/936/2 772/960/2 773/961/2
f 768/936/2 775/963/1 776/964/2
f 777/965/2 778/966/2 768/936/2
f 779/967/2 780/968/2 768/936/2
f 782/969/2 768/936/2 781/970/2
f 768/936/2 783/971/1 784/972/2
f 782/969/2 783/971/1 768/936/2
f 781/970/2 768/936/2 780/968/2
f 777/965/2 768/936/2 776/964/2
f 768/936/2 784/972/2 785/973/2
f 768/936/2 786/974/1 787/975/2
f 768/936/2 787/975/2 800/943/1
f 787/975/2 788/976/2 800/943/1
f 800/943/1 789/977/2 790/978/1
f 790/978/1 791/979/3 800/943/1
f 788/976/2 789/977/2 800/943/1
f 797/985/2 800/943/1 796/984/2
f 697/952/1 801/988/2 696/989/2
f 697/952/1 800/943/1 801/988/2
f 785/973/2 786/974/1 768/936/2
f 679/990/1 801/988/2 802/991/2
f 694/992/2 680/993/2 693/994/1
f 693/994/1 680/993/2 692/995/1
f 689/999/2 680/993/2 688/1000/2
f 690/997/1 680/993/2 689/999/2
f 680/993/2 691/998/2 692/995/1
f 695/996/2 696/989/2 680/993/2
f 686/1002/2 687/1004/2 680/993/2
f 801/988/2 679/990/1 680/993/2
f 696/989/2 801/988/2 680/993/2
f 674/1008/2 666/1009/1 667/1010/1
f 665/1013/1 666/1009/1 675/1014/2
f 662/1015/2 663/1016/2 678/1017/1
f 665/1013/1 676/1018/2 664/1019/1
f 664/1019/1 677/1020/2 663/1016/2
f 662/1015/2 678/1017/1 679/990/1
f 668/1011/2 669/1021/1 672/1022/2
f 675/1014/2 676/1018/2 665/1013/1
f 676/1018/2 677/1020/2 664/1019/1
f 677/1020/2 678/1017/1 663/1016/2
f 668/1011/2 672/1022/2 673/1012/2
f 674/1008/2 675/1014/2 666/1009/1
f 662/1015/2 679/990/1 803/1025/2
f 803/1025/2 679/990/1 802/991/2
f 614/1029/6 618/1030/6 615/1028/8
f 620/1031/7 619/1032/7 613/1033/6
f 619/1032/7 614/1029/6 613/1033/6
f 619/1032/7 618/1030/6 614/1029/6
f 620/1031/7 612/1034/7 621/1035/7
f 610/1036/7 609/1037/7 623/1038/7
f 608/1039/7 624/1040/6 609/1037/7
f 610/1036/7 622/1041/7 611/1042/7
f 620/1031/7 613/1033/6 612/1034/7
f 608/1039/7 607/1043/7 625/914/7
f 625/914/7 607/1043/7 606/1044/7
f 612/1034/7 611/1042/7 621/1035/7
f 625/914/7 606/1044/7 605/1045/7
f 622/1041/7 621/1035/7 611/1042/7
f 608/1039/7 625/914/7 624/1040/6
f 624/1040/6 623/1038/7 609/1037/7
f 605/1045/7 604/915/7 625/914/7
f 604/915/7 591/1051/6 572/1052/7
f 623/1038/7 622/1041/7 610/1036/7
f 604/915/7 598/1053/8 597/1054/6
f 597/1054/6 596/1055/7 604/915/7
f 594/1057/7 593/1058/7 604/915/7
f 593/1058/7 592/1059/7 604/915/7
f 591/1051/6 604/915/7 592/1059/7
f 2703/1060/7 2356/1061/7 2355/1062/7 2719/1063/7
f 587/1064/6 586/1065/7 572/1052/7
f 572/1052/7 588/1067/7 587/1064/6
f 572/1052/7 584/1068/6 583/1069/7
f 582/1070/7 581/1071/7 572/1052/7
f 572/1052/7 585/1066/7 584/1068/6
f 588/1067/7 572/1052/7 589/1072/7
f 572/1052/7 578/1074/7 577/1075/7
f 579/1073/7 572/1052/7 580/1076/7
f 590/1081/6 589/1072/7 572/1052/7
f 590/1081/6 572/1052/7 591/1051/6
f 571/912/7 570/1082/7 626/913/7
f 571/912/7 604/915/7 572/1052/7
f 567/1083/7 626/913/7 568/1084/7
f 565/1085/7 626/913/7 566/1086/6
f 564/1087/7 626/913/7 565/1085/7
f 567/1083/7 566/1086/6 626/913/7
f 626/913/7 570/1082/7 569/1088/7
f 562/1089/7 658/1090/7 563/1091/7
f 560/1092/7 658/1090/7 561/1093/7
f 562/1089/7 561/1093/7 658/1090/7
f 558/1094/7 658/1090/7 559/1095/7
f 556/1096/7 658/1090/7 557/1097/7
f 555/1098/7 658/1090/7 556/1096/7
f 558/1094/7 557/1097/7 658/1090/7
f 560/1092/7 559/1095/7 658/1090/7
f 706/941/1 768/936/2 800/943/1 705/945/2
f 626/913/7 569/1088/7 568/1084/7
f 632/1103/7 631/1104/6 626/913/7
f 626/913/7 637/1109/6 636/1107/7
f 638/1110/6 637/1109/6 626/913/7
f 626/913/7 640/1111/7 639/1112/6
f 641/1113/7 626/913/7 642/1114/7
f 626/913/7 635/1108/7 634/1106/7
f 642/1114/7 626/913/7 643/1115/7
f 644/1116/7 626/913/7 645/1117/7
f 645/1117/7 626/913/7 658/1090/7
f 646/1118/6 645/1117/7 658/1090/7
f 649/1121/7 648/1120/7 658/1090/7
f 647/1119/8 646/1118/6 658/1090/7
f 659/1130/7 555/1098/7 554/1131/7
f 658/1090/7 555/1098/7 659/1130/7
f 644/1116/7 643/1115/7 626/913/7
f 659/1130/7 537/1132/7 660/1133/7
f 538/1134/7 552/1135/7 551/1136/7
f 538/1134/7 551/1136/7 550/1137/7
f 552/1135/7 538/1134/7 553/1138/7
f 548/1139/7 538/1134/7 549/1140/6
f 538/1134/7 546/1142/7 545/1146/6
f 537/1132/7 659/1130/7 538/1134/7
f 659/1130/7 554/1131/7 538/1134/7
f 524/1150/7 532/1151/6 525/1152/7
f 526/1153/7 525/1152/7 531/1154/7
f 524/1150/7 523/1155/7 533/1156/6
f 521/1157/6 520/1158/6 536/1159/7
f 534/1160/7 523/1155/7 522/1161/7
f 535/1162/7 522/1161/7 521/1157/6
f 536/1159/7 520/1158/6 537/1132/7
f 534/1160/7 533/1156/6 523/1155/7
f 535/1162/7 534/1160/7 522/1161/7
f 536/1159/7 535/1162/7 521/1157/6
f 532/1151/6 531/1154/7 525/1152/7
f 533/1156/6 532/1151/6 524/1150/7
f 537/1132/7 520/1158/6 661/1167/7
f 537/1132/7 661/1167/7 660/1133/7
f 1164/1607/2 1165/1608/1 1157/1609/2
f 1155/1611/2 1165/1608/1 1166/1612/1
f 1152/1613/2 1153/1614/3 1142/1615/2
f 1154/1618/1 1142/1615/2 1153/1614/3
f 1158/1610/2 1164/1607/2 1157/1609/2
f 1165/1608/1 1155/1611/2 1156/1619/2
f 1143/1616/1 1150/1620/1 1151/1617/2
f 1142/1615/2 1154/1618/1 1166/1612/1
f 1201/1621/2 1177/1622/2 1178/1623/2
f 1176/1624/2 1177/1622/2 1138/1625/1
f 973/1626/7 1070/1627/6 998/1628/7 997/1629/7
f 1201/1621/2 1181/1630/2 1182/1631/1
f 1180/1632/2 1201/1621/2 1179/1633/2
f 1201/1621/2 1180/1632/2 1181/1630/2
f 1179/1633/2 1201/1621/2 1178/1623/2
f 1169/1634/2 1170/1635/1 1141/1636/1
f 1098/1637/2 1099/1638/2 1209/1639/1 1210/1640/2
f 1169/1634/2 1141/1636/1 1168/1641/2
f 1106/1642/1 1107/1643/1 1207/1644/1 1208/1645/1
f 1005/1646/7 1004/1647/6 1037/1648/7 1036/1649/7
f 1171/1650/1 1172/1651/1 1141/1636/1
f 1174/1652/2 1140/1653/2 1173/1654/1
f 1170/1635/1 1171/1650/1 1141/1636/1
f 1176/1624/2 1139/1655/2 1175/1656/2
f 1141/1636/1 1167/1657/1 1168/1641/2
f 1148/1660/2 1149/1662/2 1144/1663/3
f 1143/1616/1 1144/1663/3 1150/1620/1
f 1142/1615/2 1143/1616/1 1152/1613/2
f 1138/1625/1 1139/1655/2 1176/1624/2
f 1066/1664/6 1001/1665/7 1000/1666/6 1067/1667/6
f 1068/1668/7 999/1669/7 998/1628/7 1069/1670/6
f 3200/1671/7 3272/1672/7 3271/1673/7 3201/1674/7
f 1067/1667/6 1000/1666/6 999/1669/7 1068/1668/7
f 1137/1675/1 1138/1625/1 1202/1676/2
f 1125/1682/2 1132/1683/1 1116/1684/2
f 1131/1679/1 1132/1683/1 1126/1689/2
f 997/1629/7 996/1690/7 980/1691/7 979/1692/7
f 1124/1688/2 1125/1682/2 1116/1684/2
f 1123/1696/1 1124/1688/2 1117/1686/2
f 1183/1697/2 1201/1621/2 1182/1631/1
f 1192/1705/1 1193/1706/2 1184/1707/2
f 1191/1704/1 1192/1705/1 1185/1703/1
f 1199/1710/1 1194/1708/1 1195/1711/1
f 1200/1709/2 1194/1708/1 1199/1710/1
f 1200/1709/2 1184/1707/2 1193/1706/2
f 2367/1715/7 2366/1716/7 2669/1717/7 2668/1718/7
f 971/1719/7 970/1720/7 1072/1721/7 1071/1722/7
f 1206/1723/2 1207/1644/1 1108/1724/2
f 1205/1725/2 1206/1723/2 1134/1726/2
f 963/1727/7 962/1728/7 1074/1729/7 1073/1730/7
f 1084/1731/3 1210/1640/2 1211/1732/2
f 1216/1739/3 1212/1733/2 1213/1735/2
f 969/1740/7 968/1741/7 1073/1730/7 1072/1721/7
f 1103/1742/2 1104/1743/1 1209/1639/1
f 1105/1744/2 1106/1642/1 1208/1645/1
f 1100/1745/2 1209/1639/1 1099/1638/2
f 1101/1746/2 1102/1747/2 1209/1639/1
f 1100/1745/2 1101/1746/2 1209/1639/1
f 1103/1742/2 1209/1639/1 1102/1747/2
f 1113/1748/1 1133/1749/2 1112/1750/2
f 1115/1751/2 1133/1749/2 1114/1752/1
f 1114/1752/1 1133/1749/2 1113/1748/1
f 1107/1643/1 1108/1724/2 1207/1644/1
f 1111/1753/2 1133/1749/2 1110/1754/2
f 1110/1754/2 1133/1749/2 1109/1755/2
f 1108/1724/2 1109/1755/2 1206/1723/2
f 1133/1749/2 1111/1753/2 1112/1750/2
f 1087/1757/1 1088/1758/3 1097/1759/2
f 1210/1640/2 1086/1756/2 1098/1637/2
f 1083/1760/2 1084/1731/3 1211/1732/2
f 1084/1731/3 1085/1761/1 1210/1640/2
f 1089/1762/2 1097/1759/2 1088/1758/3
f 1097/1759/2 1098/1637/2 1087/1757/1
f 1090/1769/1 1096/1765/2 1089/1762/2
f 1083/1760/2 1211/1732/2 1082/1734/2
f 1028/1776/7 1023/1773/6 1022/1778/6
f 1029/1775/7 1019/1779/6 1030/1780/6
f 1006/1783/7 1018/1786/7 1017/1781/7
f 1028/1776/7 1022/1778/6 1021/1777/7
f 1019/1779/6 1029/1775/7 1020/1787/8
f 1019/1779/6 1018/1786/7 1030/1780/6
f 1018/1786/7 1006/1783/7 1030/1780/6
f 1041/1789/7 1065/1790/7 1042/1791/7
f 1041/1789/7 1040/1792/6 1002/1793/7
f 1177/1622/2 1201/1621/2 1202/1676/2 1138/1625/1
f 1045/1794/6 1065/1790/7 1046/1795/7
f 1065/1790/7 1044/1796/6 1043/1797/7
f 1044/1796/6 1065/1790/7 1045/1794/6
f 1065/1790/7 1043/1797/7 1042/1791/7
f 1034/1798/7 1033/1799/6 1005/1646/7
f 1167/1657/1 1141/1636/1 1142/1615/2 1166/1612/1
f 1005/1646/7 1033/1799/6 1032/1800/6
f 1175/1656/2 1139/1655/2 1140/1653/2 1174/1652/2
f 3085/1801/7 3084/1802/7 3186/1803/7 3185/1804/7
f 1036/1649/7 1035/1805/7 1005/1646/7
f 1004/1647/6 1038/1806/6 1037/1648/7
f 1035/1805/7 1034/1798/7 1005/1646/7
f 1003/1807/6 1040/1792/6 1039/1808/6
f 1031/1809/7 1005/1646/7 1032/1800/6
f 1008/1815/7 1007/1785/7 1014/1788/7
f 1007/1785/7 1006/1783/7 1016/1782/6
f 1003/1807/6 1002/1793/7 1040/1792/6
f 3065/1816/7 3299/1817/7 3298/1818/7 3066/1819/7
f 1137/1675/1 1202/1676/2 1203/1820/2 1136/1821/2
f 1206/1723/2 1109/1755/2 1133/1749/2 1134/1726/2
f 1959/1822/7 1869/1823/7 1868/1824/7 1960/1825/7
f 1002/1793/7 1001/1665/7 1066/1664/6
f 995/1828/7 992/1827/7 991/1830/8
f 996/1690/7 989/1831/6 980/1691/7
f 981/1832/6 980/1691/7 988/1835/7
f 1048/1837/7 1047/1838/7 1065/1790/7 1064/1839/7
f 996/1690/7 990/1836/6 989/1831/6
f 991/1830/8 990/1836/6 995/1828/7
f 985/1842/7 982/1834/6 986/1833/7
f 1065/1790/7 1047/1838/7 1046/1795/7
f 1057/1851/7 1056/1852/7 1048/1837/7
f 1058/1853/7 1057/1851/7 1064/1839/7
f 1049/1849/7 1048/1837/7 1056/1852/7
f 1049/1849/7 1054/1846/8 1050/1845/7
f 1060/1857/6 1063/1854/7 1062/1858/7
f 1048/1837/7 1064/1839/7 1057/1851/7
f 1183/1697/2 1184/1707/2 1200/1709/2 1201/1621/2
f 3487/1859/2 3387/1860/2 3388/1861/2 3486/1862/1
f 1071/1722/7 1070/1627/6 972/1863/7
f 1070/1627/6 1069/1670/6 998/1628/7
f 1360/1864/7 1641/1865/7 1633/1866/7 1361/1867/6
f 1074/1729/7 948/1868/7 1075/1869/6
f 1076/1870/8 1080/1876/7 1077/1873/7
f 1140/1653/2 1141/1636/1 1172/1651/1 1173/1654/1
f 968/1741/7 967/1877/6 1073/1730/7
f 970/1720/7 969/1740/7 1072/1721/7
f 1073/1730/7 964/1878/7 963/1727/7
f 966/1879/6 965/1880/7 1073/1730/7
f 965/1880/7 964/1878/7 1073/1730/7
f 1073/1730/7 967/1877/6 966/1879/6
f 997/1629/7 977/1881/7 976/1882/6
f 997/1629/7 979/1692/7 978/1883/7
f 997/1629/7 978/1883/7 977/1881/7
f 972/1863/7 971/1719/7 1071/1722/7
f 997/1629/7 975/1884/6 974/1885/7
f 997/1629/7 974/1885/7 973/1626/7
f 973/1626/7 972/1863/7 1070/1627/6
f 975/1884/6 997/1629/7 976/1882/6
f 950/1886/7 962/1728/7 951/1887/7
f 950/1886/7 1074/1729/7 962/1728/7
f 949/1891/7 1074/1729/7 950/1886/7
f 961/1889/7 953/1892/6 952/1888/6
f 962/1728/7 961/1889/7 951/1887/7
f 960/1895/7 955/1894/7 954/1899/6
f 1075/1869/6 947/1890/7 946/1871/6
f 1706/2321/2 1707/2322/1 1696/2323/2
f 1698/2324/2 1704/2325/3 1705/2326/1
f 1697/2327/2 1705/2326/1 1706/2321/2
f 1695/2328/2 1707/2322/1 1708/2329/1
f 1696/2323/2 1707/2322/1 1695/2328/2
f 1708/2329/1 1694/2330/2 1695/2328/2
f 1693/2331/2 1694/2330/2 1709/2332/1
f 1706/2321/2 1696/2323/2 1697/2327/2
f 1699/2320/2 1704/2325/3 1698/2324/2
f 1710/2333/1 1692/2334/2 1693/2331/2
f 1697/2327/2 1698/2324/2 1705/2326/1
f 1692/2334/2 1710/2333/1 1691/2335/2
f 1691/2335/2 1710/2333/1 1690/2336/2
f 1694/2330/2 1708/2329/1 1709/2332/1
f 1385/2337/7 1384/2338/7 1632/2339/7 1612/2340/7
f 1453/2341/1 1454/2342/2 1710/2333/1
f 1710/2333/1 1452/2343/2 1453/2341/1
f 1455/2344/2 1710/2333/1 1454/2342/2
f 1711/2345/2 1448/2346/2 1449/2347/2
f 1451/2348/2 1452/2343/2 1710/2333/1
f 1450/2349/2 1451/2348/2 1710/2333/1
f 1449/2347/2 1450/2349/2 1710/2333/1
f 1449/2347/2 1710/2333/1 1711/2345/2
f 1461/2350/2 1690/2336/2 1460/2351/1
f 1464/2352/2 1690/2336/2 1463/2353/2
f 1463/2353/2 1690/2336/2 1462/2354/2
f 1462/2354/2 1690/2336/2 1461/2350/2
f 1455/2344/2 1456/2355/1 1710/2333/1
f 1457/2356/2 1458/2357/2 1710/2333/1
f 1456/2355/1 1457/2356/2 1710/2333/1
f 1690/2336/2 1459/2358/1 1460/2351/1
f 1710/2333/1 1693/2331/2 1709/2332/1
f 1690/2336/2 1464/2352/2 1465/2359/2
f 1688/2360/2 1689/2361/2 1687/2362/2
f 1689/2361/2 1685/2364/2 1686/2363/3
f 1682/2365/2 1683/2366/2 1689/2361/2
f 1689/2361/2 1683/2366/2 1684/2367/1
f 1407/2368/6 1406/2369/7 1611/2370/7 1595/2371/7
f 1690/2336/2 1466/2372/2 1467/2373/2
f 1690/2336/2 1465/2359/2 1466/2372/2
f 1673/2374/2 1680/2375/2 1681/2376/2
f 1679/2377/2 1673/2374/2 1678/2378/2
f 1680/2375/2 1673/2374/2 1679/2377/2
f 1681/2376/2 1682/2365/2 1673/2374/2
f 1676/2379/2 1677/2380/1 1673/2374/2
f 1677/2380/1 1678/2378/2 1673/2374/2
f 1682/2365/2 1689/2361/2 1673/2374/2
f 1467/2373/2 1468/2383/2 1690/2336/2
f 1468/2383/2 1689/2361/2 1690/2336/2
f 1469/2384/1 1470/2385/1 1689/2361/2
f 1468/2383/2 1469/2384/1 1689/2361/2
f 1471/2386/2 1472/2387/2 1689/2361/2
f 1474/2388/2 1475/2389/2 1689/2361/2
f 1473/2390/2 1474/2388/2 1689/2361/2
f 1472/2387/2 1473/2390/2 1689/2361/2
f 1470/2385/1 1471/2386/2 1689/2361/2
f 1476/2391/2 1477/2392/2 1689/2361/2
f 1479/2393/2 1480/2394/2 1689/2361/2
f 1478/2395/2 1479/2393/2 1689/2361/2
f 1477/2392/2 1478/2395/2 1689/2361/2
f 1481/2396/2 1482/2397/2 1673/2374/2
f 1484/2398/2 1485/2399/2 1673/2374/2
f 1483/2400/2 1484/2398/2 1673/2374/2
f 1482/2397/2 1483/2400/2 1673/2374/2
f 1475/2389/2 1476/2391/2 1689/2361/2
f 1486/2401/2 1673/2374/2 1485/2399/2
f 1446/2402/1 1447/2403/1 1711/2345/2
f 1444/2404/2 1445/2405/2 1711/2345/2
f 1446/2402/1 1711/2345/2 1445/2405/2
f 1442/2406/1 1443/2407/1 1711/2345/2
f 1440/2408/2 1441/2409/2 1711/2345/2
f 1439/2410/1 1440/2408/2 1711/2345/2
f 1442/2406/1 1711/2345/2 1441/2409/2
f 1444/2404/2 1711/2345/2 1443/2407/1
f 1437/2411/2 1438/2412/2 1711/2345/2
f 1435/2413/2 1436/2414/2 1711/2345/2
f 3042/2415/7 3307/2416/6 3306/2417/7 3043/2418/7
f 1437/2411/2 1711/2345/2 1436/2414/2
f 1954/2419/7 1953/2420/7 1879/2421/7 1871/2422/7
f 1430/2423/2 1431/2424/2 1728/2425/2
f 1429/2426/2 1430/2423/2 1728/2425/2
f 1432/2427/2 1728/2425/2 1431/2424/2
f 1359/2428/7 1642/2429/6 1641/1865/7 1360/1864/7
f 1439/2410/1 1711/2345/2 1438/2412/2
f 1713/2431/2 1714/2432/1 1711/2345/2
f 1716/2434/1 1717/2435/2 1711/2345/2
f 1719/2436/1 1711/2345/2 1718/2437/1
f 1711/2345/2 1717/2435/2 1718/2437/1
f 1715/2433/2 1716/2434/1 1711/2345/2
f 1728/2425/2 1720/2438/2 1721/2439/2
f 1429/2426/2 1728/2425/2 1428/2440/2
f 1722/2441/2 1728/2425/2 1721/2439/2
f 1722/2441/2 1723/2442/2 1728/2425/2
f 1724/2443/2 1725/2444/2 1728/2425/2
f 1724/2443/2 1728/2425/2 1723/2442/2
f 3193/2447/7 3279/2448/7 3278/2449/7 3194/2450/7
f 1447/2403/1 1448/2346/2 1711/2345/2
f 1495/2451/1 1496/2452/2 1672/2453/2
f 1493/2454/2 1494/2455/2 1672/2453/2
f 1495/2451/1 1672/2453/2 1494/2455/2
f 3302/90/6 3301/2456/7 3063/2457/7 3062/91/6
f 1586/2458/6 1585/2459/7 1424/2460/7 1423/2461/7
f 2590/2462/7 2582/2463/6 2419/2464/7 2418/2465/7
f 1663/2466/2 1498/2467/2 1499/2468/1
f 1489/2469/2 1490/2470/2 1672/2453/2
f 1487/2471/2 1488/2472/2 1672/2453/2
f 1487/2471/2 1672/2453/2 1673/2374/2
f 1489/2469/2 1672/2453/2 1488/2472/2
f 1491/2473/2 1492/2474/2 1672/2453/2
f 1671/2475/2 1664/2476/2 1670/2477/2
f 1672/2453/2 1492/2474/2 1493/2454/2
f 1671/2475/2 1672/2453/2 1664/2476/2
f 1491/2473/2 1672/2453/2 1490/2470/2
f 1487/2471/2 1673/2374/2 1486/2401/2
f 1500/2478/2 1501/2479/2 1729/2480/2
f 1663/2466/2 1729/2480/2 1730/2481/2
f 1731/2484/2 1663/2466/2 1730/2481/2
f 1654/2486/2 1655/2487/3 1663/2466/2
f 1656/2488/2 1663/2466/2 1655/2487/3
f 1731/2484/2 1654/2486/2 1663/2466/2
f 1664/2476/2 1668/2491/1 1669/2493/2
f 1669/2493/2 1670/2477/2 1664/2476/2
f 1659/2485/1 1660/2494/2 1663/2466/2
f 1625/2497/7 1622/2499/7 1621/2501/6
f 1629/2502/7 1628/2503/7 1618/2504/6
f 1627/2507/7 1619/2508/6 1628/2503/7
f 1626/2505/7 1625/2497/7 1621/2501/6
f 1629/2502/7 1617/2509/6 1630/2510/7
f 1629/2502/7 1618/2504/6 1617/2509/6
f 1616/2511/7 1630/2510/7 1617/2509/6
f 1616/2511/7 1615/2512/7 1631/2513/7
f 1618/2504/6 1628/2503/7 1619/2508/6
f 1614/2514/6 1632/2339/7 1615/2512/7
f 1620/2506/6 1619/2508/6 1627/2507/7
f 1632/2339/7 1614/2514/6 1613/2515/6
f 1632/2339/7 1613/2515/6 1612/2340/7
f 1630/2510/7 1616/2511/7 1631/2513/7
f 1958/2516/7 1870/2517/7 1869/1823/7 1959/1822/7
f 1380/2518/6 1379/2519/7 1632/2339/7
f 1378/2520/6 1632/2339/7 1379/2519/7
f 1632/2339/7 1381/2521/7 1380/2518/6
f 1374/2522/7 1633/1866/7 1375/2523/7
f 1378/2520/6 1377/2524/6 1632/2339/7
f 1377/2524/6 1376/2525/7 1632/2339/7
f 1376/2525/7 1375/2523/7 1632/2339/7
f 1632/2339/7 1375/2523/7 1633/1866/7
f 1612/2340/7 1387/2526/7 1386/2527/7
f 1612/2340/7 1390/2528/7 1389/2529/7
f 1612/2340/7 1389/2529/7 1388/2530/7
f 1612/2340/7 1388/2530/7 1387/2526/7
f 1382/2531/7 1381/2521/7 1632/2339/7
f 1384/2338/7 1383/2532/6 1632/2339/7
f 1383/2532/6 1382/2531/7 1632/2339/7
f 1385/2337/7 1612/2340/7 1386/2527/7
f 1615/2512/7 1632/2339/7 1631/2513/7
f 1390/2528/7 1612/2340/7 1391/2533/7
f 1607/2537/8 1611/2370/7 1608/2536/7
f 1605/2538/7 1604/2539/7 1611/2370/7
f 1606/2540/6 1611/2370/7 1607/2537/8
f 1605/2538/7 1611/2370/7 1606/2540/6
f 1864/2541/7 1863/2542/6 1969/2543/7 1961/2544/7
f 1392/2545/7 1612/2340/7 1393/2546/7
f 1391/2533/7 1612/2340/7 1392/2545/7
f 1602/2547/7 1595/2371/7 1603/2548/7
f 1595/2371/7 1601/2549/7 1600/2550/7
f 1595/2371/7 1602/2547/7 1601/2549/7
f 1604/2539/7 1603/2548/7 1595/2371/7
f 1599/2551/7 1598/2552/6 1595/2371/7
f 1611/2370/7 1604/2539/7 1595/2371/7
f 1394/2555/7 1393/2546/7 1612/2340/7
f 1611/2370/7 1394/2555/7 1612/2340/7
f 1396/2556/7 1395/2557/7 1611/2370/7
f 1395/2557/7 1394/2555/7 1611/2370/7
f 1398/2558/6 1397/2559/6 1611/2370/7
f 1401/2560/7 1400/2561/7 1611/2370/7
f 1400/2561/7 1399/2562/7 1611/2370/7
f 1399/2562/7 1398/2558/6 1611/2370/7
f 1397/2559/6 1396/2556/7 1611/2370/7
f 1403/2563/7 1402/2564/7 1611/2370/7
f 1406/2369/7 1405/2565/7 1611/2370/7
f 1405/2565/7 1404/2566/7 1611/2370/7
f 1404/2566/7 1403/2563/7 1611/2370/7
f 1408/2567/6 1407/2368/6 1595/2371/7
f 1411/2568/7 1410/2569/7 1595/2371/7
f 1410/2569/7 1409/2570/7 1595/2371/7
f 1409/2570/7 1408/2567/6 1595/2371/7
f 1402/2564/7 1401/2560/7 1611/2370/7
f 1595/2371/7 1412/2571/6 1411/2568/7
f 1373/2572/7 1372/2573/7 1633/1866/7
f 1371/2574/6 1370/2575/6 1633/1866/7
f 1633/1866/7 1372/2573/7 1371/2574/6
f 1369/2576/7 1368/2577/7 1633/1866/7
f 1367/2578/7 1366/2579/7 1633/1866/7
f 1366/2579/7 1365/2580/7 1633/1866/7
f 1633/1866/7 1368/2577/7 1367/2578/7
f 1633/1866/7 1370/2575/6 1369/2576/7
f 1364/2581/6 1363/2582/6 1633/1866/7
f 1362/2583/6 1361/1867/6 1633/1866/7
f 1719/2436/1 1434/2584/2 1435/2413/2 1711/2345/2
f 1633/1866/7 1363/2582/6 1362/2583/6
f 1720/2438/2 1728/2425/2 1432/2427/2 1433/2585/2
f 1357/2586/6 1356/2587/7 1650/2588/7
f 1356/2587/7 1355/2589/7 1650/2588/7
f 1650/2588/7 1358/2590/6 1357/2586/6
f 3371/2591/2 3597/2592/2 3598/2593/2 3370/2594/2
f 1633/1866/7 1365/2580/7 1364/2581/6
f 1634/2595/7 1633/1866/7 1635/2596/6
f 1636/2597/7 1633/1866/7 1637/2598/6
f 1639/2599/6 1638/2600/7 1633/1866/7
f 1633/1866/7 1641/1865/7 1640/2601/7
f 1639/2599/6 1633/1866/7 1640/2601/7
f 1638/2600/7 1637/2598/6 1633/1866/7
f 1642/2429/6 1650/2588/7 1643/2602/8
f 1650/2588/7 1355/2589/7 1354/2603/7
f 1650/2588/7 1644/2604/7 1643/2602/8
f 1645/2605/7 1644/2604/7 1650/2588/7
f 1647/2606/7 1646/2607/6 1650/2588/7
f 1650/2588/7 1648/2609/7 1647/2606/7
f 1728/2425/2 1729/2480/2 1501/2479/2 1428/2440/2
f 1374/2522/7 1373/2572/7 1633/1866/7
f 1422/2610/7 1421/2611/7 1594/2612/7
f 1420/2613/6 1419/2614/7 1594/2612/7
f 1594/2612/7 1421/2611/7 1420/2613/6
f 1729/2480/2 1663/2466/2 1499/2468/1 1500/2478/2
f 2419/2464/7 2582/2463/6 2581/2615/7 2420/2616/7
f 1496/2452/2 1497/2617/2 1664/2476/2 1672/2453/2
f 1424/2460/7 1585/2459/7 1425/2618/7
f 1416/2619/7 1415/2620/7 1594/2612/7
f 1414/2621/7 1413/2622/7 1594/2612/7
f 1594/2612/7 1413/2622/7 1595/2371/7
f 1594/2612/7 1415/2620/7 1414/2621/7
f 1418/2623/6 1417/2624/6 1594/2612/7
f 1586/2458/6 1593/2625/7 1592/2626/6
f 1418/2623/6 1594/2612/7 1419/2614/7
f 1594/2612/7 1593/2625/7 1586/2458/6
f 1594/2612/7 1417/2624/6 1416/2619/7
f 1595/2371/7 1413/2622/7 1412/2571/6
f 1427/2627/7 1426/2628/7 1651/2629/7
f 1651/2629/7 1585/2459/7 1652/2630/7
f 1579/2631/7 1585/2459/7 1580/2632/7
f 1585/2459/7 1653/2633/6 1652/2630/7
f 1577/2635/7 1576/2636/8 1585/2459/7
f 1585/2459/7 1578/2637/8 1577/2635/7
f 1576/2636/8 1653/2633/6 1585/2459/7
f 1586/2458/6 1590/2640/7 1589/2641/6
f 1583/2643/7 1582/2644/7 1585/2459/7
f 1592/2626/6 1591/2642/7 1586/2458/6
f 2086/3110/2 2090/3111/1 2091/3112/2
f 2085/3116/2 2091/3112/2 2092/3117/2
f 2081/3118/2 2095/3119/1 2096/3120/2
f 2080/3121/2 2096/3120/2 2097/3122/2
f 2083/3123/2 2093/3124/1 2094/3125/1
f 2082/3126/2 2094/3125/1 2095/3119/1
f 2093/3124/1 2084/3127/1 2092/3117/2
f 2077/3128/2 2097/3122/2 2098/3129/2
f 2083/3123/2 2094/3125/1 2082/3126/2
f 2095/3119/1 2081/3118/2 2082/3126/2
f 2081/3118/2 2096/3120/2 2080/3121/2
f 2093/3124/1 2083/3123/2 2084/3127/1
f 2086/3110/2 2087/3113/2 2090/3111/1
f 2091/3112/2 2085/3116/2 2086/3110/2
f 2079/3130/1 2080/3121/2 2097/3122/2
f 2084/3127/1 2085/3116/2 2092/3117/2
f 2097/3122/2 2078/3131/1 2079/3130/1
f 2097/3122/2 2077/3128/2 2078/3131/1
f 2098/3129/2 2114/3132/2 2077/3128/2
f 2100/3133/2 2101/3134/1 2098/3129/2
f 2103/3135/2 2098/3129/2 2102/3136/2
f 2103/3135/2 2104/3137/1 2098/3129/2
f 2106/3138/2 2098/3129/2 2105/3139/2
f 2107/3140/1 2098/3129/2 2106/3138/2
f 2114/3132/2 2107/3140/1 2108/3141/1
f 2098/3129/2 2107/3140/1 2114/3132/2
f 2105/3139/2 2098/3129/2 2104/3137/1
f 2114/3132/2 2108/3141/1 2109/3142/2
f 2114/3132/2 2110/3143/1 2111/3144/2
f 2077/3128/2 2114/3132/2 2115/3146/2
f 2114/3132/2 2112/3145/3 2113/3147/2
f 2118/3148/2 2077/3128/2 2117/3149/1
f 2117/3149/1 2077/3128/2 2116/3150/2
f 2076/3151/2 2119/3152/2 2120/3153/2
f 2076/3151/2 2118/3148/2 2119/3152/2
f 2077/3128/2 2118/3148/2 2076/3151/2
f 2116/3150/2 2077/3128/2 2115/3146/2
f 2076/3151/2 2120/3153/2 2121/3155/2
f 2076/3151/2 2073/3158/3 2074/3157/2
f 2076/3151/2 2071/3160/3 2072/3159/2
f 2125/3161/1 2076/3151/2 2124/3162/2
f 2124/3162/2 2076/3151/2 2123/3163/1
f 2071/3160/3 2076/3151/2 2070/3164/1
f 2076/3151/2 2125/3161/1 2126/3165/1
f 3533/3166/2 3570/3167/2 3571/3168/2 3532/3169/2
f 2123/3163/1 2076/3151/2 2122/3170/1
f 2076/3151/2 2121/3155/2 2122/3170/1
f 2060/3171/2 2068/3172/1 2069/3173/2
f 2067/3174/2 2060/3171/2 2066/3175/2
f 2068/3172/1 2060/3171/2 2067/3174/2
f 2070/3164/1 2076/3151/2 2069/3173/2
f 2064/3176/2 2060/3171/2 2063/3177/1
f 2060/3171/2 2064/3176/2 2065/3178/2
f 2065/3178/2 2066/3175/2 2060/3171/2
f 2076/3151/2 2060/3171/2 2069/3173/2
f 2076/3151/2 2126/3165/1 2127/3181/2
f 2129/3182/2 2076/3151/2 2128/3183/2
f 2131/3184/2 2060/3171/2 2130/3185/2
f 3195/3186/6 3277/3187/6 3276/3188/6 3196/3189/6
f 2050/3190/1 2137/3191/2 2138/3192/2
f 2050/3190/1 2135/3193/1 2136/3194/1
f 1954/2419/7 1871/2422/7 1870/2517/7 1955/3195/7
f 2136/3194/1 2137/3191/2 2050/3190/1
f 2132/3196/2 2133/3197/2 2059/3198/2
f 1423/2461/7 1422/2610/7 1594/2612/7 1586/2458/6
f 2058/3199/2 2051/3200/2 2057/3201/2
f 2059/3198/2 2051/3200/2 2058/3199/2
f 658/1090/7 626/913/7 564/1087/7 563/1091/7
f 2051/3200/2 2055/3205/1 2056/3206/2
f 2055/3205/1 2051/3200/2 2054/3204/1
f 2051/3200/2 2056/3206/2 2057/3201/2
f 3064/3207/7 3300/3208/7 3299/1817/7 3065/1816/7
f 2128/3183/2 2076/3151/2 2127/3181/2
f 2141/3211/2 2142/3212/2 2143/3213/1
f 2141/3211/2 2143/3213/1 2144/3209/2
f 2145/3210/2 2146/3214/2 2141/3211/2
f 2147/3215/2 2148/3216/2 2141/3211/2
f 2148/3216/2 2149/3217/2 2141/3211/2
f 3298/1818/7 3297/3218/7 3067/3219/7 3066/1819/7
f 767/894/2 768/936/2 713/935/2 746/897/1
f 2146/3214/2 2147/3215/2 2141/3211/2
f 3596/3220/1 3597/2592/2 3371/2591/2 3372/3221/1
f 2043/3222/2 2149/3217/2 2042/3223/2
f 2047/3224/2 2140/3225/2 2046/3226/2
f 2048/3227/2 2140/3225/2 2047/3224/2
f 2166/3228/1 2039/3229/1 2040/3230/2
f 3490/3231/2 3384/3232/2 3385/3233/1 3489/3234/1
f 2038/3235/1 2039/3229/1 2166/3228/1
f 2140/3225/2 2045/3236/2 2046/3226/2
f 2153/3240/2 2150/3237/2 2152/3239/2
f 2150/3237/2 2154/3241/2 2155/3242/2
f 2156/3243/1 2157/3244/2 2150/3237/2
f 2157/3244/2 2158/3245/2 2150/3237/2
f 2159/3246/1 2166/3228/1 2150/3237/2
f 2150/3237/2 2158/3245/2 2159/3246/1
f 2156/3243/1 2150/3237/2 2155/3242/2
f 2166/3228/1 2159/3246/1 2160/3247/1
f 2036/3248/2 2037/3249/2 2166/3228/1
f 2035/3250/2 2036/3248/2 2166/3228/1
f 2033/3251/1 2034/3252/2 2166/3228/1
f 2032/3253/1 2033/3251/1 2166/3228/1
f 2035/3250/2 2166/3228/1 2034/3252/2
f 2166/3228/1 2161/3254/2 2162/3255/1
f 2166/3228/1 2162/3255/1 2163/3256/2
f 2164/3257/3 2165/3258/2 2166/3228/1
f 2037/3249/2 2038/3235/1 2166/3228/1
f 2160/3247/1 2161/3254/2 2166/3228/1
f 2032/3253/1 2166/3228/1 2031/3259/2
f 2031/3259/2 2166/3228/1 2030/3260/1
f 2029/3261/1 2166/3228/1 2028/3262/2
f 2167/3263/2 2026/3264/2 2027/3265/2
f 2166/3228/1 2029/3261/1 2030/3260/1
f 2167/3263/2 2024/3266/2 2025/3267/1
f 2021/3268/3 2024/3266/2 2020/3269/1
f 2022/3270/2 2024/3266/2 2021/3268/3
f 2024/3266/2 2008/3272/2 2017/3273/2
f 2025/3267/1 2026/3264/2 2167/3263/2
f 2024/3266/2 2017/3273/2 2018/3275/2
f 2016/3276/1 2017/3273/2 2008/3272/2
f 2019/3274/3 2024/3266/2 2018/3275/2
f 2012/3277/2 2013/3278/1 2008/3272/2
f 2014/3279/2 2008/3272/2 2013/3278/1
f 2012/3277/2 2008/3272/2 2011/3280/1
f 2008/3272/2 2014/3279/2 2015/3282/2
f 2008/3272/2 2015/3282/2 2016/3276/1
f 2027/3265/2 2028/3262/2 2167/3263/2
f 1994/3283/2 2003/3284/2 1993/3285/2
f 2167/3263/2 2168/3286/2 2007/3287/1
f 1996/3288/2 2001/3289/1 1995/3290/2
f 1994/3283/2 1995/3290/2 2002/3291/1
f 2007/3287/1 2169/3294/2 1990/3295/2
f 2006/3296/1 1990/3295/2 1991/3297/2
f 1993/3285/2 2004/3298/1 1992/3299/1
f 1992/3299/1 2005/3300/1 1991/3297/2
f 2168/3286/2 2169/3294/2 2007/3287/1
f 2007/3287/1 2008/3272/2 2167/3263/2
f 1992/3299/1 2004/3298/1 2005/3300/1
f 1990/3295/2 2006/3296/1 2007/3287/1
f 2006/3296/1 1991/3297/2 2005/3300/1
f 1997/3292/2 1999/3302/2 2000/3293/2
f 2000/3293/2 2001/3289/1 1996/3288/2
f 2002/3291/1 2003/3284/2 1994/3283/2
f 1995/3290/2 2001/3289/1 2002/3291/1
f 2003/3284/2 2004/3298/1 1993/3285/2
f 2008/3272/2 2024/3266/2 2167/3263/2
f 2028/3262/2 2166/3228/1 2167/3263/2
f 1907/3308/8 1910/3304/7 1909/3309/7
f 1911/3306/7 1905/3310/7 1912/3311/6
f 1915/3312/7 1901/3313/6 1916/3314/7
f 1916/3314/7 1900/3315/7 1917/3316/7
f 1913/3317/7 1903/3318/7 1914/3319/7
f 1914/3319/7 1902/3320/7 1915/3312/7
f 1904/3321/7 1913/3317/7 1912/3311/6
f 1917/3316/7 1897/3322/7 1918/3323/7
f 1914/3319/7 1903/3318/7 1902/3320/7
f 1901/3313/6 1915/3312/7 1902/3320/7
f 1916/3314/7 1901/3313/6 1900/3315/7
f 1903/3318/7 1913/3317/7 1904/3321/7
f 1905/3310/7 1911/3306/7 1906/3305/6
f 1900/3315/7 1899/3324/7 1917/3316/7
f 1905/3310/7 1904/3321/7 1912/3311/6
f 1898/3325/7 1917/3316/7 1899/3324/7
f 1897/3322/7 1917/3316/7 1898/3325/7
f 1934/3326/7 1918/3323/7 1897/3322/7
f 1921/3327/7 1920/3328/6 1918/3323/7
f 1918/3323/7 1923/3329/6 1922/3330/7
f 1921/3327/7 1918/3323/7 1922/3330/7
f 1924/3331/7 1923/3329/6 1918/3323/7
f 1918/3323/7 1926/3332/6 1925/3333/6
f 1918/3323/7 1927/3334/7 1926/3332/6
f 1927/3334/7 1934/3326/7 1928/3335/7
f 1927/3334/7 1918/3323/7 1934/3326/7
f 1918/3323/7 1925/3333/6 1924/3331/7
f 1928/3335/7 1934/3326/7 1929/3336/8
f 1930/3337/6 1934/3326/7 1931/3338/8
f 1931/3338/8 1934/3326/7 1932/3339/7
f 1934/3326/7 1897/3322/7 1935/3340/6
f 1897/3322/7 1938/3342/7 1937/3343/7
f 1897/3322/7 1937/3343/7 1936/3344/7
f 1939/3345/7 1896/3346/7 1940/3347/7
f 1938/3342/7 1896/3346/7 1939/3345/7
f 1938/3342/7 1897/3322/7 1896/3346/7
f 1897/3322/7 1936/3344/7 1935/3340/6
f 1940/3347/7 1896/3346/7 1941/3349/7
f 1896/3346/7 1895/3350/8 1894/3351/6
f 1896/3346/7 1893/3352/7 1892/3353/7
f 1896/3346/7 1945/3355/6 1944/3356/6
f 1896/3346/7 1944/3356/6 1943/3357/7
f 1896/3346/7 1891/3354/7 1890/3358/6
f 1945/3355/6 1896/3346/7 1946/3359/7
f 2076/3151/2 2129/3182/2 2130/3185/2 2060/3171/2
f 1896/3346/7 1943/3357/7 1942/3360/7
f 1941/3349/7 1896/3346/7 1942/3360/7
f 1888/3361/7 1880/3362/7 1889/3363/7
f 1880/3362/7 1887/3364/6 1886/3365/6
f 1880/3362/7 1888/3361/7 1887/3364/6
f 1896/3346/7 1890/3358/6 1889/3363/7
f 1880/3362/7 1884/3366/6 1883/3367/7
f 1884/3366/6 1880/3362/7 1885/3368/7
f 1886/3365/6 1885/3368/7 1880/3362/7
f 1880/3362/7 1896/3346/7 1889/3363/7
f 1946/3359/7 1896/3346/7 1947/3371/6
f 1896/3346/7 1949/3372/7 1948/3373/6
f 1880/3362/7 1951/3374/7 1950/3375/6
f 2050/3190/1 2138/3192/2 2139/3376/1 2049/3377/1
f 1957/3378/7 1870/2517/7 1958/2516/7
f 1955/3195/7 1870/2517/7 1956/3379/7
f 2810/3380/2 2450/3381/2 2451/3382/2 2809/3383/2
f 1957/3378/7 1956/3379/7 1870/2517/7
f 1953/2420/7 1952/3384/7 1879/2421/7
f 2059/3198/2 2060/3171/2 2131/3184/2 2132/3196/2
f 1871/2422/7 1878/3385/7 1877/3386/7
f 1871/2422/7 1879/2421/7 1878/3385/7
f 2133/3197/2 2134/3387/2 2051/3200/2 2059/3198/2
f 1871/2422/7 1873/3388/6 1872/3389/8
f 1875/3391/6 1871/2422/7 1876/3392/7
f 1876/3392/7 1871/2422/7 1877/3386/7
f 2049/3377/1 2139/3376/1 2140/3225/2 2048/3227/2
f 1896/3346/7 1948/3373/6 1947/3371/6
f 1965/3393/7 1964/3394/7 1961/2544/7
f 1966/3397/7 1965/3393/7 1961/2544/7
f 1968/3398/7 1967/3399/7 1961/2544/7
f 1969/2543/7 1968/3398/7 1961/2544/7
f 2043/3222/2 2044/3400/2 2141/3211/2 2149/3217/2
f 2149/3217/2 2150/3237/2 2041/3401/2 2042/3223/2
f 1967/3399/7 1966/3397/7 1961/2544/7
f 2041/3401/2 2150/3237/2 2166/3228/1 2040/3230/2
f 1969/2543/7 1863/2542/6 1862/3402/6
f 1960/1825/7 1867/3403/7 1866/3404/6
f 1960/1825/7 1868/1824/7 1867/3403/7
f 1859/3405/7 1986/3406/7 1860/3407/7
f 2141/3211/2 2044/3400/2 2045/3236/2 2140/3225/2
f 1859/3405/7 1858/3408/7 1986/3406/7
f 1865/3409/6 1960/1825/7 1866/3404/6
f 1971/3410/7 1970/3411/7 1972/3412/6
f 1970/3411/7 1973/3414/7 1972/3412/6
f 1974/3413/7 1970/3411/7 1975/3415/6
f 1977/3416/7 1976/3417/7 1970/3411/7
f 1978/3418/6 1977/3416/7 1970/3411/7
f 1986/3406/7 1979/3419/7 1970/3411/7
f 1978/3418/6 1970/3411/7 1979/3419/7
f 1970/3411/7 1976/3417/7 1975/3415/6
f 1979/3419/7 1986/3406/7 1980/3420/7
f 1857/3421/7 1856/3422/6 1986/3406/7
f 1856/3422/6 1855/3423/7 1986/3406/7
f 1854/3424/7 1853/3425/7 1986/3406/7
f 1853/3425/7 1852/3426/7 1986/3406/7
f 1986/3406/7 1855/3423/7 1854/3424/7
f 1982/3428/6 1986/3406/7 1983/3429/8
f 1986/3406/7 1984/3431/7 1983/3429/8
f 1858/3408/7 1857/3421/7 1986/3406/7
f 1981/3427/7 1980/3420/7 1986/3406/7
f 1986/3406/7 1852/3426/7 1851/3432/6
f 1986/3406/7 1851/3432/6 1850/3433/6
f 1986/3406/7 1849/3434/7 1848/3435/7
f 1846/3436/7 1987/3437/7 1847/3438/7
f 1849/3434/7 1986/3406/7 1850/3433/6
f 1844/3439/7 1987/3437/7 1845/3440/7
f 1844/3439/7 1841/3441/7 1840/3442/6
f 1844/3439/7 1842/3443/6 1841/3441/7
f 1828/3445/7 1844/3439/7 1837/3446/7
f 1846/3436/7 1845/3440/7 1987/3437/7
f 1844/3439/7 1840/3442/6 1839/3447/7
f 1837/3446/7 1844/3439/7 1838/3448/7
f 1837/3446/7 1836/3449/7 1828/3445/7
f 1844/3439/7 1839/3447/7 1838/3448/7
f 1833/3450/7 1832/3451/6 1828/3445/7
f 1828/3445/7 1834/3452/7 1833/3450/7
f 1828/3445/7 1832/3451/6 1831/3453/7
f 1834/3452/7 1828/3445/7 1835/3455/7
f 1835/3455/7 1828/3445/7 1836/3449/7
f 1848/3435/7 1847/3438/7 1987/3437/7
f 1823/3456/7 1814/3457/7 1813/3458/6
f 1988/3459/7 1987/3437/7 1827/3460/7
f 1821/3461/7 1816/3462/7 1815/3463/7
f 1815/3463/7 1814/3457/7 1822/3464/7
f 1989/3467/7 1827/3460/7 1810/3468/6
f 1810/3468/6 1826/3469/7 1811/3470/6
f 1824/3471/7 1813/3458/6 1812/3472/7
f 1825/3473/6 1812/3472/7 1811/3470/6
f 1989/3467/7 1988/3459/7 1827/3460/7
f 1828/3445/7 1827/3460/7 1987/3437/7
f 1824/3471/7 1812/3472/7 1825/3473/6
f 1826/3469/7 1810/3468/6 1827/3460/7
f 1811/3470/6 1826/3469/7 1825/3473/6
f 1821/3461/7 1820/3466/7 1816/3462/7
f 1823/3456/7 1822/3464/7 1814/3457/7
f 1821/3461/7 1815/3463/7 1822/3464/7
f 1824/3471/7 1823/3456/7 1813/3458/6
f 1844/3439/7 1828/3445/7 1987/3437/7
f 1986/3406/7 1848/3435/7 1987/3437/7
f 2776/4025/2 2765/4026/2 2775/4027/2
f 2777/4028/1 2764/4029/2 2776/4025/2
f 2768/4030/2 2772/4031/1 2773/4032/3
f 2775/4027/2 2766/4035/2 2774/4034/1
f 2763/4036/2 2777/4028/1 2778/4037/1
f 2780/4038/2 2759/4039/2 2779/4040/1
f 2782/4041/2 2780/4038/2 2781/4042/1
f 2783/4043/2 2784/4044/2 2780/4038/2
f 2785/4045/1 2780/4038/2 2784/4044/2
f 2778/4037/1 2779/4040/1 2762/4046/2
f 2786/4047/2 2780/4038/2 2785/4045/1
f 2765/4026/2 2766/4035/2 2775/4027/2
f 2765/4026/2 2776/4025/2 2764/4029/2
f 2764/4029/2 2777/4028/1 2763/4036/2
f 2763/4036/2 2778/4037/1 2762/4046/2
f 2779/4040/1 2761/4048/2 2762/4046/2
f 2766/4035/2 2767/4033/2 2774/4034/1
f 2798/4052/2 2759/4039/2 2780/4038/2
f 2779/4040/1 2759/4039/2 2760/4053/2
f 2772/4031/1 2768/4030/2 2769/4049/1
f 2760/4053/2 2761/4048/2 2779/4040/1
f 2780/4038/2 2786/4047/2 2787/4054/2
f 2780/4038/2 2788/4055/1 2789/4056/2
f 2796/4057/2 2780/4038/2 2789/4056/2
f 2796/4057/2 2790/4058/1 2791/4059/1
f 2791/4059/1 2792/4060/2 2796/4057/2
f 2789/4056/2 2790/4058/1 2796/4057/2
f 2793/4061/2 2796/4057/2 2792/4060/2
f 2797/4064/2 2780/4038/2 2796/4057/2
f 2798/4052/2 2780/4038/2 2797/4064/2
f 2800/4065/2 2759/4039/2 2799/4066/2
f 2799/4066/2 2759/4039/2 2798/4052/2
f 2780/4038/2 2787/4054/2 2788/4055/1
f 2459/4067/2 2801/4068/2 2802/4069/2
f 2759/4039/2 2801/4068/2 2459/4067/2
f 2457/4070/1 2803/4071/2 2804/4072/2
f 2455/4073/1 2805/4074/2 2806/4075/2
f 2456/4076/2 2804/4072/2 2805/4074/2
f 2458/4077/1 2802/4069/2 2803/4071/2
f 2365/4078/7 2670/4079/7 2669/1717/7 2366/1716/7
f 2818/4080/1 2442/4081/1 2443/4082/2 2817/4083/2
f 2444/4084/2 2813/4085/2 2814/4086/2
f 2814/4086/2 2815/4087/2 2444/4084/2
f 2378/4088/6 2377/4089/7 2658/4090/7 2657/4091/6
f 2454/4092/1 2806/4075/2 2807/4093/2
f 2800/4065/2 2801/4068/2 2759/4039/2
f 2376/4094/7 2659/4095/7 2658/4090/7 2377/4089/7
f 2462/4096/2 2759/4039/2 2461/4097/2
f 2463/4098/2 2759/4039/2 2462/4096/2
f 2758/4100/2 2759/4039/2 2464/4102/2
f 2463/4098/2 2464/4102/2 2759/4039/2
f 2759/4039/2 2460/4104/1 2461/4097/2
f 2457/4070/1 2458/4077/1 2803/4071/2
f 2456/4076/2 2457/4070/1 2804/4072/2
f 2465/4105/2 2466/4106/2 2758/4100/2
f 2464/4102/2 2465/4105/2 2758/4100/2
f 2458/4077/1 2459/4067/2 2802/4069/2
f 2459/4067/2 2460/4104/1 2759/4039/2
f 1480/2394/2 1481/2396/2 1673/2374/2 1689/2361/2
f 2758/4100/2 2754/4107/2 2755/4103/3
f 2753/4108/2 2758/4100/2 2752/4109/2
f 2752/4109/2 2758/4100/2 2751/4110/2
f 2742/4111/2 2750/4112/2 2751/4110/2
f 2742/4111/2 2749/4113/2 2750/4112/2
f 2758/4100/2 2753/4108/2 2754/4107/2
f 2742/4111/2 2747/4114/2 2748/4116/2
f 2745/4118/2 2746/4115/2 2742/4111/2
f 2748/4116/2 2749/4113/2 2742/4111/2
f 2751/4110/2 2758/4100/2 2742/4111/2
f 2758/4100/2 2466/4106/2 2467/4120/2
f 2454/4092/1 2807/4093/2 2453/4121/1
f 2806/4075/2 2454/4092/1 2455/4073/1
f 2455/4073/1 2456/4076/2 2805/4074/2
f 2812/4122/2 2445/4123/2 2446/4124/2
f 2446/4124/2 2447/4125/2 2812/4122/2
f 2448/4126/2 2812/4122/2 2447/4125/2
f 2661/4127/7 2660/4128/7 2375/4129/7 2374/4130/7
f 2375/4129/7 2660/4128/7 2659/4095/7 2376/4094/7
f 2469/4131/2 2470/4132/2 2758/4100/2
f 2468/4133/2 2469/4131/2 2758/4100/2
f 2471/4134/2 2472/4135/2 2758/4100/2
f 2473/4136/2 2474/4137/2 2758/4100/2
f 2472/4135/2 2473/4136/2 2758/4100/2
f 2470/4132/2 2471/4134/2 2758/4100/2
f 2475/4138/2 2476/4139/2 2758/4100/2
f 2478/4140/2 2479/4141/2 2742/4111/2
f 2480/4142/2 2481/4143/2 2742/4111/2
f 2479/4141/2 2480/4142/2 2742/4111/2
f 2477/4144/2 2478/4140/2 2742/4111/2
f 2474/4137/2 2475/4138/2 2758/4100/2
f 2467/4120/2 2468/4133/2 2758/4100/2
f 2742/4111/2 2481/4143/2 2482/4145/2
f 2444/4084/2 2815/4087/2 2816/4146/2
f 2839/4147/2 2850/4148/1 2838/4149/2
f 2851/4150/1 2837/4151/2 2838/4149/2
f 2852/4152/1 2836/4153/2 2837/4151/2
f 2853/4154/1 2835/4155/2 2836/4153/2
f 2834/4156/2 2853/4154/1 2833/4157/2
f 2840/4158/2 2849/4159/1 2839/4147/2
f 2853/4154/1 2834/4156/2 2835/4155/2
f 2841/4160/2 2848/4161/1 2840/4158/2
f 2832/4162/1 2833/4157/2 2853/4154/1
f 2853/4154/1 2831/4163/1 2832/4162/1
f 2853/4154/1 2829/4164/2 2830/4165/1
f 2830/4165/1 2831/4163/1 2853/4154/1
f 2847/4166/3 2841/4160/2 2842/4167/2
f 2451/3382/2 2452/4168/2 2808/4169/2 2809/3383/2
f 2368/4170/7 2367/1715/7 2668/1718/7 2667/4171/7
f 2666/4172/7 2665/4173/7 2370/4174/7 2369/4175/7
f 2368/4170/7 2667/4171/7 2666/4172/7 2369/4175/7
f 3270/4176/6 3269/4177/7 3203/4178/7 3202/4179/6
f 2827/4180/2 2434/4181/2 2826/4182/2
f 2826/4182/2 2435/4183/1 2825/4184/2
f 2823/4185/2 2438/4186/1 2822/4187/2
f 2821/4188/2 2822/4187/2 2439/4189/1
f 2437/4190/1 2823/4185/2 2824/4191/2
f 2824/4191/2 2825/4184/2 2436/4192/1
f 2829/4164/2 2853/4154/1 2828/4193/2
f 2839/4147/2 2849/4159/1 2850/4148/1
f 2838/4149/2 2850/4148/1 2851/4150/1
f 2847/4166/3 2848/4161/1 2841/4160/2
f 2840/4158/2 2848/4161/1 2849/4159/1
f 2851/4150/1 2852/4152/1 2837/4151/2
f 2854/4195/2 2433/4196/2 2853/4154/1
f 2859/4201/1 2854/4195/2 2858/4200/2
f 2854/4195/2 2856/4197/2 2857/4199/2
f 2853/4154/1 2836/4153/2 2852/4152/1
f 2860/4202/2 2854/4195/2 2859/4201/1
f 2860/4202/2 2861/4205/2 2854/4195/2
f 2854/4195/2 2861/4205/2 2862/4206/2
f 2434/4181/2 2827/4180/2 2853/4154/1
f 2862/4206/2 2863/4208/2 2854/4195/2
f 2870/4209/2 2854/4195/2 2863/4208/2
f 2870/4209/2 2864/4210/1 2865/4211/1
f 2870/4209/2 2865/4211/1 2866/4212/2
f 2864/4210/1 2870/4209/2 2863/4208/2
f 1720/2438/2 1433/2585/2 1434/2584/2 1719/2436/1
f 2439/4189/1 2822/4187/2 2438/4186/1
f 2437/4190/1 2824/4191/2 2436/4192/1
f 2823/4185/2 2437/4190/1 2438/4186/1
f 2435/4183/1 2826/4182/2 2434/4181/2
f 2434/4181/2 2853/4154/1 2433/4196/2
f 2432/4216/2 2854/4195/2 2431/4217/2
f 2854/4195/2 2430/4218/2 2431/4217/2
f 2854/4195/2 2432/4216/2 2433/4196/2
f 2825/4184/2 2435/4183/1 2436/4192/1
f 2487/4219/2 2488/4220/2 2741/4221/2
f 2486/4222/2 2487/4219/2 2741/4221/2
f 2483/4223/2 2741/4221/2 2742/4111/2
f 2484/4224/2 2485/4225/2 2741/4221/2
f 2483/4223/2 2484/4224/2 2741/4221/2
f 2486/4222/2 2741/4221/2 2485/4225/2
f 1950/3375/6 1949/3372/7 1896/3346/7 1880/3362/7
f 2489/4226/2 2490/4227/2 2741/4221/2
f 2491/4228/1 2492/4229/2 2741/4221/2
f 2490/4227/2 2491/4228/1 2741/4221/2
f 1427/2627/7 1651/2629/7 1650/2588/7 1354/2603/7
f 2488/4220/2 2489/4226/2 2741/4221/2
f 2870/4209/2 2428/4230/1 2429/4231/2
f 2427/4232/1 2870/4209/2 2426/4233/2
f 1066/1664/6 1065/1790/7 1041/1789/7 1002/1793/7
f 2421/4234/7 2581/2615/7 2720/4235/6 2422/4236/7
f 2497/4237/2 2424/4238/1 2871/4239/2
f 2496/4240/2 2497/4237/2 2871/4239/2
f 2425/4241/1 2871/4239/2 2424/4238/1
f 2872/4242/2 2732/4243/2 2871/4239/2
f 2873/4244/2 2732/4243/2 2872/4242/2
f 2724/4245/1 2725/4246/2 2732/4243/2
f 2732/4243/2 2723/4247/2 2724/4245/1
f 2723/4247/2 2732/4243/2 2873/4244/2
f 2428/4230/1 2870/4209/2 2427/4232/1
f 2737/4252/1 2733/4250/2 2736/4249/2
f 2739/4253/2 2740/4254/1 2733/4250/2
f 2733/4250/2 2738/4255/2 2739/4253/2
f 2733/4250/2 2740/4254/1 2741/4221/2
f 2730/4259/2 2731/4261/2 2732/4243/2
f 2726/4248/2 2727/4258/1 2732/4243/2
f 2494/4262/2 2495/4263/2 2732/4243/2
f 2483/4223/2 2742/4111/2 2482/4145/2
f 2614/4264/6 2625/4265/7 2624/4266/7
f 2613/4267/6 2626/4268/7 2625/4265/7
f 2622/4271/7 2616/4272/7 2623/4273/7
f 2615/4274/7 2624/4266/7 2623/4273/7
f 2626/4268/7 2612/4275/6 2627/4276/7
f 2608/4277/7 2629/4278/7 2628/4279/7
f 2629/4278/7 2634/4284/7 2633/4282/6
f 2631/4280/7 2629/4278/7 2632/4283/7
f 2628/4279/7 2627/4276/7 2611/4285/7
f 2629/4278/7 2635/4286/7 2634/4284/7
f 2615/4274/7 2614/4264/6 2624/4266/7
f 2625/4265/7 2614/4264/6 2613/4267/6
f 2626/4268/7 2613/4267/6 2612/4275/6
f 2627/4276/7 2612/4275/6 2611/4285/7
f 2610/4287/7 2628/4279/7 2611/4285/7
f 2608/4277/7 2647/4291/7 2629/4278/7
f 2608/4277/7 2628/4279/7 2609/4292/7
f 2617/4270/7 2616/4272/7 2622/4271/7
f 2610/4287/7 2609/4292/7 2628/4279/7
f 2635/4286/7 2629/4278/7 2636/4293/7
f 2637/4294/7 2629/4278/7 2638/4295/7
f 2629/4278/7 2645/4296/7 2638/4295/7
f 2639/4297/7 2645/4296/7 2640/4298/7
f 2639/4297/7 2638/4295/7 2645/4296/7
f 2645/4296/7 2642/4300/6 2641/4299/7
f 2629/4278/7 2646/4303/6 2645/4296/7
f 2629/4278/7 2647/4291/7 2646/4303/6
f 2608/4277/7 2649/4304/7 2648/4305/7
f 2608/4277/7 2648/4305/7 2647/4291/7
f 2636/4293/7 2629/4278/7 2637/4294/7
f 2650/4306/7 2385/4307/7 2651/4308/6
f 2650/4306/7 2608/4277/7 2385/4307/7
f 2652/4309/6 2383/4310/7 2653/4311/7
f 2654/4312/6 2381/4313/7 2655/4314/6
f 2653/4311/7 2382/4315/7 2654/4312/6
f 2651/4308/6 2384/4316/7 2652/4309/6
f 2452/4168/2 2453/4121/1 2807/4093/2 2808/4169/2
f 2811/4317/2 2449/4318/2 2450/3381/2 2810/3380/2
f 2662/4319/7 2370/4174/7 2663/4320/7
f 2664/4321/7 2663/4320/7 2370/4174/7
f 3375/4322/2 3593/4323/2 3594/4324/2 3374/4325/2
f 2655/4314/6 2380/4326/7 2656/4327/6
f 2650/4306/7 2649/4304/7 2608/4277/7
f 2441/4328/2 2442/4081/1 2818/4080/1 2819/4329/2
f 2608/4277/7 2388/4330/7 2387/4331/6
f 2608/4277/7 2389/4332/6 2388/4330/7
f 2608/4277/7 2607/4333/7 2390/4336/6
f 2390/4336/6 2389/4332/6 2608/4277/7
f 2386/4338/7 2608/4277/7 2387/4331/6
f 2384/4316/7 2383/4310/7 2652/4309/6
f 2383/4310/7 2382/4315/7 2653/4311/7
f 2392/4339/7 2391/4340/7 2607/4333/7
f 2391/4340/7 2390/4336/6 2607/4333/7
f 2385/4307/7 2384/4316/7 2651/4308/6
f 2386/4338/7 2385/4307/7 2608/4277/7
f 2476/4139/2 2477/4144/2 2742/4111/2 2758/4100/2
f 2603/4341/8 2607/4333/7 2604/4337/7
f 2607/4333/7 2602/4342/7 2601/4343/6
f 2607/4333/7 2601/4343/6 2600/4344/7
f 2599/4345/7 2591/4346/7 2600/4344/7
f 2598/4347/7 2591/4346/7 2599/4345/7
f 2602/4342/7 2607/4333/7 2603/4341/8
f 2591/4346/7 2596/4348/7 2595/4349/7
f 2596/4348/7 2591/4346/7 2597/4350/7
f 2595/4349/7 2594/4351/6 2591/4346/7
f 2598/4347/7 2597/4350/7 2591/4346/7
f 2607/4333/7 2600/4344/7 2591/4346/7
f 2392/4339/7 2607/4333/7 2393/4354/6
f 2656/4327/6 2380/4326/7 2379/4355/7
f 2380/4326/7 2655/4314/6 2381/4313/7
f 2382/4315/7 2381/4313/7 2654/4312/6
f 2371/4356/7 2661/4127/7 2372/4357/6
f 2373/4358/6 2372/4357/6 2661/4127/7
f 2661/4127/7 2374/4130/7 2373/4358/6
f 2444/4084/2 2816/4146/2 2817/4083/2 2443/4082/2
f 2444/4084/2 2445/4123/2 2812/4122/2 2813/4085/2
f 2396/4359/7 2395/4360/7 2607/4333/7
f 2395/4360/7 2394/4361/6 2607/4333/7
f 2398/4362/7 2397/4363/7 2607/4333/7
f 2400/4364/7 2399/4365/7 2607/4333/7
f 2399/4365/7 2398/4362/7 2607/4333/7
f 2397/4363/7 2396/4359/7 2607/4333/7
f 2402/4366/7 2401/4367/7 2607/4333/7
f 2405/4368/7 2404/4369/6 2591/4346/7
f 2407/4370/7 2406/4371/7 2591/4346/7
f 2406/4371/7 2405/4368/7 2591/4346/7
f 2404/4369/6 2403/4372/6 2591/4346/7
f 2401/4367/7 2400/4364/7 2607/4333/7
f 2394/4361/6 2393/4354/6 2607/4333/7
f 2407/4370/7 2591/4346/7 2408/4373/6
f 2664/4321/7 2370/4174/7 2665/4173/7
f 2699/4374/7 2688/4375/6 2687/4376/6
f 2686/4377/7 2700/4378/7 2687/4376/6
f 2685/4379/7 2701/4380/7 2686/4377/7
f 2684/4381/7 2702/4382/7 2685/4379/7
f 2702/4382/7 2683/4383/7 2682/4384/7
f 2698/4385/7 2689/4386/6 2688/4375/6
f 2683/4383/7 2702/4382/7 2684/4381/7
f 2697/4387/7 2690/4388/6 2689/4386/6
f 2682/4384/7 2681/4389/7 2702/4382/7
f 2680/4390/7 2702/4382/7 2681/4389/7
f 2678/4391/6 2702/4382/7 2679/4392/7
f 2680/4390/7 2679/4392/7 2702/4382/7
f 2440/4395/2 2441/4328/2 2819/4329/2 2820/4396/2
f 2351/4397/7 2720/4235/6 2719/1063/7 2352/4398/7
f 3067/3219/7 3297/3218/7 3296/4399/6 3068/4400/6
f 1880/3362/7 1879/2421/7 1952/3384/7 1951/3374/7
f 2821/4188/2 2439/4189/1 2440/4395/2 2820/4396/2
f 2360/4401/6 2676/4402/7 2675/4403/7
f 2361/4404/6 2675/4403/7 2674/4405/7
f 2364/4406/7 2672/4407/6 2671/4408/6
f 2671/4408/6 2670/4079/7 2365/4078/7
f 2672/4407/6 2363/4409/6 2673/4410/7
f 2674/4405/7 2673/4410/7 2362/4411/6
f 2677/4412/6 2676/4402/7 2702/4382/7
f 2702/4382/7 2678/4391/6 2677/4412/6
f 2698/4385/7 2688/4375/6 2699/4374/7
f 2699/4374/7 2687/4376/6 2700/4378/7
f 2696/4393/7 2695/4413/7 2691/4394/6
f 2697/4387/7 2689/4386/6 2698/4385/7
f 2701/4380/7 2700/4378/7 2686/4377/7
f 2359/4414/6 2703/1060/7 2702/4382/7
f 2703/1060/7 2705/4415/7 2704/4416/7
f 2707/4417/6 2706/4418/7 2703/1060/7
f 2703/1060/7 2708/4419/7 2707/4417/6
f 2685/4379/7 2702/4382/7 2701/4380/7
f 2703/1060/7 2709/4420/7 2708/4419/7
f 2710/4423/7 2709/4420/7 2703/1060/7
f 2710/4423/7 2703/1060/7 2711/4424/7
f 2676/4402/7 2360/4401/6 2702/4382/7
f 2712/4426/7 2711/4424/7 2703/1060/7
f 2703/1060/7 2719/1063/7 2712/4426/7
f 2713/4427/7 2719/1063/7 2714/4428/7
f 2714/4428/7 2719/1063/7 2715/4429/7
f 2719/1063/7 2713/4427/7 2712/4426/7
f 2692/4422/7 2691/4394/6 2695/4413/7
f 2430/4218/2 2854/4195/2 2870/4209/2 2429/4231/2
f 2671/4408/6 2365/4078/7 2364/4406/7
f 2673/4410/7 2363/4409/6 2362/4411/6
f 2363/4409/6 2672/4407/6 2364/4406/7
f 2675/4403/7 2361/4404/6 2360/4401/6
f 2702/4382/7 2360/4401/6 2359/4414/6
f 2703/1060/7 2358/4433/6 2357/4434/7
f 2356/1061/7 2703/1060/7 2357/4434/7
f 2358/4433/6 2703/1060/7 2359/4414/6
f 2361/4404/6 2674/4405/7 2362/4411/6
f 2414/4435/6 2413/4436/6 2590/2462/7
f 2413/4436/6 2412/4437/7 2590/2462/7
f 2590/2462/7 2409/4438/7 2591/4346/7
f 2411/4439/7 2410/4440/7 2590/2462/7
f 2410/4440/7 2409/4438/7 2590/2462/7
f 2590/2462/7 2412/4437/7 2411/4439/7
f 2733/4250/2 2493/4441/2 2494/4262/2 2732/4243/2
f 2416/4442/7 2415/4443/7 2590/2462/7
f 2418/2465/7 2417/4444/7 2590/2462/7
f 2417/4444/7 2416/4442/7 2590/2462/7
f 2733/4250/2 2741/4221/2 2492/4229/2 2493/4441/2
f 2415/4443/7 2414/4435/6 2590/2462/7
f 2354/4445/7 2719/1063/7 2355/1062/7
f 2719/1063/7 2353/4446/7 2352/4398/7
f 2870/4209/2 2871/4239/2 2425/4241/1 2426/4233/2
f 1425/2618/7 1585/2459/7 1651/2629/7 1426/2628/7
f 2350/4447/7 2423/4448/7 2720/4235/6
f 2423/4448/7 2422/4236/7 2720/4235/6
f 2720/4235/6 2351/4397/7 2350/4447/7
f 2581/2615/7 2721/4449/6 2720/4235/6
f 2581/2615/7 2722/4450/7 2721/4449/6
f 2574/4451/8 2573/4452/7 2581/2615/7
f 2581/2615/7 2572/4453/6 2722/4450/7
f 2719/1063/7 2354/4445/7 2353/4446/7
f 2582/2463/6 2586/4457/7 2585/4455/6
f 2589/4458/7 2588/4459/6 2582/2463/6
f 2587/4460/6 2582/2463/6 2588/4459/6
f 2586/4457/7 2582/2463/6 2587/4460/6
f 2589/4458/7 2582/2463/6 2590/2462/7
f 2576/4463/7 2575/4454/7 2581/2615/7
f 2421/4234/7 2420/2616/7 2581/2615/7
f 2591/4346/7 2409/4438/7 2408/4373/6
f 2535/4580/989 2387/4578/1359 2388/4581/1360
f 3454/5152/2 3445/5153/2 3453/5154/2
f 3455/5155/2 3444/5156/2 3454/5152/2
f 3456/5157/1 3443/5158/2 3455/5155/2
f 3450/5161/1 3451/5163/1 3448/5159/2
f 3453/5154/2 3446/5165/2 3452/5164/1
f 3442/5166/2 3456/5157/1 3457/5167/2
f 3459/5168/2 3438/5169/2 3458/5170/2
f 3462/5173/2 3459/5168/2 3461/5172/2
f 3463/5174/2 3464/5175/2 3459/5168/2
f 3466/5176/2 3459/5168/2 3465/5177/2
f 3459/5168/2 3464/5175/2 3465/5177/2
f 3457/5167/2 3458/5170/2 3441/5178/2
f 3467/5179/2 3459/5168/2 3466/5176/2
f 3444/5156/2 3445/5153/2 3454/5152/2
f 3446/5165/2 3453/5154/2 3445/5153/2
f 3444/5156/2 3455/5155/2 3443/5158/2
f 3443/5158/2 3456/5157/1 3442/5166/2
f 3441/5178/2 3442/5166/2 3457/5167/2
f 3458/5170/2 3440/5180/1 3441/5178/2
f 3458/5170/2 3439/5181/1 3440/5180/1
f 3447/5162/2 3452/5164/1 3446/5165/2
f 3438/5169/2 3439/5181/1 3458/5170/2
f 3459/5168/2 3468/5182/2 3475/5183/2
f 3459/5168/2 3477/5184/1 3438/5169/2
f 3468/5182/2 3459/5168/2 3467/5179/2
f 3468/5182/2 3469/5185/1 3475/5183/2
f 3475/5183/2 3470/5186/2 3471/5187/1
f 3471/5187/1 3472/5188/2 3475/5183/2
f 3469/5185/1 3470/5186/2 3475/5183/2
f 3475/5183/2 3476/5191/1 3459/5168/2
f 3531/5192/2 3515/5193/2 3516/5194/2
f 3477/5184/1 3478/5195/2 3438/5169/2
f 3480/5196/2 3481/5197/1 3438/5169/2
f 3479/5198/2 3480/5196/2 3438/5169/2
f 3478/5195/2 3479/5198/2 3438/5169/2
f 3476/5191/1 3477/5184/1 3459/5168/2
f 3514/5199/1 3515/5193/2 3532/3169/2
f 3528/5200/2 3518/5201/2 3519/5202/1
f 3517/5203/2 3518/5201/2 3529/5204/2
f 3513/5205/1 3514/5199/1 3532/3169/2
f 3532/3169/2 3512/5206/2 3513/5205/1
f 3190/5207/7 3282/5208/7 3281/5209/7 3191/5210/7
f 3512/5206/2 3532/3169/2 3511/5211/2
f 3201/1674/7 3271/1673/7 3270/4176/6 3202/4179/6
f 3530/5212/2 3516/5194/2 3517/5203/2
f 3482/5213/2 3483/5214/2 3438/5169/2
f 3437/5215/2 3483/5214/2 3484/5216/2
f 3438/5169/2 3483/5214/2 3437/5215/2
f 3389/5217/1 3485/5218/2 3486/1862/1
f 3082/5219/6 3188/5220/6 3187/5221/7 3083/5222/7
f 3376/5223/2 3592/5224/2 3593/4323/2 3375/4322/2
f 3086/5225/7 3085/1801/7 3185/1804/7 3184/5226/7
f 3389/5217/1 3484/5216/2 3485/5218/2
f 3063/2457/7 3301/2456/7 3300/3208/7 3064/3207/7
f 1986/3406/7 1970/3411/7 1861/5227/7 1860/3407/7
f 3081/5228/7 3189/5229/6 3188/5220/6 3082/5219/6
f 121/268/7 120/231/6 66/232/6 34/246/7
f 1104/1743/1 1105/1744/2 1208/1645/1 1209/1639/1
f 3198/5230/7 3274/5231/7 3273/5232/7 3199/5233/7
f 3199/5233/7 3273/5232/7 3272/1672/7 3200/1671/7
f 3192/5234/7 3280/5235/7 3279/2448/7 3193/2447/7
f 3197/5236/7 3275/5237/7 3274/5231/7 3198/5230/7
f 3581/5238/2 3582/5239/1 3494/5240/1 3495/5241/2
f 3481/5197/1 3482/5213/2 3438/5169/2
f 3084/1802/7 3083/5222/7 3187/5221/7 3186/1803/7
f 3395/5242/2 3437/5215/2 3394/5243/2
f 3393/5244/2 3394/5243/2 3437/5215/2
f 3484/5216/2 3390/5245/1 3437/5215/2
f 3437/5215/2 3395/5242/2 3396/5246/2
f 3436/5247/2 3437/5215/2 3435/5248/3
f 3437/5215/2 3433/5250/1 3434/5249/2
f 3398/5251/2 3437/5215/2 3397/5252/2
f 3437/5215/2 3396/5246/2 3397/5252/2
f 1970/3411/7 1969/2543/7 1862/3402/6 1861/5227/7
f 3390/5245/1 3484/5216/2 3389/5217/1
f 3486/1862/1 3388/1861/2 3389/5217/1
f 3391/5253/2 3392/5254/2 3437/5215/2
f 3393/5244/2 3437/5215/2 3392/5254/2
f 3398/5251/2 3399/5255/2 3437/5215/2
f 3135/5256/7 3119/5257/7 3098/5258/7 3097/5259/7
f 3390/5245/1 3391/5253/2 3437/5215/2
f 3432/5260/2 3437/5215/2 3431/5261/2
f 3430/5262/1 3431/5261/2 3437/5215/2
f 3429/5263/1 3430/5262/1 3421/5264/2
f 3421/5264/2 3427/5265/1 3428/5266/2
f 3426/5267/2 3421/5264/2 3425/5268/2
f 3427/5265/1 3421/5264/2 3426/5267/2
f 3421/5264/2 3428/5266/2 3429/5263/1
f 3416/5271/1 3407/5272/2 3415/5273/2
f 3424/5270/1 3425/5268/2 3421/5264/2
f 3420/5274/1 3421/5264/2 3400/5275/1
f 3416/5271/1 3417/5276/1 3406/5277/2
f 3419/5279/1 3404/5280/2 3418/5281/1
f 3430/5262/1 3437/5215/2 3421/5264/2
f 3417/5276/1 3418/5281/1 3405/5282/2
f 3419/5279/1 3420/5274/1 3403/5283/2
f 3589/5284/2 3379/5285/1 3380/5286/1
f 3591/5287/2 3377/5288/1 3378/5289/1
f 3378/5289/1 3379/5285/1 3590/5290/2
f 3383/5291/1 3491/5292/2 3382/5293/1
f 3382/5293/1 3491/5292/2 3381/5294/1
f 3380/5286/1 3381/5294/1 3587/5295/2
f 3385/3233/1 3386/5296/2 3488/5297/2 3489/3234/1
f 3289/5298/7 3075/5299/7 3074/5300/7 3290/5301/7
f 3291/5302/6 3290/5301/7 3074/5300/7 3073/5303/6
f 3377/5288/1 3591/5287/2 3592/5224/2 3376/5223/2
f 3292/5304/6 3291/5302/6 3073/5303/6 3072/5305/6
f 3293/5306/7 3292/5304/6 3072/5305/6 3071/5307/7
f 3295/5308/7 3294/5309/7 3070/5310/7 3069/5311/7
f 3296/4399/6 3295/5308/7 3069/5311/7 3068/4400/6
f 2051/3200/2 2134/3387/2 2135/3193/1 2050/3190/1
f 3194/2450/7 3278/2449/7 3277/3187/6 3195/3186/6
f 3415/5273/2 3407/5272/2 3408/5312/2
f 3420/5274/1 3401/5314/2 3402/5315/2
f 3414/5313/1 3409/5316/2 3413/5317/2
f 3410/5319/2 3412/5318/1 3413/5317/2
f 3409/5316/2 3410/5319/2 3413/5317/2
f 3420/5274/1 3400/5275/1 3401/5314/2
f 1458/2357/2 1459/2358/1 1690/2336/2 1710/2333/1
f 2871/4239/2 2732/4243/2 2495/4263/2 2496/4240/2
f 1358/2590/6 1650/2588/7 1642/2429/6 1359/2428/7
f 3405/5282/2 3418/5281/1 3404/5280/2
f 3403/5283/2 3404/5280/2 3419/5279/1
f 3406/5277/2 3407/5272/2 3416/5271/1
f 3405/5282/2 3406/5277/2 3417/5276/1
f 3420/5274/1 3402/5315/2 3403/5283/2
f 1136/1821/2 1203/1820/2 1204/5321/2 1135/5322/2
f 3520/5323/2 3527/5324/2 3519/5202/1
f 3525/5325/2 3521/5326/2 3522/5327/2
f 3531/5192/2 3532/3169/2 3515/5193/2
f 3532/3169/2 3508/5330/2 3509/5331/1
f 3532/3169/2 3507/5332/2 3508/5330/2
f 3509/5331/1 3510/5333/2 3532/3169/2
f 3506/5334/1 3507/5332/2 3532/3169/2
f 3525/5325/2 3522/5327/2 3524/5329/2
f 3530/5212/2 3517/5203/2 3529/5204/2
f 3531/5192/2 3516/5194/2 3530/5212/2
f 3532/3169/2 3510/5333/2 3511/5211/2
f 3527/5324/2 3520/5323/2 3526/5335/2
f 3528/5200/2 3529/5204/2 3518/5201/2
f 3532/3169/2 3571/3168/2 3506/5334/1
f 3527/5324/2 3528/5200/2 3519/5202/1
f 3268/5336/7 3231/5337/7 3230/5338/7 3269/4177/7
f 3585/5339/2 3492/5340/2 3584/5341/2
f 3588/5342/2 3380/5286/1 3587/5295/2
f 3589/5284/2 3590/5290/2 3379/5285/1
f 3492/5340/2 3586/5343/2 3587/5295/2
f 3588/5342/2 3589/5284/2 3380/5286/1
f 3586/5343/2 3492/5340/2 3585/5339/2
f 3590/5290/2 3591/5287/2 3378/5289/1
f 3533/3166/2 3534/5344/1 3535/5345/2
f 3535/5345/2 3536/5346/1 3533/3166/2
f 3538/5348/2 3539/5349/2 3533/3166/2
f 3541/5350/2 3533/3166/2 3540/5351/2
f 3533/3166/2 3539/5349/2 3540/5351/2
f 3537/5347/2 3538/5348/2 3533/3166/2
f 3533/3166/2 3541/5350/2 3542/5352/2
f 3549/5353/2 3542/5352/2 3543/5354/1
f 3543/5354/1 3544/5355/2 3549/5353/2
f 3545/5356/1 3546/5357/2 3549/5353/2
f 3550/5360/2 3570/3167/2 3549/5353/2
f 3533/3166/2 3549/5353/2 3570/3167/2
f 3546/5357/2 3547/5358/3 3549/5353/2
f 3533/3166/2 3542/5352/2 3549/5353/2
f 3570/3167/2 3550/5360/2 3551/5361/2
f 3559/5362/2 3563/5363/2 3564/5364/1
f 3568/5369/2 3569/5370/1 3554/5371/1
f 3567/5372/2 3556/5373/1 3566/5374/2
f 3555/5375/2 3567/5372/2 3568/5369/2
f 3565/5368/2 3566/5374/2 3557/5376/1
f 3553/5377/2 3569/5370/1 3570/3167/2
f 3569/5370/1 3553/5377/2 3554/5371/1
f 3557/5376/1 3566/5374/2 3556/5373/1
f 3567/5372/2 3555/5375/2 3556/5373/1
f 3555/5375/2 3568/5369/2 3554/5371/1
f 3559/5362/2 3560/5365/2 3563/5363/2
f 3557/5376/1 3558/5367/2 3565/5368/2
f 3553/5377/2 3570/3167/2 3552/5379/1
f 3570/3167/2 3551/5361/2 3552/5379/1
f 1135/5322/2 1204/5321/2 1205/1725/2 1134/1726/2
f 2403/4372/6 2402/4366/7 2607/4333/7 2591/4346/7
f 3362/956/2 3606/955/2 3607/5380/2
f 3303/89/6 3061/88/6 3060/5381/7 3304/5382/7
f 3362/956/2 3607/5380/2 3608/5383/2
f 3345/5384/2 3359/5385/1 3360/5386/2
f 3345/5384/2 3360/5386/2 3361/5387/2
f 3358/5388/2 3359/5385/1 3345/5384/2
f 3356/5389/2 3345/5384/2 3355/5390/2
f 3345/5384/2 3357/5391/2 3358/5388/2
f 3357/5391/2 3345/5384/2 3356/5389/2
f 3362/956/2 3608/5383/2 3361/5387/2
f 3345/5384/2 3352/5392/2 3353/5393/1
f 3351/5394/2 3345/5384/2 3350/5395/2
f 3353/5393/1 3354/5396/2 3345/5384/2
f 3354/5396/2 3355/5390/2 3345/5384/2
f 3345/5384/2 3361/5387/2 3608/5383/2
f 3293/5306/7 3071/5307/7 3070/5310/7 3294/5309/7
f 3344/5401/2 3609/5402/2 3610/5403/2
f 3344/5401/2 3610/5403/2 3611/5404/1
f 3612/5405/1 3344/5401/2 3611/5404/1
f 3614/5406/2 3344/5401/2 3613/5407/2
f 3616/5408/2 3344/5401/2 3615/5409/2
f 3614/5406/2 3615/5409/2 3344/5401/2
f 3612/5405/1 3613/5407/2 3344/5401/2
f 3617/5410/2 3344/5401/2 3616/5408/2
f 3619/5411/2 3344/5401/2 3618/5412/2
f 3621/5413/2 3344/5401/2 3620/5414/1
f 3344/5401/2 3619/5411/2 3620/5414/1
f 3344/5401/2 3621/5413/2 3622/5415/2
f 3344/5401/2 3623/5416/1 3624/5417/2
f 3626/5418/1 3344/5401/2 3625/5419/2
f 3624/5417/2 3625/5419/2 3344/5401/2
f 3344/5401/2 3622/5415/2 3623/5416/1
f 3344/5401/2 3617/5410/2 3618/5412/2
f 3344/5401/2 3626/5418/1 3627/5420/2
f 3333/5421/1 3337/5422/1 3338/5423/2
f 3332/5426/1 3338/5423/2 3339/5427/2
f 3342/5428/1 3343/5429/2 3328/5430/2
f 3341/5431/2 3330/5432/1 3340/5433/1
f 3329/5434/1 3341/5431/2 3342/5428/1
f 3339/5427/2 3340/5433/1 3331/5435/2
f 3327/5436/2 3343/5429/2 3344/5401/2
f 3343/5429/2 3327/5436/2 3328/5430/2
f 3331/5435/2 3340/5433/1 3330/5432/1
f 3341/5431/2 3329/5434/1 3330/5432/1
f 3329/5434/1 3342/5428/1 3328/5430/2
f 3338/5423/2 3332/5426/1 3333/5421/1
f 3331/5435/2 3332/5426/1 3339/5427/2
f 3327/5436/2 3344/5401/2 3628/5438/2
f 3344/5401/2 3627/5420/2 3628/5438/2
f 3505/5439/1 3506/5334/1 3571/3168/2
f 3143/5440/7 3152/5441/7 3151/5442/6
f 3142/5443/7 3153/5444/7 3152/5441/7
f 3141/5445/6 3154/5446/7 3153/5444/7
f 3144/5453/6 3151/5442/6 3150/5452/6
f 3154/5446/7 3140/5454/6 3155/5455/7
f 3136/5456/7 3157/5457/7 3156/5458/7
f 3159/5459/6 3158/5460/7 3157/5457/7
f 3162/5462/6 3161/5463/7 3157/5457/7
f 3157/5457/7 3164/5464/7 3163/5465/6
f 3162/5462/6 3157/5457/7 3163/5465/6
f 3161/5463/7 3160/5461/7 3157/5457/7
f 3156/5458/7 3155/5455/7 3139/5466/7
f 3157/5457/7 3165/5467/6 3164/5464/7
f 3143/5440/7 3142/5443/7 3152/5441/7
f 3151/5442/6 3144/5453/6 3143/5440/7
f 3153/5444/7 3142/5443/7 3141/5445/6
f 3154/5446/7 3141/5445/6 3140/5454/6
f 3140/5454/6 3139/5466/7 3155/5455/7
f 3138/5468/7 3156/5458/7 3139/5466/7
f 3137/5469/7 3156/5458/7 3138/5468/7
f 3150/5452/6 3145/5451/6 3144/5453/6
f 3137/5469/7 3136/5456/7 3156/5458/7
f 3166/5470/7 3157/5457/7 3173/5471/7
f 3175/5472/7 3157/5457/7 3136/5456/7
f 3157/5457/7 3166/5470/7 3165/5467/6
f 3167/5473/7 3166/5470/7 3173/5471/7
f 3168/5474/7 3173/5471/7 3169/5475/7
f 3170/5476/7 3169/5475/7 3173/5471/7
f 3168/5474/7 3167/5473/7 3173/5471/7
f 3174/5479/7 3173/5471/7 3157/5457/7
f 3213/5480/7 3229/5481/7 3214/5482/7
f 3176/5483/7 3175/5472/7 3136/5456/7
f 3179/5484/7 3178/5485/7 3136/5456/7
f 3178/5485/7 3177/5486/7 3136/5456/7
f 3177/5486/7 3176/5483/7 3136/5456/7
f 3175/5472/7 3174/5479/7 3157/5457/7
f 3213/5480/7 3212/5487/7 3230/5338/7
f 3216/5488/7 3226/5489/7 3217/5490/7
f 3216/5488/7 3215/5491/7 3227/5492/7
f 3212/5487/7 3211/5493/7 3230/5338/7
f 3210/5494/6 3230/5338/7 3211/5493/7
f 3571/3168/2 3572/5495/2 3504/5496/2 3505/5439/1
f 3230/5338/7 3210/5494/6 3209/5497/7
f 3191/5210/7 3281/5209/7 3280/5235/7 3192/5234/7
f 3214/5482/7 3228/5498/7 3215/5491/7
f 3181/5499/7 3180/5500/7 3136/5456/7
f 3181/5499/7 3135/5256/7 3182/5501/7
f 3181/5499/7 3136/5456/7 3135/5256/7
f 3183/5502/7 3087/5503/7 3184/5226/7
f 1005/1646/7 1031/1809/7 1030/1780/6 1006/1783/7
f 3488/5297/2 3386/5296/2 3387/1860/2 3487/1859/2
f 3182/5501/7 3087/5503/7 3183/5502/7
f 3578/5504/2 3498/5505/2 3499/5506/2 3577/5507/2
f 3574/5508/1 3575/5509/2 3501/5510/2 3502/5511/1
f 3576/5512/2 3500/5513/2 3501/5510/2 3575/5509/2
f 3577/5507/2 3499/5506/2 3500/5513/2 3576/5512/2
f 3583/5514/1 3493/5515/1 3494/5240/1 3582/5239/1
f 3579/5516/2 3580/5517/1 3496/5518/1 3497/5519/2
f 3581/5238/2 3495/5241/2 3496/5518/1 3580/5517/1
f 3374/4325/2 3594/4324/2 3595/5520/1 3373/5521/1
f 3579/5516/2 3497/5519/2 3498/5505/2 3578/5504/2
f 3574/5508/1 3502/5511/1 3503/5522/1 3573/5523/1
f 3180/5500/7 3179/5484/7 3136/5456/7
f 1132/1683/1 1133/1749/2 1115/1751/2 1116/1684/2
f 3135/5256/7 3093/5524/7 3092/5525/7
f 3092/5525/7 3091/5526/7 3135/5256/7
f 3088/5527/7 3182/5501/7 3135/5256/7
f 3093/5524/7 3135/5256/7 3094/5528/7
f 3131/5532/6 3135/5256/7 3132/5531/8
f 3135/5256/7 3096/5533/6 3095/5534/6
f 3094/5528/7 3135/5256/7 3095/5534/6
f 3491/5292/2 3383/5291/1 3384/3232/2 3490/3231/2
f 3182/5501/7 3088/5527/7 3087/5503/7
f 3086/5225/7 3184/5226/7 3087/5503/7
f 3090/5535/7 3089/5536/7 3135/5256/7
f 3135/5256/7 3091/5526/7 3090/5535/7
f 3097/5259/7 3096/5533/6 3135/5256/7
f 1864/2541/7 1961/2544/7 1960/1825/7 1865/3409/6
f 3089/5536/7 3088/5527/7 3135/5256/7
f 3135/5256/7 3130/5537/7 3129/5538/7
f 3129/5538/7 3128/5539/7 3135/5256/7
f 3128/5539/7 3127/5540/7 3119/5257/7
f 3125/5541/7 3119/5257/7 3126/5542/6
f 3119/5257/7 3124/5543/7 3123/5544/6
f 3119/5257/7 3125/5541/7 3124/5543/7
f 3126/5542/6 3119/5257/7 3127/5540/7
f 3105/5547/6 3114/5548/7 3113/5549/6
f 3123/5544/6 3122/5546/7 3119/5257/7
f 3119/5257/7 3118/5550/7 3098/5258/7
f 3115/5551/7 3114/5548/7 3104/5552/7
f 3102/5554/6 3117/5555/7 3116/5556/7
f 3135/5256/7 3128/5539/7 3119/5257/7
f 3116/5556/7 3115/5551/7 3103/5557/6
f 3118/5550/7 3117/5555/7 3101/5558/7
f 3077/5559/7 3287/5560/6 3078/5561/7
f 3075/5299/7 3289/5298/7 3076/5562/7
f 3077/5559/7 3076/5562/7 3288/5563/7
f 3189/5229/6 3081/5228/7 3080/5564/7
f 3189/5229/6 3080/5564/7 3079/5565/7
f 3079/5565/7 3078/5561/7 3285/5566/7
f 3381/5294/1 3491/5292/2 3492/5340/2 3587/5295/2
f 1004/1647/6 1003/1807/6 1039/1808/6 1038/1806/6
f 2379/4355/7 2378/4088/6 2657/4091/6 2656/4327/6
f 3583/5514/1 3584/5341/2 3492/5340/2 3493/5515/1
f 3573/5523/1 3503/5522/1 3504/5496/2 3572/5495/2
f 3189/5229/6 3079/5565/7 3285/5566/7 3190/5207/7
f 3421/5264/2 3437/5215/2 3399/5255/2 3400/5275/1
f 1663/2466/2 1664/2476/2 1497/2617/2 1498/2467/2
f 3373/5521/1 3595/5520/1 3596/3220/1 3372/3221/1
f 3599/5567/1 3369/5568/1 3370/2594/2 3598/2593/2
f 3112/5569/7 3106/5570/8 3113/5549/6
f 3105/5547/6 3113/5549/6 3106/5570/8
f 3099/5571/6 3118/5550/7 3100/5572/6
f 3106/5570/8 3112/5569/7 3107/5573/6
f 3107/5573/6 3112/5569/7 3111/5574/7
f 3098/5258/7 3118/5550/7 3099/5571/6
f 3601/5578/2 3367/5579/2 3368/5580/1 3600/5581/1
f 3602/5582/2 3366/5583/2 3367/5579/2 3601/5578/2
f 3599/5567/1 3600/5581/1 3368/5580/1 3369/5568/1
f 3116/5556/7 3103/5557/6 3102/5554/6
f 3102/5554/6 3101/5558/7 3117/5555/7
f 3105/5547/6 3104/5552/7 3114/5548/7
f 3104/5552/7 3103/5557/6 3115/5551/7
f 3100/5572/6 3118/5550/7 3101/5558/7
f 3603/5584/1 3365/5585/1 3366/5583/2 3602/5582/2
f 3225/5586/7 3218/5587/6 3217/5490/7
f 3230/5338/7 3229/5481/7 3213/5480/7
f 3206/5593/7 3230/5338/7 3207/5594/7
f 3205/5595/7 3230/5338/7 3206/5593/7
f 3208/5596/7 3207/5594/7 3230/5338/7
f 3205/5595/7 3204/5597/7 3230/5338/7
f 3224/5598/6 3219/5588/6 3218/5587/6
f 3215/5491/7 3228/5498/7 3227/5492/7
f 3214/5482/7 3229/5481/7 3228/5498/7
f 3208/5596/7 3230/5338/7 3209/5497/7
f 3218/5587/6 3225/5586/7 3224/5598/6
f 3227/5492/7 3226/5489/7 3216/5488/7
f 3269/4177/7 3230/5338/7 3204/5597/7
f 3226/5489/7 3225/5586/7 3217/5490/7
f 2371/4356/7 2370/4174/7 2662/4319/7 2661/4127/7
f 3190/5207/7 3283/5599/7 3282/5208/7
f 3078/5561/7 3286/5600/6 3285/5566/7
f 3288/5563/7 3287/5560/6 3077/5559/7
f 3284/5601/7 3190/5207/7 3285/5566/7
f 3287/5560/6 3286/5600/6 3078/5561/7
f 3190/5207/7 3284/5601/7 3283/5599/7
f 3289/5298/7 3288/5563/7 3076/5562/7
f 3234/5604/7 3233/5603/6 3231/5337/7
f 3234/5604/7 3231/5337/7 3235/5605/7
f 3237/5606/7 3236/5607/6 3231/5337/7
f 3231/5337/7 3239/5608/7 3238/5609/7
f 3237/5606/7 3231/5337/7 3238/5609/7
f 3236/5607/6 3235/5605/7 3231/5337/7
f 3239/5608/7 3231/5337/7 3240/5610/7
f 3240/5610/7 3247/5611/7 3241/5612/7
f 3242/5613/7 3241/5612/7 3247/5611/7
f 3244/5615/7 3243/5614/7 3247/5611/7
f 3268/5336/7 3248/5618/6 3247/5611/7
f 3247/5611/7 3231/5337/7 3268/5336/7
f 3245/5617/7 3244/5615/7 3247/5611/7
f 3240/5610/7 3231/5337/7 3247/5611/7
f 3248/5618/6 3268/5336/7 3249/5619/6
f 3262/5622/7 3256/5625/7 3263/5626/6
f 3267/5627/7 3266/5628/7 3252/5629/7
f 3254/5630/7 3265/5631/6 3264/5632/6
f 3265/5631/6 3253/5633/7 3266/5628/7
f 3264/5632/6 3263/5626/6 3255/5634/7
f 3267/5627/7 3251/5635/7 3268/5336/7
f 3251/5635/7 3267/5627/7 3252/5629/7
f 3264/5632/6 3255/5634/7 3254/5630/7
f 3253/5633/7 3265/5631/6 3254/5630/7
f 3266/5628/7 3253/5633/7 3252/5629/7
f 3256/5625/7 3262/5622/7 3257/5621/7
f 3256/5625/7 3255/5634/7 3263/5626/6
f 3268/5336/7 3251/5635/7 3250/5637/7
f 3249/5619/6 3268/5336/7 3250/5637/7
f 3603/5584/1 3604/5638/2 3364/5639/2 3365/5585/1
f 3604/5638/2 3605/954/2 3363/953/2 3364/5639/2
f 3304/5382/7 3060/5381/7 3305/5640/7
f 2449/4318/2 2811/4317/2 2812/4122/2 2448/4126/2
f 3305/5640/7 3060/5381/7 3306/2417/7
f 3057/5641/7 3043/2418/7 3058/5642/7
f 3058/5642/7 3043/2418/7 3059/5643/7
f 3057/5641/7 3056/5644/7 3043/2418/7
f 3043/2418/7 3054/5645/7 3053/5646/6
f 3055/5647/7 3043/2418/7 3056/5644/7
f 3043/2418/7 3055/5647/7 3054/5645/7
f 3306/2417/7 3060/5381/7 3059/5643/7
f 3050/5648/7 3043/2418/7 3051/5649/7
f 3043/2418/7 3049/5650/7 3048/5651/6
f 3043/2418/7 3050/5648/7 3049/5650/7
f 3052/5652/6 3051/5649/7 3043/2418/7
f 3053/5646/6 3052/5652/6 3043/2418/7
f 3059/5643/7 3043/2418/7 3306/2417/7
f 3609/5402/2 3344/5401/2 3345/5384/2 3608/5383/2
f 3307/2416/6 3042/2415/7 3308/5657/6
f 3308/5657/6 3042/2415/7 3309/5658/7
f 3042/2415/7 3310/5659/7 3309/5658/7
f 3042/2415/7 3312/5660/6 3311/5661/6
f 3042/2415/7 3314/5662/6 3313/5663/6
f 3313/5663/6 3312/5660/6 3042/2415/7
f 3311/5661/6 3310/5659/7 3042/2415/7
f 3042/2415/7 3315/5664/7 3314/5662/6
f 3042/2415/7 3317/5665/7 3316/5666/7
f 3042/2415/7 3319/5667/6 3318/5668/7
f 3317/5665/7 3042/2415/7 3318/5668/7
f 3319/5667/6 3042/2415/7 3320/5669/6
f 3321/5670/7 3042/2415/7 3322/5671/6
f 3042/2415/7 3324/5672/7 3323/5673/6
f 3323/5673/6 3322/5671/6 3042/2415/7
f 3320/5669/6 3042/2415/7 3321/5670/7
f 3315/5664/7 3042/2415/7 3316/5666/7
f 3324/5672/7 3042/2415/7 3325/5674/6
f 3036/5677/8 3030/5680/7 3037/5681/6
f 3041/5682/7 3040/5683/7 3026/5684/7
f 3028/5685/7 3039/5686/6 3038/5687/7
f 3039/5686/6 3027/5688/7 3040/5683/7
f 3038/5687/7 3037/5681/6 3029/5689/6
f 3041/5682/7 3025/5690/6 3042/2415/7
f 3025/5690/6 3041/5682/7 3026/5684/7
f 3038/5687/7 3029/5689/6 3028/5685/7
f 3027/5688/7 3039/5686/6 3028/5685/7
f 3040/5683/7 3027/5688/7 3026/5684/7
f 3030/5680/7 3036/5677/8 3031/5676/7
f 3030/5680/7 3029/5689/6 3037/5681/6
f 3042/2415/7 3025/5690/6 3326/5692/6
f 3325/5674/6 3042/2415/7 3326/5692/6
f 3204/5597/7 3203/4178/7 3269/4177/7
f 3904/6526/1747 3603/6528/1748 3602/6525/1746
f 3196/3189/6 3276/3188/6 3275/5237/7 3197/5236/7
o bg-characters-colors-26
v 0.097456 -0.147137 -1.573641
v 0.977164 -0.147137 -1.134151
v 0.097456 1.158432 -1.573641
v 0.977164 1.158432 -1.134151
vn -0.4469 -0.0000 0.8946
vt 0.000000 0.000000
vt 1.000000 0.000000
vt 1.000000 1.000000
vt 0.000000 1.000000
s 0
usemtl bg-characters-colors-26
f 3931/6609/1787 3932/6610/1787 3934/6611/1787 3933/6612/1787
o bg-characters-colors-27
v 0.678205 -0.114695 -0.594948
v 1.481472 -0.114695 -0.210794
v 0.678205 1.067429 -0.594948
v 1.481472 1.067429 -0.210793
vn -0.4314 -0.0000 0.9021
vt 0.000000 0.000000
vt 1.000000 0.000000
vt 1.000000 1.000000
vt 0.000000 1.000000
s 0
usemtl bg-characters-colors-27
f 3935/6613/1788 3936/6614/1788 3938/6615/1788 3937/6616/1788
o bg-characters-colors-24
v -3.083764 -0.372162 0.901242
v -1.862352 -0.372162 1.554067
v -3.083764 1.465978 0.901242
v -1.862352 1.465978 1.554067
vn -0.4714 -0.0000 0.8819
vt 0.000000 0.000000
vt 1.000000 0.000000
vt 1.000000 1.000000
vt 0.000000 1.000000
s 0
usemtl bg-characters-colors-24
f 3939/6617/1789 3940/6618/1789 3942/6619/1789 3941/6620/1789
o bg-characters-colors-25
v 0.046991 -0.269876 1.614651
v 1.091412 -0.269876 2.102198
v 0.046991 1.259923 1.614652
v 1.091412 1.259923 2.102198
vn -0.4230 -0.0000 0.9061
vt 1.000000 0.000000
vt 0.000000 0.000000
vt 0.000000 1.000000
vt 1.000000 1.000000
s 0
usemtl bg-characters-colors-25
f 3943/6621/1790 3944/6622/1790 3946/6623/1790 3945/6624/1790
o bg-characters-colors-28
v -0.691810 -0.189364 -0.715074
v 0.148998 -0.189364 -0.288250
v -0.691810 1.062516 -0.715074
v 0.148998 1.062516 -0.288250
vn -0.4527 -0.0000 0.8917
vt 0.000000 0.000000
vt 1.000000 0.000000
vt 1.000000 1.000000
vt 0.000000 1.000000
s 0
usemtl bg-characters-colors-28
f 3947/6625/1791 3948/6626/1791 3950/6627/1791 3949/6628/1791
o bg-characters-colors-23
v -2.778721 -0.334671 -1.162775
v -1.742418 -0.334671 -0.588869
v -2.778721 1.237590 -1.162774
v -1.742418 1.237590 -0.588869
vn -0.4845 -0.0000 0.8748
vt 1.000000 0.000000
vt 0.000000 0.000000
vt 0.000000 1.000000
vt 1.000000 1.000000
s 0
usemtl bg-characters-colors-23
f 3951/6629/1792 3952/6630/1792 3954/6631/1792 3953/6632/1792
o bg-characters-colors-24.001
v -0.763482 -0.372162 0.481520
v 0.479384 -0.372162 1.092514
v -0.763482 1.465978 0.481520
v 0.479384 1.465978 1.092514
vn -0.4412 -0.0000 0.8974
vt 1.000000 0.000000
vt 0.000000 0.000000
vt 0.000000 1.000000
vt 1.000000 1.000000
s 0
usemtl bg-characters-colors-24
f 3955/6633/1793 3956/6634/1793 3958/6635/1793 3957/6636/1793
o bg-characters-colors-27.001
v -1.340372 -0.114695 0.871782
v -0.545583 -0.114695 1.273183
v -1.340372 1.067429 0.871782
v -0.545583 1.067429 1.273183
vn -0.4508 -0.0000 0.8926
vt 1.000000 0.000000
vt 0.000000 0.000000
vt 0.000000 1.000000
vt 1.000000 1.000000
s 0
usemtl bg-characters-colors-27
f 3959/6637/1794 3960/6638/1794 3962/6639/1794 3961/6640/1794
o bg-characters-colors-23.001
v 1.200520 -0.334671 0.474571
v 2.279281 -0.334671 0.964023
v 1.200520 1.237590 0.474571
v 2.279281 1.237590 0.964023
vn -0.4132 -0.0000 0.9107
vt 0.000000 0.000000
vt 1.000000 0.000000
vt 1.000000 1.000000
vt 0.000000 1.000000
s 0
usemtl bg-characters-colors-23
f 3963/6641/1795 3964/6642/1795 3966/6643/1795 3965/6644/1795
o bg-characters-colors-28.001
v -2.822392 -0.240988 -0.228968
v -1.995065 -0.240988 0.223435
v -2.822392 1.010891 -0.228968
v -1.995065 1.010891 0.223435
vn -0.4798 -0.0000 0.8774
vt 1.000000 0.000000
vt 0.000000 0.000000
vt 0.000000 1.000000
vt 1.000000 1.000000
s 0
usemtl bg-characters-colors-28
f 3967/6645/1796 3968/6646/1796 3970/6647/1796 3969/6648/1796
o bg-characters-colors-25.001
v -1.343024 -0.269876 -1.891511
v -0.325442 -0.269876 -1.350177
v -1.343024 1.259923 -1.891511
v -0.325442 1.259923 -1.350177
vn -0.4697 -0.0000 0.8828
vt 0.000000 0.000000
vt 1.000000 0.000000
vt 1.000000 1.000000
vt 0.000000 1.000000
s 0
usemtl bg-characters-colors-25
f 3971/6649/1797 3972/6650/1797 3974/6651/1797 3973/6652/1797
o bg-characters-colors-26.001
v -1.893413 -0.147137 -0.299282
v -1.023733 -0.147137 0.159733
v -1.893413 1.158432 -0.299282
v -1.023733 1.158432 0.159733
vn -0.4668 -0.0000 0.8844
vt 1.000000 0.000000
vt 0.000000 0.000000
vt 0.000000 1.000000
vt 1.000000 1.000000
s 0
usemtl bg-characters-colors-26
f 3975/6653/1798 3976/6654/1798 3978/6655/1798 3977/6656/1798
