# Blender 4.5.1 LTS
# www.blender.org
mtllib lightPole.mtl
o bg-characters-colors-26
v 0.097456 -0.147137 -1.573641
v 0.977164 -0.147137 -1.134151
v 0.097456 1.158432 -1.573641
v 0.977164 1.158432 -1.134151
vn -0.4469 -0.0000 0.8946
vt 0.000000 0.000000
vt 1.000000 0.000000
vt 1.000000 1.000000
vt 0.000000 1.000000
s 0
usemtl bg-characters-colors-26
f 1/1/1 2/2/1 4/3/1 3/4/1
o bg-characters-colors-27
v 0.678205 -0.114695 -0.594948
v 1.481472 -0.114695 -0.210794
v 0.678205 1.067429 -0.594948
v 1.481472 1.067429 -0.210793
vn -0.4314 -0.0000 0.9021
vt 0.000000 0.000000
vt 1.000000 0.000000
vt 1.000000 1.000000
vt 0.000000 1.000000
s 0
usemtl bg-characters-colors-27
f 5/5/2 6/6/2 8/7/2 7/8/2
o bg-characters-colors-24
v -3.083764 -0.372162 0.901242
v -1.862352 -0.372162 1.554067
v -3.083764 1.465978 0.901242
v -1.862352 1.465978 1.554067
vn -0.4714 -0.0000 0.8819
vt 0.000000 0.000000
vt 1.000000 0.000000
vt 1.000000 1.000000
vt 0.000000 1.000000
s 0
usemtl bg-characters-colors-24
f 9/9/3 10/10/3 12/11/3 11/12/3
o bg-characters-colors-25
v 0.046991 -0.269876 1.614651
v 1.091412 -0.269876 2.102198
v 0.046991 1.259923 1.614652
v 1.091412 1.259923 2.102198
vn -0.4230 -0.0000 0.9061
vt 1.000000 0.000000
vt 0.000000 0.000000
vt 0.000000 1.000000
vt 1.000000 1.000000
s 0
usemtl bg-characters-colors-25
f 13/13/4 14/14/4 16/15/4 15/16/4
o bg-characters-colors-28
v -0.691810 -0.189364 -0.715074
v 0.148998 -0.189364 -0.288250
v -0.691810 1.062516 -0.715074
v 0.148998 1.062516 -0.288250
vn -0.4527 -0.0000 0.8917
vt 0.000000 0.000000
vt 1.000000 0.000000
vt 1.000000 1.000000
vt 0.000000 1.000000
s 0
usemtl bg-characters-colors-28
f 17/17/5 18/18/5 20/19/5 19/20/5
o bg-characters-colors-23
v -2.778721 -0.334671 -1.162775
v -1.742418 -0.334671 -0.588869
v -2.778721 1.237590 -1.162774
v -1.742418 1.237590 -0.588869
vn -0.4845 -0.0000 0.8748
vt 1.000000 0.000000
vt 0.000000 0.000000
vt 0.000000 1.000000
vt 1.000000 1.000000
s 0
usemtl bg-characters-colors-23
f 21/21/6 22/22/6 24/23/6 23/24/6
o bg-characters-colors-24.001
v -0.763482 -0.372162 0.481520
v 0.479384 -0.372162 1.092514
v -0.763482 1.465978 0.481520
v 0.479384 1.465978 1.092514
vn -0.4412 -0.0000 0.8974
vt 1.000000 0.000000
vt 0.000000 0.000000
vt 0.000000 1.000000
vt 1.000000 1.000000
s 0
usemtl bg-characters-colors-24
f 25/25/7 26/26/7 28/27/7 27/28/7
o bg-characters-colors-27.001
v -1.340372 -0.114695 0.871782
v -0.545583 -0.114695 1.273183
v -1.340372 1.067429 0.871782
v -0.545583 1.067429 1.273183
vn -0.4508 -0.0000 0.8926
vt 1.000000 0.000000
vt 0.000000 0.000000
vt 0.000000 1.000000
vt 1.000000 1.000000
s 0
usemtl bg-characters-colors-27
f 29/29/8 30/30/8 32/31/8 31/32/8
o bg-characters-colors-23.001
v 1.200520 -0.334671 0.474571
v 2.279281 -0.334671 0.964023
v 1.200520 1.237590 0.474571
v 2.279281 1.237590 0.964023
vn -0.4132 -0.0000 0.9107
vt 0.000000 0.000000
vt 1.000000 0.000000
vt 1.000000 1.000000
vt 0.000000 1.000000
s 0
usemtl bg-characters-colors-23
f 33/33/9 34/34/9 36/35/9 35/36/9
o bg-characters-colors-28.001
v -2.822392 -0.240988 -0.228968
v -1.995065 -0.240988 0.223435
v -2.822392 1.010891 -0.228968
v -1.995065 1.010891 0.223435
vn -0.4798 -0.0000 0.8774
vt 1.000000 0.000000
vt 0.000000 0.000000
vt 0.000000 1.000000
vt 1.000000 1.000000
s 0
usemtl bg-characters-colors-28
f 37/37/10 38/38/10 40/39/10 39/40/10
o bg-characters-colors-25.001
v -1.343024 -0.269876 -1.891511
v -0.325442 -0.269876 -1.350177
v -1.343024 1.259923 -1.891511
v -0.325442 1.259923 -1.350177
vn -0.4697 -0.0000 0.8828
vt 0.000000 0.000000
vt 1.000000 0.000000
vt 1.000000 1.000000
vt 0.000000 1.000000
s 0
usemtl bg-characters-colors-25
f 41/41/11 42/42/11 44/43/11 43/44/11
o bg-characters-colors-26.001
v -1.893413 -0.147137 -0.299282
v -1.023733 -0.147137 0.159733
v -1.893413 1.158432 -0.299282
v -1.023733 1.158432 0.159733
vn -0.4668 -0.0000 0.8844
vt 1.000000 0.000000
vt 0.000000 0.000000
vt 0.000000 1.000000
vt 1.000000 1.000000
s 0
usemtl bg-characters-colors-26
f 45/45/12 46/46/12 48/47/12 47/48/12
o JrMap10_28.005
v 0.083732 3.593108 -0.026159
v 0.151078 3.618696 -0.082372
v 0.164246 3.618696 -0.051313
v 0.077019 3.593108 -0.041992
v 0.132106 3.618696 -0.110264
v 0.067346 3.593108 -0.056212
v 0.108057 3.618696 -0.133915
v 0.055086 3.593108 -0.068271
v 0.079855 3.618696 -0.152422
v 0.040709 3.593108 -0.077706
v 0.048583 3.618696 -0.165075
v 0.024768 3.593108 -0.084154
v 0.015447 3.618696 -0.171378
v 0.007874 3.593108 -0.087368
v -0.018285 3.618696 -0.171100
v -0.009322 3.593108 -0.087228
v -0.051313 3.618696 -0.164245
v -0.026159 3.593108 -0.083731
v -0.082370 3.618696 -0.151079
v -0.041993 3.593108 -0.077021
v -0.110261 3.618696 -0.132105
v -0.056211 3.593108 -0.067347
v -0.133916 3.618696 -0.108059
v -0.068270 3.593108 -0.055087
v -0.152423 3.618696 -0.079853
v -0.077705 3.593108 -0.040711
v -0.165073 3.618696 -0.048583
v -0.084154 3.593108 -0.024769
v -0.171381 3.618696 -0.015448
v -0.087369 3.593108 -0.007876
v -0.171101 3.618696 0.018284
v -0.087226 3.593108 0.009322
v -0.164245 3.618696 0.051314
v -0.083732 3.593108 0.026160
v -0.151079 3.618696 0.082369
v -0.077019 3.593108 0.041993
v -0.132106 3.618696 0.110261
v -0.067347 3.593108 0.056209
v -0.108056 3.618696 0.133916
v -0.055087 3.593108 0.068268
v -0.079855 3.618696 0.152423
v -0.040710 3.593108 0.077703
v -0.048584 3.618696 0.165072
v -0.024769 3.593108 0.084151
v -0.015446 3.618696 0.171380
v -0.007874 3.593108 0.087370
v 0.018286 3.618696 0.171101
v 0.009321 3.593108 0.087225
v 0.051314 3.618696 0.164246
v 0.026160 3.593108 0.083732
v 0.082371 3.618696 0.151080
v 0.041992 3.593108 0.077018
v 0.110262 3.618696 0.132106
v 0.056211 3.593108 0.067348
v 0.133915 3.618696 0.108056
v 0.068269 3.593108 0.055085
v 0.152423 3.618696 0.079855
v 0.077704 3.593108 0.040708
v 0.165073 3.618696 0.048585
v 0.084153 3.593108 0.024767
v 0.171380 3.618696 0.015445
v 0.087368 3.593108 0.007873
v 0.171100 3.618696 -0.018287
v 0.087226 3.593108 -0.009320
v 0.219332 3.660249 -0.119585
v 0.238447 3.660249 -0.074495
v 0.191789 3.660249 -0.160074
v 0.156874 3.660249 -0.194415
v 0.115931 3.660249 -0.221284
v 0.070533 3.660249 -0.239650
v 0.022424 3.660249 -0.248807
v -0.026546 3.660249 -0.248400
v -0.074496 3.660249 -0.238448
v -0.119584 3.660249 -0.219333
v -0.160076 3.660249 -0.191790
v -0.194415 3.660249 -0.156875
v -0.221284 3.660249 -0.115931
v -0.239649 3.660249 -0.070532
v -0.248805 3.660249 -0.022424
v -0.248400 3.660249 0.026544
v -0.238447 3.660249 0.074497
v -0.219333 3.660249 0.119582
v -0.191788 3.660249 0.160076
v -0.156874 3.660249 0.194416
v -0.115931 3.660249 0.221285
v -0.070534 3.660249 0.239647
v -0.022425 3.660249 0.248804
v 0.026545 3.660249 0.248397
v 0.074497 3.660249 0.238449
v 0.119583 3.660249 0.219330
v 0.160075 3.660249 0.191787
v 0.194415 3.660249 0.156872
v 0.221285 3.660249 0.115932
v 0.239649 3.660249 0.070534
v 0.248805 3.660249 0.022425
v 0.248399 3.660249 -0.026547
v 0.279156 3.716169 -0.152202
v 0.303486 3.716169 -0.094815
v 0.244100 3.716169 -0.203736
v 0.199663 3.716169 -0.247443
v 0.147552 3.716169 -0.281643
v 0.089772 3.716169 -0.305016
v 0.028541 3.716169 -0.316667
v -0.033787 3.716169 -0.316154
v -0.094816 3.716169 -0.303488
v -0.152201 3.716169 -0.279159
v -0.203736 3.716169 -0.244099
v -0.247444 3.716169 -0.199662
v -0.281642 3.716169 -0.147554
v -0.305016 3.716169 -0.089771
v -0.316668 3.716169 -0.028540
v -0.316152 3.716169 0.033785
v -0.303486 3.716169 0.094816
v -0.279157 3.716169 0.152199
v -0.244100 3.716169 0.203737
v -0.199662 3.716169 0.247445
v -0.147553 3.716169 0.281640
v -0.089771 3.716169 0.305017
v -0.028541 3.716169 0.316668
v 0.033786 3.716169 0.316151
v 0.094815 3.716169 0.303485
v 0.152201 3.716169 0.279156
v 0.203737 3.716169 0.244100
v 0.247444 3.716169 0.199664
v 0.281641 3.716169 0.147551
v 0.305016 3.716169 0.089772
v 0.316668 3.716169 0.028541
v 0.316151 3.716169 -0.033788
v 0.328254 3.784308 -0.178970
v 0.356862 3.784308 -0.111490
v 0.287031 3.784308 -0.239571
v 0.234778 3.784308 -0.290964
v 0.173503 3.784308 -0.331175
v 0.105560 3.784308 -0.358660
v 0.033560 3.784308 -0.372363
v -0.039729 3.784308 -0.371755
v -0.111491 3.784308 -0.356862
v -0.178969 3.784308 -0.328254
v -0.239569 3.784308 -0.287032
v -0.290963 3.784308 -0.234778
v -0.331175 3.784308 -0.173503
v -0.358661 3.784308 -0.105561
v -0.372363 3.784308 -0.033563
v -0.371756 3.784308 0.039728
v -0.356861 3.784308 0.111492
v -0.328255 3.784308 0.178967
v -0.287032 3.784308 0.239568
v -0.234779 3.784308 0.290961
v -0.173503 3.784308 0.331177
v -0.105560 3.784308 0.358661
v -0.033560 3.784308 0.372364
v 0.039729 3.784308 0.371757
v 0.111492 3.784308 0.356863
v 0.178969 3.784308 0.328255
v 0.239570 3.784308 0.287033
v 0.290963 3.784308 0.234779
v 0.331176 3.784308 0.173504
v 0.358660 3.784308 0.105558
v 0.372362 3.784308 0.033560
v 0.371755 3.784308 -0.039731
v 0.364736 3.862047 -0.198859
v 0.396524 3.862047 -0.123882
v 0.318933 3.862047 -0.266194
v 0.260871 3.862047 -0.323303
v 0.192787 3.862047 -0.367981
v 0.117292 3.862047 -0.398523
v 0.037291 3.862047 -0.413748
v -0.044145 3.862047 -0.413075
v -0.123883 3.862047 -0.396526
v -0.198860 3.862047 -0.364738
v -0.266196 3.862047 -0.318933
v -0.323301 3.862047 -0.260872
v -0.367982 3.862047 -0.192785
v -0.398523 3.862047 -0.117294
v -0.413747 3.862047 -0.037289
v -0.413072 3.862047 0.044144
v -0.396523 3.862047 0.123883
v -0.364736 3.862047 0.198861
v -0.318932 3.862047 0.266195
v -0.260872 3.862047 0.323300
v -0.192786 3.862047 0.367982
v -0.117292 3.862047 0.398524
v -0.037292 3.862047 0.413745
v 0.044144 3.862047 0.413072
v 0.123882 3.862047 0.396523
v 0.198859 3.862047 0.364735
v 0.266195 3.862047 0.318930
v 0.323302 3.862047 0.260873
v 0.367982 3.862047 0.192786
v 0.398522 3.862047 0.117291
v 0.413748 3.862047 0.037290
v 0.413073 3.862047 -0.044143
v 0.387201 3.946398 -0.211110
v 0.420947 3.946398 -0.131512
v 0.338576 3.946398 -0.282591
v 0.276940 3.946398 -0.343215
v 0.204660 3.946398 -0.390650
v 0.124517 3.946398 -0.423069
v 0.039587 3.946398 -0.439234
v -0.046863 3.946398 -0.438514
v -0.131513 3.946398 -0.420947
v -0.211108 3.946398 -0.387200
v -0.282592 3.946398 -0.338579
v -0.343215 3.946398 -0.276940
v -0.390649 3.946398 -0.204663
v -0.423069 3.946398 -0.124517
v -0.439232 3.946398 -0.039588
v -0.438516 3.946398 0.046862
v -0.420947 3.946398 0.131513
v -0.387202 3.946398 0.211107
v -0.338576 3.946398 0.282593
v -0.276941 3.946398 0.343212
v -0.204661 3.946398 0.390647
v -0.124517 3.946398 0.423070
v -0.039588 3.946398 0.439231
v 0.046863 3.946398 0.438515
v 0.131513 3.946398 0.420948
v 0.211108 3.946398 0.387201
v 0.282591 3.946398 0.338576
v 0.343215 3.946398 0.276941
v 0.390648 3.946398 0.204660
v 0.423068 3.946398 0.124514
v 0.439232 3.946398 0.039589
v 0.438515 3.946398 -0.046865
v 0.394788 4.034122 -0.215244
v 0.429194 4.034122 -0.134089
v 0.345210 4.034122 -0.288127
v 0.282365 4.034122 -0.349939
v 0.208670 4.034122 -0.398303
v 0.126956 4.034122 -0.431358
v 0.040362 4.034122 -0.447839
v -0.047781 4.034122 -0.447107
v -0.134089 4.034122 -0.429193
v -0.215245 4.034122 -0.394788
v -0.288128 4.034122 -0.345212
v -0.349938 4.034122 -0.282366
v -0.398302 4.034122 -0.208672
v -0.431358 4.034122 -0.126957
v -0.447837 4.034122 -0.040362
v -0.447107 4.034122 0.047782
v -0.429194 4.034122 0.134090
v -0.394787 4.034122 0.215245
v -0.345210 4.034122 0.288128
v -0.282365 4.034122 0.349940
v -0.208671 4.034122 0.398300
v -0.126956 4.034122 0.431359
v -0.040363 4.034122 0.447836
v 0.047781 4.034122 0.447108
v 0.134089 4.034122 0.429194
v 0.215245 4.034122 0.394789
v 0.288127 4.034122 0.345209
v 0.349939 4.034122 0.282367
v 0.398301 4.034122 0.208669
v 0.431358 4.034122 0.126958
v 0.447837 4.034122 0.040364
v 0.447107 4.034122 -0.047780
v 0.387201 4.121844 -0.211110
v 0.420947 4.121844 -0.131512
v 0.338576 4.121844 -0.282591
v 0.276940 4.121844 -0.343215
v 0.204660 4.121844 -0.390650
v 0.124517 4.121844 -0.423069
v 0.039587 4.121844 -0.439234
v -0.046863 4.121844 -0.438514
v -0.131513 4.121844 -0.420947
v -0.211108 4.121844 -0.387200
v -0.282592 4.121844 -0.338579
v -0.343215 4.121844 -0.276940
v -0.390649 4.121844 -0.204663
v -0.423069 4.121844 -0.124517
v -0.439232 4.121844 -0.039588
v -0.438516 4.121844 0.046862
v -0.420947 4.121844 0.131513
v -0.387202 4.121844 0.211107
v -0.338576 4.121844 0.282593
v -0.276941 4.121844 0.343212
v -0.204661 4.121844 0.390647
v -0.124517 4.121844 0.423070
v -0.039588 4.121844 0.439231
v 0.046863 4.121844 0.438515
v 0.131513 4.121844 0.420948
v 0.211108 4.121844 0.387201
v 0.282591 4.121844 0.338576
v 0.343215 4.121844 0.276941
v 0.390648 4.121844 0.204660
v 0.423068 4.121844 0.124514
v 0.439232 4.121844 0.039589
v 0.438515 4.121844 -0.046865
v 0.364736 4.206196 -0.198859
v 0.396524 4.206196 -0.123882
v 0.318933 4.206196 -0.266194
v 0.260871 4.206196 -0.323303
v 0.192787 4.206196 -0.367981
v 0.117292 4.206196 -0.398523
v 0.037291 4.206196 -0.413748
v -0.044145 4.206196 -0.413075
v -0.123883 4.206196 -0.396526
v -0.198860 4.206196 -0.364738
v -0.266196 4.206196 -0.318933
v -0.323301 4.206196 -0.260872
v -0.367982 4.206196 -0.192785
v -0.398523 4.206196 -0.117294
v -0.413747 4.206196 -0.037289
v -0.413072 4.206196 0.044144
v -0.396523 4.206196 0.123883
v -0.364736 4.206196 0.198861
v -0.318932 4.206196 0.266195
v -0.260872 4.206196 0.323300
v -0.192786 4.206196 0.367982
v -0.117292 4.206196 0.398524
v -0.037292 4.206196 0.413745
v 0.044144 4.206196 0.413072
v 0.123882 4.206196 0.396523
v 0.198859 4.206196 0.364735
v 0.266195 4.206196 0.318930
v 0.323302 4.206196 0.260873
v 0.367982 4.206196 0.192786
v 0.398522 4.206196 0.117291
v 0.413748 4.206196 0.037290
v 0.413073 4.206196 -0.044143
v 0.328254 4.283935 -0.178970
v 0.356862 4.283935 -0.111490
v 0.287031 4.283935 -0.239571
v 0.234778 4.283935 -0.290964
v 0.173503 4.283935 -0.331175
v 0.105560 4.283935 -0.358660
v 0.033560 4.283935 -0.372363
v -0.039729 4.283935 -0.371755
v -0.111491 4.283935 -0.356862
v -0.178969 4.283935 -0.328254
v -0.239569 4.283935 -0.287032
v -0.290963 4.283935 -0.234778
v -0.331175 4.283935 -0.173503
v -0.358661 4.283935 -0.105561
v -0.372363 4.283935 -0.033563
v -0.371756 4.283935 0.039728
v -0.356861 4.283935 0.111492
v -0.328255 4.283935 0.178967
v -0.287032 4.283935 0.239568
v -0.234779 4.283935 0.290961
v -0.173503 4.283935 0.331177
v -0.105560 4.283935 0.358661
v -0.033560 4.283935 0.372364
v 0.039729 4.283935 0.371757
v 0.111492 4.283935 0.356863
v 0.178969 4.283935 0.328255
v 0.239570 4.283935 0.287033
v 0.290963 4.283935 0.234779
v 0.331176 4.283935 0.173504
v 0.358660 4.283935 0.105558
v 0.372362 4.283935 0.033560
v 0.371755 4.283935 -0.039731
v 0.279156 4.352073 -0.152202
v 0.303486 4.352073 -0.094815
v 0.244100 4.352073 -0.203736
v 0.199663 4.352073 -0.247443
v 0.147552 4.352073 -0.281643
v 0.089772 4.352073 -0.305016
v 0.028541 4.352073 -0.316667
v -0.033787 4.352073 -0.316154
v -0.094816 4.352073 -0.303488
v -0.152201 4.352073 -0.279159
v -0.203736 4.352073 -0.244099
v -0.247444 4.352073 -0.199662
v -0.281642 4.352073 -0.147554
v -0.305016 4.352073 -0.089771
v -0.316668 4.352073 -0.028540
v -0.316152 4.352073 0.033785
v -0.303486 4.352073 0.094816
v -0.279157 4.352073 0.152199
v -0.244100 4.352073 0.203737
v -0.199662 4.352073 0.247445
v -0.147553 4.352073 0.281640
v -0.089771 4.352073 0.305017
v -0.028541 4.352073 0.316668
v 0.033786 4.352073 0.316151
v 0.094815 4.352073 0.303485
v 0.152201 4.352073 0.279156
v 0.203737 4.352073 0.244100
v 0.247444 4.352073 0.199664
v 0.281641 4.352073 0.147551
v 0.305016 4.352073 0.089772
v 0.316668 4.352073 0.028541
v 0.316151 4.352073 -0.033788
v 0.219332 4.407994 -0.119585
v 0.238447 4.407994 -0.074495
v 0.191789 4.407994 -0.160074
v 0.156874 4.407994 -0.194415
v 0.115931 4.407994 -0.221284
v 0.070533 4.407994 -0.239650
v 0.022424 4.407994 -0.248807
v -0.026546 4.407994 -0.248400
v -0.074496 4.407994 -0.238448
v -0.119584 4.407994 -0.219333
v -0.160076 4.407994 -0.191790
v -0.194415 4.407994 -0.156875
v -0.221284 4.407994 -0.115931
v -0.239649 4.407994 -0.070532
v -0.248805 4.407994 -0.022424
v -0.248400 4.407994 0.026544
v -0.238447 4.407994 0.074497
v -0.219333 4.407994 0.119582
v -0.191788 4.407994 0.160076
v -0.156874 4.407994 0.194416
v -0.115931 4.407994 0.221285
v -0.070534 4.407994 0.239647
v -0.022425 4.407994 0.248804
v 0.026545 4.407994 0.248397
v 0.074497 4.407994 0.238449
v 0.119583 4.407994 0.219330
v 0.160075 4.407994 0.191787
v 0.194415 4.407994 0.156872
v 0.221285 4.407994 0.115932
v 0.239649 4.407994 0.070534
v 0.248805 4.407994 0.022425
v 0.248399 4.407994 -0.026547
v 0.151078 4.449546 -0.082372
v 0.164246 4.449546 -0.051313
v 0.132106 4.449546 -0.110264
v 0.108057 4.449546 -0.133915
v 0.079855 4.449546 -0.152422
v 0.048583 4.449546 -0.165075
v 0.015447 4.449546 -0.171378
v -0.018285 4.449546 -0.171100
v -0.051313 4.449546 -0.164245
v -0.082370 4.449546 -0.151079
v -0.110261 4.449546 -0.132105
v -0.133916 4.449546 -0.108059
v -0.152423 4.449546 -0.079853
v -0.165073 4.449546 -0.048583
v -0.171381 4.449546 -0.015448
v -0.171101 4.449546 0.018284
v -0.164245 4.449546 0.051314
v -0.151079 4.449546 0.082369
v -0.132106 4.449546 0.110261
v -0.108056 4.449546 0.133916
v -0.079855 4.449546 0.152423
v -0.048584 4.449546 0.165072
v -0.015446 4.449546 0.171380
v 0.018286 4.449546 0.171101
v 0.051314 4.449546 0.164246
v 0.082371 4.449546 0.151080
v 0.110262 4.449546 0.132106
v 0.133915 4.449546 0.108056
v 0.152423 4.449546 0.079855
v 0.165073 4.449546 0.048585
v 0.171380 4.449546 0.015445
v 0.171100 4.449546 -0.018287
v 0.077019 4.475134 -0.041992
v 0.083732 4.475134 -0.026159
v 0.067346 4.475134 -0.056212
v 0.055086 4.475134 -0.068271
v 0.040709 4.475134 -0.077706
v 0.024768 4.475134 -0.084154
v 0.007874 4.475134 -0.087368
v -0.009322 4.475134 -0.087228
v -0.026159 4.475134 -0.083731
v -0.041993 4.475134 -0.077021
v -0.056211 4.475134 -0.067347
v -0.068270 4.475134 -0.055087
v -0.077705 4.475134 -0.040711
v -0.084154 4.475134 -0.024769
v -0.087369 4.475134 -0.007876
v -0.087226 4.475134 0.009322
v -0.083732 4.475134 0.026160
v -0.077019 4.475134 0.041993
v -0.067347 4.475134 0.056209
v -0.055087 4.475134 0.068268
v -0.040710 4.475134 0.077703
v -0.024769 4.475134 0.084151
v -0.007874 4.475134 0.087370
v 0.009321 4.475134 0.087225
v 0.026160 4.475134 0.083732
v 0.041992 4.475134 0.077018
v 0.056211 4.475134 0.067348
v 0.068269 4.475134 0.055085
v 0.077704 4.475134 0.040708
v 0.084153 4.475134 0.024767
v 0.087368 4.475134 0.007873
v 0.087226 4.475134 -0.009320
v 0.000000 3.584469 0.000001
v 0.000000 4.483774 0.000001
v -0.146110 4.324917 0.278890
v 0.278890 4.770176 0.146111
v -0.146110 4.770176 0.278890
v 0.278890 4.324917 0.146111
v 0.146111 4.770176 -0.278888
v 0.146111 4.324917 -0.278888
v -0.278889 4.770176 -0.146109
v -0.278889 4.324917 -0.146109
v 0.900297 4.203228 -0.281271
v 0.799017 4.243805 -0.435636
v 0.868652 4.243805 -0.271385
v 0.828124 4.203228 -0.451509
v 0.768524 4.283029 -0.419012
v 0.835503 4.283029 -0.261028
v 0.736559 4.320705 -0.401582
v 0.800751 4.320705 -0.250171
v 0.703090 4.356643 -0.383336
v 0.764366 4.356643 -0.238803
v 0.668141 4.390705 -0.364281
v 0.726370 4.390705 -0.226933
v 0.631793 4.422811 -0.344465
v 0.686855 4.422811 -0.214587
v 0.594171 4.452957 -0.323952
v 0.645954 4.452957 -0.201809
v 0.555434 4.481206 -0.302831
v 0.603841 4.481206 -0.188652
v 0.515735 4.507688 -0.281189
v 0.560683 4.507688 -0.175169
v 0.475209 4.532489 -0.259094
v 0.516625 4.532489 -0.161404
v 0.433860 4.555437 -0.236548
v 0.471672 4.555437 -0.147360
v 0.391669 4.576311 -0.213545
v 0.425804 4.576311 -0.133029
v 0.348674 4.594926 -0.190101
v 0.379062 4.594926 -0.118426
v 0.304939 4.611162 -0.166260
v 0.331516 4.611162 -0.103572
v 0.260572 4.624981 -0.142069
v 0.283282 4.624981 -0.088503
v 0.215685 4.636434 -0.117596
v 0.234483 4.636434 -0.073257
v 0.170405 4.645649 -0.092907
v 0.185256 4.645649 -0.057877
v 0.124831 4.652811 -0.068062
v 0.135711 4.652811 -0.042398
v 0.079057 4.658062 -0.043104
v 0.085948 4.658062 -0.026851
v 0.033145 4.661239 -0.018070
v 0.036033 4.661239 -0.011257
v -0.012849 4.662135 0.007003
v -0.013968 4.662135 0.004365
v -0.058826 4.660593 0.032070
v -0.063952 4.660593 0.019981
v -0.104686 4.656531 0.057074
v -0.113808 4.656531 0.035557
v -0.150319 4.649959 0.081956
v -0.163419 4.649959 0.051056
v -0.195637 4.640977 0.106665
v -0.212687 4.640977 0.066449
v -0.240566 4.629753 0.131161
v -0.261532 4.629753 0.081709
v -0.285077 4.616507 0.155429
v -0.309923 4.616507 0.096827
v -0.329131 4.601406 0.179449
v -0.357816 4.601406 0.111790
v -0.372617 4.584331 0.203156
v -0.405091 4.584331 0.126560
v -0.415410 4.565111 0.226486
v -0.451613 4.565111 0.141094
v -0.457368 4.543645 0.249365
v -0.497229 4.543645 0.155345
v -0.498373 4.519904 0.271721
v -0.541807 4.519904 0.169273
v -0.538325 4.493944 0.293503
v -0.585241 4.493944 0.182842
v -0.577175 4.465891 0.314686
v -0.627477 4.465891 0.196038
v -0.614914 4.435939 0.335259
v -0.668504 4.435939 0.208856
v -0.651457 4.404417 0.355182
v -0.708231 4.404417 0.221267
v 0.698675 4.243805 -0.583147
v 0.724128 4.203228 -0.604388
v 0.672011 4.283029 -0.560894
v 0.644061 4.320705 -0.537561
v 0.614795 4.356643 -0.513138
v 0.584234 4.390705 -0.487632
v 0.552452 4.422811 -0.461102
v 0.519554 4.452957 -0.433646
v 0.485681 4.481206 -0.405373
v 0.450969 4.507688 -0.376400
v 0.415533 4.532489 -0.346821
v 0.379376 4.555437 -0.316644
v 0.342483 4.576311 -0.285853
v 0.304887 4.594926 -0.254473
v 0.266645 4.611162 -0.222554
v 0.227848 4.624981 -0.190176
v 0.188598 4.636434 -0.157415
v 0.149005 4.645649 -0.124368
v 0.109155 4.652811 -0.091106
v 0.069130 4.658062 -0.057697
v 0.028982 4.661239 -0.024191
v -0.011236 4.662135 0.009375
v -0.051438 4.660593 0.042932
v -0.091539 4.656531 0.076401
v -0.131441 4.649959 0.109707
v -0.171068 4.640977 0.142783
v -0.210356 4.629753 0.175574
v -0.249278 4.616507 0.208056
v -0.287799 4.601406 0.240210
v -0.325824 4.584331 0.271945
v -0.363243 4.565111 0.303178
v -0.399931 4.543645 0.333803
v -0.435787 4.519904 0.363725
v -0.470722 4.493944 0.392884
v -0.504694 4.465891 0.421238
v -0.537693 4.435939 0.448781
v -0.569645 4.404417 0.475451
v 0.571485 4.243805 -0.708245
v 0.592304 4.203228 -0.734046
v 0.549674 4.283029 -0.681220
v 0.526813 4.320705 -0.652882
v 0.502875 4.356643 -0.623216
v 0.477877 4.390705 -0.592240
v 0.451881 4.422811 -0.560018
v 0.424972 4.452957 -0.526672
v 0.397265 4.481206 -0.492337
v 0.368872 4.507688 -0.457146
v 0.339887 4.532489 -0.421225
v 0.310311 4.555437 -0.384574
v 0.280136 4.576311 -0.347173
v 0.249382 4.594926 -0.309065
v 0.218103 4.611162 -0.270299
v 0.186370 4.624981 -0.230971
v 0.154265 4.636434 -0.191184
v 0.121879 4.645649 -0.151047
v 0.089283 4.652811 -0.110650
v 0.056545 4.658062 -0.070075
v 0.023706 4.661239 -0.029381
v -0.009190 4.662135 0.011387
v -0.042074 4.660593 0.052141
v -0.074875 4.656531 0.092791
v -0.107513 4.649959 0.133243
v -0.139927 4.640977 0.173412
v -0.172062 4.629753 0.213236
v -0.203897 4.616507 0.252693
v -0.235407 4.601406 0.291739
v -0.266508 4.584331 0.330288
v -0.297116 4.565111 0.368217
v -0.327126 4.543645 0.405409
v -0.356454 4.519904 0.441756
v -0.385029 4.493944 0.477170
v -0.412816 4.465891 0.511608
v -0.439807 4.435939 0.545059
v -0.465944 4.404417 0.577449
v 0.422332 4.243805 -0.806127
v 0.437716 4.203228 -0.835495
v 0.406215 4.283029 -0.775363
v 0.389319 4.320705 -0.743113
v 0.371628 4.356643 -0.709349
v 0.353155 4.390705 -0.674089
v 0.333943 4.422811 -0.637417
v 0.314058 4.452957 -0.599458
v 0.293582 4.481206 -0.560378
v 0.272599 4.507688 -0.520326
v 0.251179 4.532489 -0.479440
v 0.229323 4.555437 -0.437721
v 0.207022 4.576311 -0.395156
v 0.184297 4.594926 -0.351776
v 0.161181 4.611162 -0.307654
v 0.137729 4.624981 -0.262892
v 0.114003 4.636434 -0.217606
v 0.090070 4.645649 -0.171923
v 0.065981 4.652811 -0.125941
v 0.041787 4.658062 -0.079761
v 0.017518 4.661239 -0.033441
v -0.006792 4.662135 0.012960
v -0.031093 4.660593 0.059350
v -0.055332 4.656531 0.105618
v -0.079454 4.649959 0.151656
v -0.103407 4.640977 0.197378
v -0.127154 4.629753 0.242708
v -0.150682 4.616507 0.287614
v -0.173967 4.601406 0.332060
v -0.196952 4.584331 0.375933
v -0.219571 4.565111 0.419105
v -0.241750 4.543645 0.461437
v -0.263422 4.519904 0.502808
v -0.284540 4.493944 0.543115
v -0.305075 4.465891 0.582311
v -0.325022 4.435939 0.620386
v -0.344337 4.404417 0.657252
v 0.256949 4.243805 -0.873030
v 0.266309 4.203228 -0.904837
v 0.247143 4.283029 -0.839716
v 0.236864 4.320705 -0.804786
v 0.226101 4.356643 -0.768218
v 0.214861 4.390705 -0.730033
v 0.203173 4.422811 -0.690318
v 0.191073 4.452957 -0.649213
v 0.178617 4.481206 -0.606885
v 0.165850 4.507688 -0.563512
v 0.152818 4.532489 -0.519230
v 0.139522 4.555437 -0.474049
v 0.125953 4.576311 -0.427951
v 0.112126 4.594926 -0.380973
v 0.098063 4.611162 -0.333188
v 0.083795 4.624981 -0.284710
v 0.069361 4.636434 -0.235664
v 0.054799 4.645649 -0.186189
v 0.040143 4.652811 -0.136395
v 0.025423 4.658062 -0.086382
v 0.010658 4.661239 -0.036216
v -0.004132 4.662135 0.014036
v -0.018917 4.660593 0.064273
v -0.033665 4.656531 0.114382
v -0.048340 4.649959 0.164243
v -0.062914 4.640977 0.213758
v -0.077362 4.629753 0.262851
v -0.091676 4.616507 0.311486
v -0.105843 4.601406 0.359618
v -0.119826 4.584331 0.407133
v -0.133588 4.565111 0.453892
v -0.147081 4.543645 0.499735
v -0.160268 4.519904 0.544536
v -0.173115 4.493944 0.588192
v -0.185609 4.465891 0.630639
v -0.197745 4.435939 0.671875
v -0.209497 4.404417 0.711800
v 0.081692 4.243805 -0.906385
v 0.084668 4.203228 -0.939402
v 0.078574 4.283029 -0.871794
v 0.075305 4.320705 -0.835536
v 0.071884 4.356643 -0.797568
v 0.068311 4.390705 -0.757922
v 0.064595 4.422811 -0.716689
v 0.060749 4.452957 -0.674012
v 0.056787 4.481206 -0.630071
v 0.052729 4.507688 -0.585037
v 0.048585 4.532489 -0.539067
v 0.044358 4.555437 -0.492161
v 0.040044 4.576311 -0.444300
v 0.035648 4.594926 -0.395526
v 0.031177 4.611162 -0.345917
v 0.026641 4.624981 -0.295585
v 0.022051 4.636434 -0.244669
v 0.017423 4.645649 -0.193301
v 0.012763 4.652811 -0.141606
v 0.008082 4.658062 -0.089682
v 0.003389 4.661239 -0.037597
v -0.001314 4.662135 0.014574
v -0.006015 4.660593 0.066730
v -0.010703 4.656531 0.118753
v -0.015368 4.649959 0.170519
v -0.020002 4.640977 0.221925
v -0.024595 4.629753 0.272894
v -0.029146 4.616507 0.323387
v -0.033651 4.601406 0.373358
v -0.038096 4.584331 0.422687
v -0.042471 4.565111 0.471232
v -0.046761 4.543645 0.518827
v -0.050953 4.519904 0.565343
v -0.055038 4.493944 0.610663
v -0.059011 4.465891 0.654732
v -0.062869 4.435939 0.697542
v -0.066605 4.404417 0.738994
v -0.096705 4.243805 -0.904907
v -0.100228 4.203228 -0.937871
v -0.093015 4.283029 -0.870375
v -0.089146 4.320705 -0.834171
v -0.085095 4.356643 -0.796266
v -0.080865 4.390705 -0.756684
v -0.076466 4.422811 -0.715521
v -0.071913 4.452957 -0.672915
v -0.067225 4.481206 -0.629043
v -0.062419 4.507688 -0.584082
v -0.057515 4.532489 -0.538187
v -0.052510 4.555437 -0.491358
v -0.047404 4.576311 -0.443577
v -0.042201 4.594926 -0.394884
v -0.036907 4.611162 -0.345351
v -0.031537 4.624981 -0.295104
v -0.026105 4.636434 -0.244271
v -0.020624 4.645649 -0.192987
v -0.015109 4.652811 -0.141376
v -0.009568 4.658062 -0.089533
v -0.004012 4.661239 -0.037539
v 0.001555 4.662135 0.014550
v 0.007120 4.660593 0.066621
v 0.012670 4.656531 0.118557
v 0.018193 4.649959 0.170239
v 0.023678 4.640977 0.221564
v 0.029115 4.629753 0.272446
v 0.034503 4.616507 0.322859
v 0.039834 4.601406 0.372749
v 0.045097 4.584331 0.421996
v 0.050276 4.565111 0.470460
v 0.055356 4.543645 0.517982
v 0.060318 4.519904 0.564418
v 0.065153 4.493944 0.609665
v 0.069856 4.465891 0.653666
v 0.074423 4.435939 0.696406
v 0.078845 4.404417 0.737789
v -0.271385 4.243805 -0.868651
v -0.281272 4.203228 -0.900296
v -0.261029 4.283029 -0.835504
v -0.250171 4.320705 -0.800750
v -0.238804 4.356643 -0.764364
v -0.226934 4.390705 -0.726371
v -0.214588 4.422811 -0.686854
v -0.201810 4.452957 -0.645954
v -0.188653 4.481206 -0.603842
v -0.175169 4.507688 -0.560682
v -0.161405 4.532489 -0.516627
v -0.147360 4.555437 -0.471671
v -0.133031 4.576311 -0.425806
v -0.118427 4.594926 -0.379062
v -0.103572 4.611162 -0.331515
v -0.088503 4.624981 -0.283282
v -0.073258 4.636434 -0.234485
v -0.057877 4.645649 -0.185254
v -0.042400 4.652811 -0.135713
v -0.026852 4.658062 -0.085948
v -0.011257 4.661239 -0.036032
v 0.004364 4.662135 0.013968
v 0.019980 4.660593 0.063951
v 0.035556 4.656531 0.113808
v 0.051055 4.649959 0.163417
v 0.066447 4.640977 0.212685
v 0.081708 4.629753 0.261533
v 0.096826 4.616507 0.309922
v 0.111789 4.601406 0.357814
v 0.126559 4.584331 0.405092
v 0.141094 4.565111 0.451613
v 0.155345 4.543645 0.497230
v 0.169272 4.519904 0.541807
v 0.182841 4.493944 0.585240
v 0.196038 4.465891 0.627478
v 0.208855 4.435939 0.668505
v 0.221267 4.404417 0.708231
v -0.435637 4.243805 -0.799017
v -0.451506 4.203228 -0.828124
v -0.419012 4.283029 -0.768526
v -0.401584 4.320705 -0.736559
v -0.383335 4.356643 -0.703089
v -0.364280 4.390705 -0.668139
v -0.344463 4.422811 -0.631793
v -0.323952 4.452957 -0.594172
v -0.302831 4.481206 -0.555435
v -0.281187 4.507688 -0.515734
v -0.259092 4.532489 -0.475210
v -0.236547 4.555437 -0.433860
v -0.213545 4.576311 -0.391671
v -0.190103 4.594926 -0.348676
v -0.166258 4.611162 -0.304939
v -0.142068 4.624981 -0.260572
v -0.117596 4.636434 -0.215687
v -0.092907 4.645649 -0.170404
v -0.068060 4.652811 -0.124833
v -0.043103 4.658062 -0.079056
v -0.018072 4.661239 -0.033146
v 0.007005 4.662135 0.012847
v 0.032072 4.660593 0.058825
v 0.057076 4.656531 0.104684
v 0.081956 4.649959 0.150318
v 0.106664 4.640977 0.195637
v 0.131160 4.629753 0.240565
v 0.155429 4.616507 0.285079
v 0.179447 4.601406 0.329131
v 0.203156 4.584331 0.372615
v 0.226488 4.565111 0.415408
v 0.249365 4.543645 0.457369
v 0.271720 4.519904 0.498371
v 0.293503 4.493944 0.538324
v 0.314685 4.465891 0.577176
v 0.335261 4.435939 0.614915
v 0.355184 4.404417 0.651455
v -0.583146 4.243805 -0.698675
v -0.604390 4.203228 -0.724126
v -0.560892 4.283029 -0.672012
v -0.537563 4.320705 -0.644063
v -0.513136 4.356643 -0.614795
v -0.487629 4.390705 -0.584234
v -0.461101 4.422811 -0.552450
v -0.433644 4.452957 -0.519553
v -0.405372 4.481206 -0.485682
v -0.376399 4.507688 -0.450968
v -0.346823 4.532489 -0.415533
v -0.316644 4.555437 -0.379376
v -0.285852 4.576311 -0.342483
v -0.254472 4.594926 -0.304887
v -0.222554 4.611162 -0.266646
v -0.190173 4.624981 -0.227848
v -0.157414 4.636434 -0.188600
v -0.124366 4.645649 -0.149004
v -0.091106 4.652811 -0.109155
v -0.057699 4.658062 -0.069131
v -0.024190 4.661239 -0.028981
v 0.009377 4.662135 0.011233
v 0.042932 4.660593 0.051438
v 0.076402 4.656531 0.091539
v 0.109708 4.649959 0.131443
v 0.142781 4.640977 0.171068
v 0.175573 4.629753 0.210357
v 0.208059 4.616507 0.249279
v 0.240210 4.601406 0.287798
v 0.271947 4.584331 0.325823
v 0.303179 4.565111 0.363244
v 0.333801 4.543645 0.399931
v 0.363728 4.519904 0.435788
v 0.392886 4.493944 0.470722
v 0.421240 4.465891 0.504692
v 0.448782 4.435939 0.537692
v 0.475451 4.404417 0.569644
v -0.708245 4.243805 -0.571483
v -0.734047 4.203228 -0.592305
v -0.681218 4.283029 -0.549676
v -0.652883 4.320705 -0.526810
v -0.623217 4.356643 -0.502873
v -0.592238 4.390705 -0.477878
v -0.560020 4.422811 -0.451880
v -0.526672 4.452957 -0.424974
v -0.492335 4.481206 -0.397265
v -0.457147 4.507688 -0.368875
v -0.421225 4.532489 -0.339887
v -0.384572 4.555437 -0.310311
v -0.347175 4.576311 -0.280136
v -0.309063 4.594926 -0.249385
v -0.270298 4.611162 -0.218104
v -0.230971 4.624981 -0.186371
v -0.191183 4.636434 -0.154264
v -0.151046 4.645649 -0.121879
v -0.110650 4.652811 -0.089284
v -0.070077 4.658062 -0.056546
v -0.029380 4.661239 -0.023707
v 0.011388 4.662135 0.009187
v 0.052142 4.660593 0.042073
v 0.092792 4.656531 0.074875
v 0.133242 4.649959 0.107513
v 0.173412 4.640977 0.139925
v 0.213237 4.629753 0.172061
v 0.252692 4.616507 0.203898
v 0.291740 4.601406 0.235404
v 0.330286 4.584331 0.266509
v 0.368219 4.565111 0.297117
v 0.405410 4.543645 0.327125
v 0.441755 4.519904 0.356452
v 0.477170 4.493944 0.385030
v 0.511606 4.465891 0.412814
v 0.545058 4.435939 0.439808
v 0.577448 4.404417 0.465941
v -0.806128 4.243805 -0.422331
v -0.835495 4.203228 -0.437717
v -0.775364 4.283029 -0.406213
v -0.743114 4.320705 -0.389317
v -0.709348 4.356643 -0.371629
v -0.674088 4.390705 -0.353157
v -0.637417 4.422811 -0.333943
v -0.599459 4.452957 -0.314056
v -0.560378 4.481206 -0.293582
v -0.520326 4.507688 -0.272599
v -0.479440 4.532489 -0.251179
v -0.437721 4.555437 -0.229322
v -0.395156 4.576311 -0.207023
v -0.351777 4.594926 -0.184295
v -0.307654 4.611162 -0.161180
v -0.262892 4.624981 -0.137730
v -0.217605 4.636434 -0.114005
v -0.171922 4.645649 -0.090071
v -0.125942 4.652811 -0.065981
v -0.079761 4.658062 -0.041787
v -0.033440 4.661239 -0.017521
v 0.012962 4.662135 0.006789
v 0.059349 4.660593 0.031094
v 0.105617 4.656531 0.055334
v 0.151657 4.649959 0.079452
v 0.197378 4.640977 0.103406
v 0.242708 4.629753 0.127155
v 0.287615 4.616507 0.150681
v 0.332061 4.601406 0.173967
v 0.375933 4.584331 0.196952
v 0.419106 4.565111 0.219569
v 0.461439 4.543645 0.241746
v 0.502808 4.519904 0.263422
v 0.543116 4.493944 0.284537
v 0.582312 4.465891 0.305072
v 0.620387 4.435939 0.325020
v 0.657253 4.404417 0.344334
v -0.873031 4.243805 -0.256948
v -0.904836 4.203228 -0.266308
v -0.839715 4.283029 -0.247145
v -0.804788 4.320705 -0.236862
v -0.768219 4.356643 -0.226099
v -0.730033 4.390705 -0.214863
v -0.690317 4.422811 -0.203171
v -0.649211 4.452957 -0.191074
v -0.606886 4.481206 -0.178619
v -0.563509 4.507688 -0.165850
v -0.519230 4.532489 -0.152818
v -0.474050 4.555437 -0.139523
v -0.427950 4.576311 -0.125952
v -0.380973 4.594926 -0.112129
v -0.333188 4.611162 -0.098064
v -0.284710 4.624981 -0.083795
v -0.235665 4.636434 -0.069362
v -0.186190 4.645649 -0.054800
v -0.136395 4.652811 -0.040144
v -0.086380 4.658062 -0.025422
v -0.036215 4.661239 -0.010660
v 0.014038 4.662135 0.004130
v 0.064274 4.660593 0.018916
v 0.114382 4.656531 0.033664
v 0.164243 4.649959 0.048341
v 0.213760 4.640977 0.062913
v 0.262850 4.629753 0.077360
v 0.311486 4.616507 0.091676
v 0.359619 4.601406 0.105840
v 0.407134 4.584331 0.119828
v 0.453890 4.565111 0.133587
v 0.499736 4.543645 0.147080
v 0.544538 4.519904 0.160267
v 0.588191 4.493944 0.173115
v 0.630641 4.465891 0.185610
v 0.671875 4.435939 0.197746
v 0.711802 4.404417 0.209496
v -0.906385 4.243805 -0.081692
v -0.939403 4.203228 -0.084666
v -0.871796 4.283029 -0.078576
v -0.835534 4.320705 -0.075304
v -0.797569 4.356643 -0.071886
v -0.757923 4.390705 -0.068313
v -0.716691 4.422811 -0.064595
v -0.674014 4.452957 -0.060750
v -0.630071 4.481206 -0.056789
v -0.585038 4.507688 -0.052729
v -0.539066 4.532489 -0.048584
v -0.492160 4.555437 -0.044357
v -0.444300 4.576311 -0.040045
v -0.395527 4.594926 -0.035649
v -0.345916 4.611162 -0.031177
v -0.295587 4.624981 -0.026643
v -0.244668 4.636434 -0.022054
v -0.193304 4.645649 -0.017423
v -0.141606 4.652811 -0.012763
v -0.089680 4.658062 -0.008082
v -0.037599 4.661239 -0.003389
v 0.014574 4.662135 0.001312
v 0.066730 4.660593 0.006014
v 0.118752 4.656531 0.010702
v 0.170518 4.649959 0.015368
v 0.221926 4.640977 0.020003
v 0.272893 4.629753 0.024596
v 0.323384 4.616507 0.029144
v 0.373359 4.601406 0.033650
v 0.422687 4.584331 0.038095
v 0.471230 4.565111 0.042471
v 0.518828 4.543645 0.046763
v 0.565341 4.519904 0.050951
v 0.610662 4.493944 0.055036
v 0.654733 4.465891 0.059009
v 0.697543 4.435939 0.062867
v 0.738995 4.404417 0.066604
v -0.904906 4.243805 0.096705
v -0.937872 4.203228 0.100226
v -0.870373 4.283029 0.093014
v -0.834170 4.320705 0.089147
v -0.796267 4.356643 0.085095
v -0.756686 4.390705 0.080865
v -0.715522 4.422811 0.076464
v -0.672914 4.452957 0.071912
v -0.629043 4.481206 0.067224
v -0.584084 4.507688 0.062418
v -0.538188 4.532489 0.057513
v -0.491357 4.555437 0.052510
v -0.443575 4.576311 0.047403
v -0.394881 4.594926 0.042201
v -0.345353 4.611162 0.036905
v -0.295105 4.624981 0.031536
v -0.244269 4.636434 0.026103
v -0.192988 4.645649 0.020624
v -0.141375 4.652811 0.015106
v -0.089534 4.658062 0.009567
v -0.037537 4.661239 0.004012
v 0.014550 4.662135 -0.001557
v 0.066620 4.660593 -0.007122
v 0.118558 4.656531 -0.012672
v 0.170240 4.649959 -0.018193
v 0.221564 4.640977 -0.023677
v 0.272448 4.629753 -0.029115
v 0.322858 4.616507 -0.034502
v 0.372750 4.601406 -0.039834
v 0.421997 4.584331 -0.045098
v 0.470461 4.565111 -0.050279
v 0.517981 4.543645 -0.055354
v 0.564419 4.519904 -0.060318
v 0.609666 4.493944 -0.065154
v 0.653666 4.465891 -0.069855
v 0.696405 4.435939 -0.074424
v 0.737789 4.404417 -0.078848
v -0.868652 4.243805 0.271386
v -0.900297 4.203228 0.281272
v -0.835502 4.283029 0.261029
v -0.800751 4.320705 0.250172
v -0.764366 4.356643 0.238805
v -0.726370 4.390705 0.226934
v -0.686855 4.422811 0.214589
v -0.645954 4.452957 0.201810
v -0.603840 4.481206 0.188653
v -0.560683 4.507688 0.175170
v -0.516625 4.532489 0.161405
v -0.471671 4.555437 0.147361
v -0.425803 4.576311 0.133031
v -0.379061 4.594926 0.118427
v -0.331516 4.611162 0.103573
v -0.283281 4.624981 0.088504
v -0.234482 4.636434 0.073258
v -0.185256 4.645649 0.057879
v -0.135710 4.652811 0.042399
v -0.085947 4.658062 0.026852
v -0.036033 4.661239 0.011258
v 0.013968 4.662135 -0.004363
v 0.063952 4.660593 -0.019979
v 0.113809 4.656531 -0.035556
v 0.163419 4.649959 -0.051055
v 0.212687 4.640977 -0.066447
v 0.261532 4.629753 -0.081708
v 0.309923 4.616507 -0.096826
v 0.357816 4.601406 -0.111789
v 0.405091 4.584331 -0.126558
v 0.451614 4.565111 -0.141093
v 0.497229 4.543645 -0.155344
v 0.541807 4.519904 -0.169271
v 0.585241 4.493944 -0.182841
v 0.627477 4.465891 -0.196036
v 0.668505 4.435939 -0.208854
v 0.708232 4.404417 -0.221266
v -0.799016 4.243805 0.435638
v -0.828125 4.203228 0.451506
v -0.768525 4.283029 0.419010
v -0.736558 4.320705 0.401583
v -0.703090 4.356643 0.383337
v -0.668141 4.390705 0.364282
v -0.631794 4.422811 0.344463
v -0.594172 4.452957 0.323949
v -0.555433 4.481206 0.302833
v -0.515736 4.507688 0.281186
v -0.475210 4.532489 0.259091
v -0.433859 4.555437 0.236549
v -0.391670 4.576311 0.213542
v -0.348673 4.594926 0.190102
v -0.304940 4.611162 0.166257
v -0.260573 4.624981 0.142066
v -0.215686 4.636434 0.117593
v -0.170405 4.645649 0.092909
v -0.124832 4.652811 0.068059
v -0.079058 4.658062 0.043101
v -0.033144 4.661239 0.018072
v 0.012848 4.662135 -0.007006
v 0.058825 4.660593 -0.032073
v 0.104685 4.656531 -0.057077
v 0.150319 4.649959 -0.081955
v 0.195637 4.640977 -0.106664
v 0.240567 4.629753 -0.131160
v 0.285078 4.616507 -0.155428
v 0.329132 4.601406 -0.179447
v 0.372617 4.584331 -0.203155
v 0.415409 4.565111 -0.226489
v 0.457369 4.543645 -0.249364
v 0.498373 4.519904 -0.271720
v 0.538324 4.493944 -0.293506
v 0.577175 4.465891 -0.314685
v 0.614914 4.435939 -0.335262
v 0.651456 4.404417 -0.355185
v -0.698676 4.243805 0.583144
v -0.724128 4.203228 0.604389
v -0.672013 4.283029 0.560891
v -0.644061 4.320705 0.537562
v -0.614796 4.356643 0.513135
v -0.584235 4.390705 0.487629
v -0.552452 4.422811 0.461103
v -0.519555 4.452957 0.433643
v -0.485682 4.481206 0.405371
v -0.450970 4.507688 0.376397
v -0.415532 4.532489 0.346823
v -0.379375 4.555437 0.316645
v -0.342484 4.576311 0.285850
v -0.304886 4.594926 0.254474
v -0.266645 4.611162 0.222555
v -0.227849 4.624981 0.190173
v -0.188599 4.636434 0.157412
v -0.149006 4.645649 0.124365
v -0.109155 4.652811 0.091103
v -0.069129 4.658062 0.057699
v -0.028983 4.661239 0.024188
v 0.011235 4.662135 -0.009378
v 0.051437 4.660593 -0.042935
v 0.091538 4.656531 -0.076404
v 0.131442 4.649959 -0.109706
v 0.171069 4.640977 -0.142782
v 0.210356 4.629753 -0.175572
v 0.249277 4.616507 -0.208059
v 0.287799 4.601406 -0.240208
v 0.325823 4.584331 -0.271948
v 0.363241 4.565111 -0.303180
v 0.399932 4.543645 -0.333802
v 0.435786 4.519904 -0.363728
v 0.470721 4.493944 -0.392887
v 0.504693 4.465891 -0.421241
v 0.537692 4.435939 -0.448784
v 0.569644 4.404417 -0.475454
v -0.571484 4.243805 0.708246
v -0.592303 4.203228 0.734048
v -0.549675 4.283029 0.681217
v -0.526812 4.320705 0.652884
v -0.502875 4.356643 0.623217
v -0.477878 4.390705 0.592237
v -0.451880 4.422811 0.560020
v -0.424971 4.452957 0.526673
v -0.397266 4.481206 0.492334
v -0.368872 4.507688 0.457147
v -0.339886 4.532489 0.421226
v -0.310312 4.555437 0.384572
v -0.280135 4.576311 0.347175
v -0.249383 4.594926 0.309063
v -0.218104 4.611162 0.270296
v -0.186370 4.624981 0.230972
v -0.154266 4.636434 0.191181
v -0.121880 4.645649 0.151044
v -0.089284 4.652811 0.110647
v -0.056545 4.658062 0.070076
v -0.023707 4.661239 0.029378
v 0.009189 4.662135 -0.011390
v 0.042073 4.660593 -0.052144
v 0.074874 4.656531 -0.092794
v 0.107513 4.649959 -0.133242
v 0.139927 4.640977 -0.173411
v 0.172061 4.629753 -0.213239
v 0.203898 4.616507 -0.252692
v 0.235406 4.601406 -0.291742
v 0.266508 4.584331 -0.330287
v 0.297115 4.565111 -0.368220
v 0.327125 4.543645 -0.405412
v 0.356453 4.519904 -0.441759
v 0.385029 4.493944 -0.477168
v 0.412816 4.465891 -0.511607
v 0.439808 4.435939 -0.545058
v 0.465944 4.404417 -0.577447
v -0.422331 4.243805 0.806129
v -0.437716 4.203228 0.835496
v -0.406214 4.283029 0.775364
v -0.389318 4.320705 0.743114
v -0.371629 4.356643 0.709346
v -0.353156 4.390705 0.674086
v -0.333943 4.422811 0.637418
v -0.314058 4.452957 0.599459
v -0.293582 4.481206 0.560379
v -0.272599 4.507688 0.520327
v -0.251178 4.532489 0.479441
v -0.229323 4.555437 0.437722
v -0.207023 4.576311 0.395153
v -0.184296 4.594926 0.351777
v -0.161180 4.611162 0.307656
v -0.137730 4.624981 0.262889
v -0.114004 4.636434 0.217603
v -0.090071 4.645649 0.171920
v -0.065981 4.652811 0.125943
v -0.041786 4.658062 0.079762
v -0.017519 4.661239 0.033438
v 0.006791 4.662135 -0.012963
v 0.031093 4.660593 -0.059348
v 0.055332 4.656531 -0.105617
v 0.079453 4.649959 -0.151659
v 0.103407 4.640977 -0.197377
v 0.127155 4.629753 -0.242707
v 0.150682 4.616507 -0.287617
v 0.173966 4.601406 -0.332063
v 0.196952 4.584331 -0.375932
v 0.219570 4.565111 -0.419108
v 0.241749 4.543645 -0.461440
v 0.263421 4.519904 -0.502811
v 0.284539 4.493944 -0.543117
v 0.305074 4.465891 -0.582314
v 0.325021 4.435939 -0.620389
v 0.344336 4.404417 -0.657255
v -0.256948 4.243805 0.873031
v -0.266309 4.203228 0.904834
v -0.247143 4.283029 0.839713
v -0.236863 4.320705 0.804788
v -0.226100 4.356643 0.768220
v -0.214862 4.390705 0.730030
v -0.203173 4.422811 0.690319
v -0.191074 4.452957 0.649210
v -0.178617 4.481206 0.606886
v -0.165851 4.507688 0.563509
v -0.152819 4.532489 0.519228
v -0.139521 4.555437 0.474050
v -0.125953 4.576311 0.427952
v -0.112127 4.594926 0.380970
v -0.098063 4.611162 0.333189
v -0.083796 4.624981 0.284707
v -0.069360 4.636434 0.235665
v -0.054799 4.645649 0.186191
v -0.040143 4.652811 0.136396
v -0.025424 4.658062 0.086379
v -0.010659 4.661239 0.036213
v 0.004132 4.662135 -0.014039
v 0.018916 4.660593 -0.064276
v 0.033665 4.656531 -0.114381
v 0.048340 4.649959 -0.164242
v 0.062913 4.640977 -0.213761
v 0.077362 4.629753 -0.262849
v 0.091676 4.616507 -0.311484
v 0.105842 4.601406 -0.359621
v 0.119827 4.584331 -0.407132
v 0.133588 4.565111 -0.453891
v 0.147080 4.543645 -0.499738
v 0.160267 4.519904 -0.544539
v 0.173115 4.493944 -0.588191
v 0.185608 4.465891 -0.630642
v 0.197745 4.435939 -0.671874
v 0.209496 4.404417 -0.711803
v -0.081691 4.243805 0.906386
v -0.084667 4.203228 0.939404
v -0.078573 4.283029 0.871796
v -0.075306 4.320705 0.835533
v -0.071884 4.356643 0.797569
v -0.068310 4.390705 0.757923
v -0.064595 4.422811 0.716691
v -0.060748 4.452957 0.674013
v -0.056787 4.481206 0.630072
v -0.052729 4.507688 0.585038
v -0.048585 4.532489 0.539068
v -0.044359 4.555437 0.492158
v -0.040044 4.576311 0.444301
v -0.035648 4.594926 0.395528
v -0.031176 4.611162 0.345918
v -0.026641 4.624981 0.295586
v -0.022052 4.636434 0.244666
v -0.017422 4.645649 0.193303
v -0.012762 4.652811 0.141607
v -0.008083 4.658062 0.089679
v -0.003389 4.661239 0.037599
v 0.001313 4.662135 -0.014576
v 0.006015 4.660593 -0.066728
v 0.010703 4.656531 -0.118751
v 0.015369 4.649959 -0.170518
v 0.020001 4.640977 -0.221928
v 0.024595 4.629753 -0.272892
v 0.029146 4.616507 -0.323386
v 0.033650 4.601406 -0.373361
v 0.038097 4.584331 -0.422686
v 0.042471 4.565111 -0.471231
v 0.046761 4.543645 -0.518830
v 0.050954 4.519904 -0.565342
v 0.055039 4.493944 -0.610661
v 0.059010 4.465891 -0.654735
v 0.062868 4.435939 -0.697545
v 0.066604 4.404417 -0.738997
v 0.096704 4.243805 0.904904
v 0.100228 4.203228 0.937872
v 0.093014 4.283029 0.870372
v 0.089145 4.320705 0.834169
v 0.085095 4.356643 0.796267
v 0.080865 4.390705 0.756686
v 0.076467 4.422811 0.715522
v 0.071912 4.452957 0.672912
v 0.067224 4.481206 0.629040
v 0.062419 4.507688 0.584083
v 0.057515 4.532489 0.538188
v 0.052509 4.555437 0.491355
v 0.047403 4.576311 0.443574
v 0.042200 4.594926 0.394881
v 0.036907 4.611162 0.345353
v 0.031537 4.624981 0.295105
v 0.026104 4.636434 0.244268
v 0.020624 4.645649 0.192988
v 0.015108 4.652811 0.141373
v 0.009568 4.658062 0.089535
v 0.004011 4.661239 0.037536
v -0.001556 4.662135 -0.014553
v -0.007120 4.660593 -0.066624
v -0.012671 4.656531 -0.118560
v -0.018194 4.649959 -0.170242
v -0.023678 4.640977 -0.221562
v -0.029116 4.629753 -0.272449
v -0.034503 4.616507 -0.322857
v -0.039836 4.601406 -0.372752
v -0.045098 4.584331 -0.421998
v -0.050277 4.565111 -0.470463
v -0.055355 4.543645 -0.517980
v -0.060319 4.519904 -0.564421
v -0.065154 4.493944 -0.609668
v -0.069855 4.465891 -0.653665
v -0.074423 4.435939 -0.696405
v -0.078846 4.404417 -0.737792
v 0.271386 4.243805 0.868653
v 0.281272 4.203228 0.900298
v 0.261028 4.283029 0.835501
v 0.250172 4.320705 0.800752
v 0.238804 4.356643 0.764365
v 0.226934 4.390705 0.726372
v 0.214588 4.422811 0.686856
v 0.201810 4.452957 0.645955
v 0.188652 4.481206 0.603839
v 0.175169 4.507688 0.560684
v 0.161404 4.532489 0.516624
v 0.147360 4.555437 0.471672
v 0.133030 4.576311 0.425803
v 0.118426 4.594926 0.379059
v 0.103573 4.611162 0.331516
v 0.088504 4.624981 0.283283
v 0.073257 4.636434 0.234482
v 0.057878 4.645649 0.185256
v 0.042399 4.652811 0.135710
v 0.026851 4.658062 0.085945
v 0.011258 4.661239 0.036034
v -0.004363 4.662135 -0.013967
v -0.019981 4.660593 -0.063954
v -0.035556 4.656531 -0.113807
v -0.051056 4.649959 -0.163420
v -0.066448 4.640977 -0.212688
v -0.081708 4.629753 -0.261531
v -0.096827 4.616507 -0.309924
v -0.111790 4.601406 -0.357817
v -0.126559 4.584331 -0.405091
v -0.141093 4.565111 -0.451612
v -0.155345 4.543645 -0.497228
v -0.169272 4.519904 -0.541806
v -0.182842 4.493944 -0.585243
v -0.196037 4.465891 -0.627477
v -0.208855 4.435939 -0.668503
v -0.221266 4.404417 -0.708230
v 0.435636 4.243805 0.799015
v 0.451507 4.203228 0.828125
v 0.419011 4.283029 0.768523
v 0.401583 4.320705 0.736556
v 0.383336 4.356643 0.703090
v 0.364281 4.390705 0.668141
v 0.344464 4.422811 0.631794
v 0.323951 4.452957 0.594169
v 0.302830 4.481206 0.555432
v 0.281187 4.507688 0.515736
v 0.259092 4.532489 0.475211
v 0.236546 4.555437 0.433857
v 0.213544 4.576311 0.391668
v 0.190102 4.594926 0.348673
v 0.166258 4.611162 0.304941
v 0.142069 4.624981 0.260573
v 0.117595 4.636434 0.215684
v 0.092908 4.645649 0.170405
v 0.068059 4.652811 0.124830
v 0.043103 4.658062 0.079058
v 0.018071 4.661239 0.033143
v -0.007006 4.662135 -0.012850
v -0.032073 4.660593 -0.058828
v -0.057076 4.656531 -0.104687
v -0.081957 4.649959 -0.150321
v -0.106664 4.640977 -0.195636
v -0.131161 4.629753 -0.240568
v -0.155429 4.616507 -0.285077
v -0.179449 4.601406 -0.329134
v -0.203157 4.584331 -0.372618
v -0.226488 4.565111 -0.415411
v -0.249364 4.543645 -0.457368
v -0.271721 4.519904 -0.498374
v -0.293504 4.493944 -0.538327
v -0.314685 4.465891 -0.577175
v -0.335261 4.435939 -0.614914
v -0.355185 4.404417 -0.651458
v 0.583147 4.243805 0.698677
v 0.604390 4.203228 0.724128
v 0.560892 4.283029 0.672013
v 0.537562 4.320705 0.644060
v 0.513137 4.356643 0.614796
v 0.487629 4.390705 0.584236
v 0.461102 4.422811 0.552452
v 0.433644 4.452957 0.519555
v 0.405373 4.481206 0.485683
v 0.376399 4.507688 0.450969
v 0.346823 4.532489 0.415534
v 0.316643 4.555437 0.379373
v 0.285852 4.576311 0.342484
v 0.254473 4.594926 0.304888
v 0.222555 4.611162 0.266647
v 0.190173 4.624981 0.227849
v 0.157413 4.636434 0.188597
v 0.124366 4.645649 0.149005
v 0.091106 4.652811 0.109156
v 0.057698 4.658062 0.069128
v 0.024190 4.661239 0.028982
v -0.009378 4.662135 -0.011236
v -0.042932 4.660593 -0.051436
v -0.076402 4.656531 -0.091538
v -0.109707 4.649959 -0.131442
v -0.142782 4.640977 -0.171071
v -0.175572 4.629753 -0.210356
v -0.208059 4.616507 -0.249278
v -0.240211 4.601406 -0.287801
v -0.271946 4.584331 -0.325822
v -0.303178 4.565111 -0.363242
v -0.333802 4.543645 -0.399934
v -0.363728 4.519904 -0.435787
v -0.392885 4.493944 -0.470720
v -0.421240 4.465891 -0.504695
v -0.448783 4.435939 -0.537694
v -0.475452 4.404417 -0.569647
v 0.708246 4.243805 0.571484
v 0.734047 4.203228 0.592302
v 0.681217 4.283029 0.549674
v 0.652883 4.320705 0.526812
v 0.623217 4.356643 0.502875
v 0.592237 4.390705 0.477875
v 0.560020 4.422811 0.451881
v 0.526672 4.452957 0.424971
v 0.492335 4.481206 0.397266
v 0.457146 4.507688 0.368872
v 0.421224 4.532489 0.339884
v 0.384573 4.555437 0.310312
v 0.347175 4.576311 0.280137
v 0.309063 4.594926 0.249382
v 0.270299 4.611162 0.218105
v 0.230970 4.624981 0.186368
v 0.191183 4.636434 0.154266
v 0.151047 4.645649 0.121880
v 0.110651 4.652811 0.089285
v 0.070075 4.658062 0.056543
v 0.029379 4.661239 0.023704
v -0.011389 4.662135 -0.009190
v -0.052143 4.660593 -0.042076
v -0.092792 4.656531 -0.074873
v -0.133242 4.649959 -0.107512
v -0.173413 4.640977 -0.139928
v -0.213237 4.629753 -0.172060
v -0.252692 4.616507 -0.203897
v -0.291741 4.601406 -0.235407
v -0.330286 4.584331 -0.266507
v -0.368218 4.565111 -0.297116
v -0.405411 4.543645 -0.327128
v -0.441756 4.519904 -0.356455
v -0.477170 4.493944 -0.385029
v -0.511607 4.465891 -0.412817
v -0.545058 4.435939 -0.439806
v -0.577449 4.404417 -0.465944
v 0.806128 4.243805 0.422332
v 0.835495 4.203228 0.437718
v 0.775364 4.283029 0.406214
v 0.743114 4.320705 0.389318
v 0.709347 4.356643 0.371626
v 0.674087 4.390705 0.353154
v 0.637417 4.422811 0.333945
v 0.599460 4.452957 0.314057
v 0.560378 4.481206 0.293584
v 0.520326 4.507688 0.272600
v 0.479440 4.532489 0.251181
v 0.437722 4.555437 0.229323
v 0.395155 4.576311 0.207020
v 0.351777 4.594926 0.184296
v 0.307655 4.611162 0.161182
v 0.262891 4.624981 0.137727
v 0.217604 4.636434 0.114002
v 0.171921 4.645649 0.090068
v 0.125942 4.652811 0.065982
v 0.079761 4.658062 0.041788
v 0.033439 4.661239 0.017518
v -0.012963 4.662135 -0.006792
v -0.059349 4.660593 -0.031092
v -0.105617 4.656531 -0.055333
v -0.151658 4.649959 -0.079455
v -0.197378 4.640977 -0.103405
v -0.242707 4.629753 -0.127154
v -0.287616 4.616507 -0.150683
v -0.332062 4.601406 -0.173970
v -0.375933 4.584331 -0.196950
v -0.419107 4.565111 -0.219572
v -0.461440 4.543645 -0.241749
v -0.502809 4.519904 -0.263424
v -0.543117 4.493944 -0.284540
v -0.582313 4.465891 -0.305075
v -0.620388 4.435939 -0.325023
v -0.657255 4.404417 -0.344337
v 0.873032 4.243805 0.256949
v 0.904836 4.203228 0.266310
v 0.839714 4.283029 0.247142
v 0.804788 4.320705 0.236863
v 0.768219 4.356643 0.226101
v 0.730032 4.390705 0.214860
v 0.690318 4.422811 0.203173
v 0.649211 4.452957 0.191075
v 0.606884 4.481206 0.178616
v 0.563510 4.507688 0.165851
v 0.519230 4.532489 0.152820
v 0.474049 4.555437 0.139521
v 0.427951 4.576311 0.125954
v 0.380972 4.594926 0.112126
v 0.333187 4.611162 0.098061
v 0.284710 4.624981 0.083797
v 0.235664 4.636434 0.069359
v 0.186189 4.645649 0.054797
v 0.136394 4.652811 0.040141
v 0.086381 4.658062 0.025424
v 0.036215 4.661239 0.010657
v -0.014039 4.662135 -0.004133
v -0.064275 4.660593 -0.018919
v -0.114383 4.656531 -0.033667
v -0.164243 4.649959 -0.048339
v -0.213759 4.640977 -0.062912
v -0.262851 4.629753 -0.077363
v -0.311485 4.616507 -0.091675
v -0.359620 4.601406 -0.105843
v -0.407133 4.584331 -0.119827
v -0.453891 4.565111 -0.133590
v -0.499736 4.543645 -0.147083
v -0.544539 4.519904 -0.160270
v -0.588191 4.493944 -0.173114
v -0.630641 4.465891 -0.185609
v -0.671875 4.435939 -0.197745
v -0.711802 4.404417 -0.209495
v 0.906384 4.243805 0.081689
v 0.939403 4.203228 0.084667
v 0.871794 4.283029 0.078573
v 0.835534 4.320705 0.075306
v 0.797568 4.356643 0.071883
v 0.757922 4.390705 0.068310
v 0.716691 4.422811 0.064596
v 0.674013 4.452957 0.060747
v 0.630070 4.481206 0.056786
v 0.585037 4.507688 0.052726
v 0.539066 4.532489 0.048586
v 0.492160 4.555437 0.044359
v 0.444299 4.576311 0.040042
v 0.395527 4.594926 0.035650
v 0.345917 4.611162 0.031178
v 0.295586 4.624981 0.026640
v 0.244668 4.636434 0.022051
v 0.193303 4.645649 0.017420
v 0.141605 4.652811 0.012760
v 0.089681 4.658062 0.008083
v 0.037598 4.661239 0.003386
v -0.014575 4.662135 -0.001315
v -0.066731 4.660593 -0.006017
v -0.118753 4.656531 -0.010705
v -0.170517 4.649959 -0.015367
v -0.221926 4.640977 -0.020002
v -0.272893 4.629753 -0.024595
v -0.323385 4.616507 -0.029147
v -0.373358 4.601406 -0.033649
v -0.422688 4.584331 -0.038098
v -0.471231 4.565111 -0.042473
v -0.518828 4.543645 -0.046762
v -0.565342 4.519904 -0.050954
v -0.610663 4.493944 -0.055039
v -0.654734 4.465891 -0.059011
v -0.697544 4.435939 -0.062870
v -0.738996 4.404417 -0.066607
v 0.904906 4.243805 -0.096704
v 0.937871 4.203228 -0.100229
v 0.870372 4.283029 -0.093017
v 0.834171 4.320705 -0.089146
v 0.796267 4.356643 -0.085094
v 0.756687 4.390705 -0.080864
v 0.715521 4.422811 -0.076467
v 0.672913 4.452957 -0.071915
v 0.629043 4.481206 -0.067223
v 0.584083 4.507688 -0.062421
v 0.538187 4.532489 -0.057516
v 0.491358 4.555437 -0.052508
v 0.443574 4.576311 -0.047406
v 0.394881 4.594926 -0.042200
v 0.345352 4.611162 -0.036908
v 0.295104 4.624981 -0.031539
v 0.244268 4.636434 -0.026106
v 0.192988 4.645649 -0.020623
v 0.141374 4.652811 -0.015109
v 0.089533 4.658062 -0.009570
v 0.037537 4.661239 -0.004011
v -0.014551 4.662135 0.001555
v -0.066621 4.660593 0.007119
v -0.118559 4.656531 0.012669
v -0.170239 4.649959 0.018195
v -0.221564 4.640977 0.023678
v -0.272447 4.629753 0.029116
v -0.322857 4.616507 0.034504
v -0.372750 4.601406 0.039835
v -0.421997 4.584331 0.045099
v -0.470462 4.565111 0.050276
v -0.517981 4.543645 0.055356
v -0.564419 4.519904 0.060319
v -0.609667 4.493944 0.065151
v -0.653665 4.465891 0.069856
v -0.696406 4.435939 0.074422
v -0.737790 4.404417 0.078845
v 0.000000 -10.735511 0.000001
v 0.095106 -10.735511 -0.079379
v 0.118244 -10.735511 -0.036941
v 0.095106 -7.124861 -0.079379
v 0.118244 -7.124861 -0.036941
v 0.095106 -3.514211 -0.079379
v 0.118244 -3.514211 -0.036941
v 0.095106 0.096439 -0.079379
v 0.118244 0.096439 -0.036941
v 0.095106 3.707089 -0.079379
v 0.118244 3.707089 -0.036941
v 0.000000 3.707089 0.000001
v 0.057489 -10.735511 -0.109731
v 0.057489 -7.124861 -0.109731
v 0.057489 -3.514211 -0.109731
v 0.057489 0.096439 -0.109731
v 0.057489 3.707089 -0.109731
v 0.011120 -10.735511 -0.123379
v 0.011120 -7.124861 -0.123379
v 0.011120 -3.514211 -0.123379
v 0.011120 0.096439 -0.123379
v 0.011120 3.707089 -0.123379
v -0.036942 -10.735511 -0.118245
v -0.036942 -7.124861 -0.118245
v -0.036942 -3.514211 -0.118245
v -0.036942 0.096439 -0.118245
v -0.036942 3.707089 -0.118245
v -0.079380 -10.735511 -0.095105
v -0.079380 -7.124861 -0.095105
v -0.079380 -3.514211 -0.095105
v -0.079380 0.096439 -0.095105
v -0.079380 3.707089 -0.095105
v -0.109732 -10.735511 -0.057488
v -0.109732 -7.124861 -0.057488
v -0.109732 -3.514211 -0.057488
v -0.109732 0.096439 -0.057488
v -0.109732 3.707089 -0.057488
v -0.123379 -10.735511 -0.011120
v -0.123379 -7.124861 -0.011120
v -0.123379 -3.514211 -0.011120
v -0.123379 0.096439 -0.011120
v -0.123379 3.707089 -0.011120
v -0.118243 -10.735511 0.036942
v -0.118243 -7.124861 0.036942
v -0.118243 -3.514211 0.036942
v -0.118243 0.096439 0.036942
v -0.118243 3.707089 0.036942
v -0.095105 -10.735511 0.079381
v -0.095105 -7.124861 0.079381
v -0.095105 -3.514211 0.079381
v -0.095105 0.096439 0.079381
v -0.095105 3.707089 0.079381
v -0.057489 -10.735511 0.109732
v -0.057489 -7.124861 0.109732
v -0.057489 -3.514211 0.109732
v -0.057489 0.096439 0.109732
v -0.057489 3.707089 0.109732
v -0.011120 -10.735511 0.123381
v -0.011120 -7.124861 0.123381
v -0.011120 -3.514211 0.123381
v -0.011120 0.096439 0.123381
v -0.011120 3.707089 0.123381
v 0.036941 -10.735511 0.118242
v 0.036941 -7.124861 0.118242
v 0.036941 -3.514211 0.118242
v 0.036941 0.096439 0.118242
v 0.036941 3.707089 0.118242
v 0.079380 -10.735511 0.095107
v 0.079380 -7.124861 0.095107
v 0.079380 -3.514211 0.095107
v 0.079380 0.096439 0.095107
v 0.079380 3.707089 0.095107
v 0.109732 -10.735511 0.057489
v 0.109732 -7.124861 0.057489
v 0.109732 -3.514211 0.057489
v 0.109732 0.096439 0.057489
v 0.109732 3.707089 0.057489
v 0.123380 -10.735511 0.011121
v 0.123380 -7.124861 0.011121
v 0.123380 -3.514211 0.011121
v 0.123380 0.096439 0.011121
v 0.123380 3.707089 0.011121
vn 0.4787 -0.0000 0.8780
vn -0.2824 -0.0000 0.9593
vn -0.5597 -0.0976 -0.8229
vn 0.0082 0.0976 0.9952
vn -0.0000 1.0000 -0.0000
vn -0.8780 -0.0000 0.4787
vn 0.2824 -0.0000 -0.9593
vn 0.7783 -0.0000 0.6279
vn -0.1062 -0.0000 -0.9943
vn -0.6279 -0.0000 0.7783
vn -0.2022 -0.0976 -0.9745
vn 0.9593 -0.0000 0.2824
vn 0.0082 -0.0976 0.9952
vn 0.7131 -0.6326 -0.3023
vn -0.6404 -0.6326 0.4356
vn 0.9163 -0.0975 -0.3885
vn -0.9545 -0.0000 0.2982
vn -0.6713 0.2890 0.6825
vn -0.2045 -0.9565 0.2079
vn -0.2855 -0.9565 0.0593
vn 0.2411 0.9565 -0.1640
vn 0.1775 -0.8810 -0.4386
vn 0.4356 -0.8810 -0.1847
vn -0.4386 -0.8810 -0.1774
vn -0.0962 -0.8810 -0.4633
vn -0.3491 0.7715 0.5319
vn 0.6250 -0.7715 0.1189
vn -0.5858 0.7715 0.2483
vn -0.4461 -0.7715 0.4536
vn -0.2483 -0.7715 -0.5857
vn 0.1189 -0.7715 -0.6250
vn -0.7180 -0.6326 -0.2904
vn -0.5522 -0.6326 -0.5431
vn 0.0064 -0.6326 0.7745
vn -0.7131 -0.6326 0.3023
vn 0.4356 0.6326 0.6404
vn 0.8128 0.4696 -0.3446
vn -0.6191 0.4696 0.6294
vn -0.9405 0.2890 -0.1790
vn 0.1790 -0.2890 -0.9404
vn 0.3737 0.2890 0.8814
vn 0.5385 0.2890 0.7915
vn -0.1789 0.2890 0.9405
vn 0.3590 -0.2890 -0.8875
vn 0.3732 -0.0975 -0.9226
vn -0.0083 -0.0976 -0.9952
vn 0.1861 -0.0975 -0.9777
vn -0.9226 -0.0975 -0.3732
vn -0.5460 0.0976 0.8321
vn -0.3590 -0.2890 0.8875
vn -0.6825 0.2890 -0.6713
vn -0.3590 0.2890 0.8875
vn 0.3446 -0.4696 0.8128
vn 0.8673 -0.4696 0.1651
vn -0.1650 -0.4696 0.8673
vn -0.8828 0.4696 0.0073
vn -0.1794 0.4696 -0.8644
vn 0.7609 -0.6326 0.1448
vn -0.3023 0.6326 -0.7131
vn 0.1448 0.6326 -0.7608
vn -0.0064 -0.6326 -0.7745
vn 0.7609 0.6326 0.1448
vn 0.5858 -0.7715 -0.2483
vn 0.0053 0.7715 0.6362
vn 0.3491 0.7715 -0.5319
vn 0.4536 0.7715 0.4461
vn -0.2483 0.7715 -0.5858
vn 0.1189 0.7715 -0.6250
vn 0.5898 0.7715 0.2386
vn -0.3956 0.8810 -0.2596
vn -0.1847 -0.8810 -0.4356
vn -0.0885 -0.8810 0.4648
vn -0.4356 -0.8810 0.1847
vn -0.3912 -0.8810 0.2661
vn -0.2596 0.8810 0.3956
vn 0.4356 0.8810 -0.1847
vn -0.0962 0.8810 -0.4633
vn -0.2544 0.9342 -0.2502
vn 0.1490 0.9643 0.2191
vn 0.0188 0.9949 -0.0989
vn 0.1130 -0.9572 0.2665
vn -0.0748 -0.9297 -0.3607
vn -0.6487 0.6309 -0.4257
vn -0.1249 0.7888 -0.6018
vn 0.1902 0.8618 -0.4702
vn -0.0989 0.9949 -0.0188
vn 0.1628 -0.9572 0.2393
vn -0.3401 -0.9115 0.2314
vn -0.2558 -0.8905 -0.3761
vn -0.0359 0.9843 -0.1730
vn -0.1007 0.9949 0.0008
vn 0.2393 -0.9572 -0.1628
vn -0.5054 0.6932 0.5139
vn 0.4981 0.8410 -0.2112
vn 0.2338 -0.9672 -0.0991
vn 0.4114 -0.9115 -0.0034
vn 0.2948 -0.8434 -0.4492
vn 0.6756 0.7260 0.1286
vn 0.0411 0.9756 -0.2157
vn -0.0211 -0.9996 -0.0207
vn -0.3814 -0.9115 -0.1543
vn 0.3868 0.7259 0.5687
vn 0.5698 0.7888 0.2305
vn -0.0672 -0.9851 -0.1586
vn 0.0991 -0.9672 0.2338
vn 0.4041 -0.9115 0.0769
vn -0.4886 -0.8676 -0.0930
vn 0.5261 0.6611 -0.5349
vn 0.4648 0.7583 0.4572
vn 0.5772 0.8166 -0.0048
vn -0.4751 0.8799 0.0039
vn -0.0036 0.8981 -0.4397
vn -0.0813 0.9165 -0.3917
vn -0.2196 0.9756 0.0018
vn 0.0274 -0.9996 0.0111
vn -0.0473 -0.9920 0.1168
vn -0.1440 -0.9851 -0.0945
vn 0.2683 -0.9572 0.1085
vn -0.4041 -0.9115 -0.0769
vn 0.3683 0.9165 -0.1561
vn -0.2594 0.9643 0.0538
vn -0.0986 0.9949 0.0205
vn 0.4947 -0.8434 -0.2097
vn -0.4089 -0.8192 -0.4022
vn 0.7597 0.6309 -0.1577
vn 0.5315 0.8166 -0.2253
vn 0.4670 0.8618 -0.1980
vn -0.4306 0.8981 0.0894
vn -0.0718 0.9949 -0.0706
vn 0.0646 -0.9851 -0.1597
vn 0.1072 -0.8192 -0.5635
vn 0.3387 0.8799 0.3331
vn 0.1540 0.9756 -0.1566
vn 0.2539 -0.9672 -0.0021
vn 0.2064 -0.9572 0.2030
vn -0.3761 -0.8905 0.2559
vn 0.3345 0.9165 0.2195
vn -0.0015 0.9843 -0.1767
vn -0.0207 -0.9996 0.0211
vn -0.0546 -0.9970 0.0555
vn -0.5635 -0.8191 -0.1072
vn -0.4247 -0.7958 0.4318
vn 0.2253 0.8166 0.5315
vn -0.1767 0.9843 0.0015
vn -0.0304 -0.9970 -0.0717
vn 0.0709 -0.9920 0.1042
vn -0.0541 -0.9572 0.2843
vn -0.5317 -0.8192 -0.2151
vn -0.6056 -0.7958 0.0050
vn 0.4652 0.8799 -0.0965
vn -0.3345 0.9165 -0.2195
vn 0.0166 -0.9996 0.0245
vn 0.1086 -0.9572 -0.2683
vn -0.4022 -0.8191 0.4089
vn -0.2813 0.6932 -0.6636
vn -0.6003 0.7582 0.2545
vn -0.2165 0.8166 0.5351
vn -0.1855 0.8799 -0.4374
vn 0.0026 0.9503 0.3113
vn 0.0515 0.9905 -0.1273
vn -0.0924 -0.8905 -0.4454
vn 0.2602 0.9503 0.1708
vn -0.0005 0.9981 -0.0609
vn -0.0002 -0.9996 -0.0296
vn 0.0146 -0.9970 -0.0765
vn 0.1941 -0.8676 0.4579
vn 0.4310 0.7888 -0.4382
vn 0.0857 0.9756 0.2022
vn -0.0116 -0.9996 -0.0272
vn 0.0292 -0.9970 -0.0722
vn -0.1130 -0.9572 -0.2665
vn 0.2707 -0.9449 -0.1841
vn -0.0850 -0.8905 0.4469
vn 0.4903 0.7260 0.4823
vn 0.1649 0.8981 -0.4076
vn 0.3058 0.9503 0.0582
vn -0.0060 -0.9996 -0.0290
vn -0.0158 -0.9970 -0.0763
vn -0.0011 -0.9920 -0.1260
vn 0.1348 0.6932 -0.7081
vn -0.2672 0.8799 -0.3928
vn -0.0033 0.9165 -0.4000
vn -0.0538 0.9643 -0.2594
vn 0.1816 0.9756 -0.1235
vn 0.1278 -0.9449 0.3014
vn 0.5315 0.8410 0.1011
vn 0.0015 0.9843 0.1767
vn -0.0492 -0.9920 -0.1160
vn 0.3372 0.7888 -0.5139
vn -0.2729 -0.8675 0.4158
vn 0.6955 0.6611 0.2814
vn -0.3955 0.6932 0.6026
vn 0.6038 0.7888 0.1149
vn -0.1031 0.8618 -0.4966
vn 0.3568 0.9342 -0.0030
vn 0.2334 -0.9449 0.2296
vn -0.0062 0.6611 -0.7503
vn 0.4572 0.7582 -0.4648
vn 0.2305 0.7888 -0.5698
vn -0.3083 0.8981 0.3135
vn -0.1381 -0.9297 0.3415
vn -0.3831 -0.8434 -0.3768
vn 0.5451 0.7582 0.3577
vn 0.2649 0.9643 -0.0022
vn -0.1205 0.9756 0.1836
vn -0.1260 0.9843 -0.1239
vn 0.1373 0.9905 -0.0011
vn 0.0644 -0.9970 -0.0438
vn -0.1260 -0.9920 0.0010
vn 0.0322 -0.9851 -0.1692
vn 0.4549 -0.8905 -0.0038
vn 0.5614 -0.7958 0.2271
vn -0.3917 0.9165 0.0813
vn 0.1708 0.9503 -0.2602
vn -0.2150 0.9756 0.0446
vn -0.1477 0.9843 -0.0970
vn -0.0599 0.9981 -0.0114
vn -0.4188 -0.8905 0.1776
vn 0.0041 -0.8676 0.4973
vn 0.0060 0.6932 0.7207
vn -0.3373 0.7888 0.5139
vn 0.4240 0.8618 0.2783
vn -0.0011 0.9905 -0.1373
vn -0.0272 -0.9996 0.0115
vn 0.0006 -0.9970 0.0779
vn 0.1982 -0.9766 -0.0840
vn 0.4579 -0.8676 -0.1941
vn -0.5261 -0.8434 0.1092
vn -0.5686 0.7260 0.3868
vn -0.5451 0.7582 -0.3577
vn 0.1454 0.9643 -0.2215
vn -0.1235 0.9756 -0.1816
vn 0.0008 0.9949 0.1007
vn 0.0211 -0.9996 0.0208
vn -0.4973 -0.8676 0.0041
vn -0.3323 -0.7958 0.5063
vn -0.5960 0.6932 0.4054
vn -0.0495 0.9643 0.2603
vn 0.0979 0.9905 0.0963
vn 0.0749 -0.9297 0.3607
vn -0.2885 -0.9115 0.2933
vn -0.1092 -0.8434 -0.5261
vn 0.4743 -0.8191 -0.3226
vn -0.6273 0.6611 -0.4116
vn 0.7081 0.6932 0.1348
vn 0.5139 0.7888 0.3373
vn 0.2607 0.8799 -0.3972
vn -0.1708 0.9503 0.2602
vn -0.0933 0.9949 -0.0378
vn 0.2496 -0.8905 -0.3803
vn 0.6026 0.6932 0.3955
vn 0.3401 -0.9115 -0.2314
vn 0.1231 -0.7958 0.5930
vn -0.4364 0.6308 -0.6415
vn -0.2783 0.8618 0.4240
vn -0.3135 0.8981 -0.3083
vn 0.0748 0.9165 -0.3930
vn 0.0378 0.9949 -0.0933
vn -0.2626 -0.9297 -0.2583
vn -0.1577 0.6309 -0.7597
vn 0.0039 0.8799 0.4751
vn -0.2473 0.8981 -0.3636
vn 0.0236 -0.9920 -0.1238
vn -0.2834 -0.9572 0.0588
vn 0.3619 -0.9297 0.0689
vn 0.1219 0.7582 -0.6405
vn -0.0725 0.9342 -0.3494
vn 0.0565 0.9981 0.0229
vn 0.2684 0.9565 -0.1138
vn -0.2079 -0.9565 -0.2045
vn 0.2044 0.9565 -0.2079
vn 0.1094 0.9565 -0.2703
vn -0.2916 -0.9565 0.0024
vn -0.1640 0.9565 -0.2411
vn -0.0593 0.9565 -0.2855
vn -0.0593 -0.9565 -0.2855
vn -0.2079 0.9565 -0.2045
vn 0.1094 -0.9565 -0.2703
vn 0.2438 -0.9565 0.1600
vn -0.2855 0.9565 0.0593
vn -0.2411 0.9565 0.1640
vn -0.2045 0.9565 0.2079
vn -0.1600 0.9565 0.2438
vn 0.2438 0.9565 0.1600
vn 0.2079 0.9565 0.2044
vn 0.0024 0.9565 0.2916
vn 0.1138 -0.9566 0.2684
vn 0.0592 0.9566 0.2855
vn -0.0545 0.9565 0.2864
vn -0.1093 -0.9565 0.2703
vn 0.2703 0.9566 0.1093
vn -0.2411 -0.9565 0.1640
vn -0.4633 -0.8810 0.0962
vn 0.3912 0.8810 -0.2661
vn -0.4648 -0.8810 -0.0885
vn -0.2596 -0.8810 0.3956
vn -0.3956 -0.8810 -0.2596
vn -0.3373 -0.8810 -0.3318
vn -0.0039 -0.8810 -0.4731
vn 0.0884 0.8810 -0.4648
vn 0.4386 -0.8810 0.1774
vn 0.3912 -0.8810 -0.2661
vn -0.2661 -0.8810 -0.3912
vn 0.3956 -0.8810 0.2596
vn 0.3374 -0.8810 0.3318
vn 0.2661 -0.8810 0.3912
vn 0.1847 0.8810 0.4356
vn 0.0961 -0.8810 0.4633
vn -0.1774 0.8810 0.4386
vn 0.2596 -0.8810 -0.3956
vn -0.3318 -0.8810 0.3373
vn -0.6229 -0.7715 0.1293
vn -0.5319 -0.7715 -0.3491
vn -0.4536 -0.7715 -0.4461
vn -0.2386 0.7715 0.5898
vn -0.5261 -0.7715 0.3578
vn -0.1293 -0.7715 -0.6229
vn -0.0053 -0.7715 -0.6362
vn 0.3491 -0.7715 -0.5319
vn 0.4461 -0.7715 -0.4536
vn 0.5260 -0.7715 -0.3578
vn 0.6229 -0.7715 -0.1293
vn 0.6362 -0.7715 -0.0053
vn 0.5319 -0.7715 0.3491
vn 0.4536 -0.7715 0.4461
vn -0.6250 -0.7715 -0.1189
vn 0.1293 -0.7715 0.6229
vn 0.0053 -0.7715 0.6362
vn -0.3491 -0.7715 0.5319
vn -0.6230 0.7715 0.1293
vn -0.7584 -0.6326 0.1574
vn -0.7745 -0.6326 0.0064
vn -0.7609 -0.6326 -0.1448
vn -0.6475 -0.6326 -0.4250
vn -0.1448 -0.6326 0.7609
vn -0.0064 0.6326 -0.7745
vn -0.4356 0.6326 -0.6404
vn 0.5522 -0.6326 0.5431
vn 0.1574 -0.6326 0.7583
vn 0.7584 -0.6326 -0.1574
vn 0.7745 -0.6326 -0.0064
vn 0.0064 0.6326 0.7745
vn 0.7180 0.6326 0.2904
vn 0.6475 -0.6326 0.4249
vn -0.7608 0.6326 -0.1448
vn 0.3023 0.6326 0.7131
vn 0.1448 -0.6326 -0.7609
vn -0.4249 -0.6326 0.6475
vn -0.5431 -0.6326 0.5522
vn 0.7131 0.6326 -0.3023
vn -0.8644 -0.4696 0.1794
vn 0.7300 0.4696 -0.4966
vn 0.6191 0.4696 -0.6294
vn -0.6294 -0.4696 -0.6191
vn -0.3311 -0.4696 0.8184
vn 0.8184 -0.4696 0.3311
vn 0.1794 -0.4696 0.8645
vn -0.4966 0.4696 -0.7300
vn 0.1651 0.4696 -0.8673
vn 0.7381 -0.4696 0.4844
vn -0.8184 0.4696 -0.3311
vn 0.6191 -0.4696 -0.6294
vn 0.7300 -0.4696 -0.4966
vn -0.8644 0.4696 0.1794
vn 0.8644 -0.4696 -0.1794
vn -0.4844 0.4696 0.7381
vn 0.0073 0.4696 0.8828
vn -0.1650 0.4696 0.8673
vn 0.1794 0.4696 0.8645
vn 0.3446 0.4696 0.8128
vn 0.6294 0.4696 0.6191
vn -0.7381 0.4696 -0.4844
vn 0.8184 0.4696 0.3311
vn 0.8673 0.4696 0.1651
vn 0.8828 0.4696 -0.0073
vn 0.8644 0.4696 -0.1794
vn -0.9374 -0.2890 0.1945
vn -0.9573 -0.2890 0.0079
vn -0.8004 -0.2890 -0.5252
vn -0.6825 -0.2890 -0.6713
vn -0.3737 -0.2890 -0.8814
vn -0.0079 -0.2890 -0.9573
vn 0.5252 -0.2890 -0.8004
vn 0.6713 -0.2890 -0.6825
vn 0.9374 -0.2890 -0.1945
vn 0.8004 -0.2890 0.5252
vn -0.3737 0.2890 -0.8814
vn 0.1945 -0.2890 0.9374
vn 0.0079 -0.2890 0.9573
vn -0.1789 -0.2890 0.9405
vn -0.5253 -0.2890 0.8004
vn -0.6713 -0.2890 0.6825
vn -0.7916 -0.2890 0.5384
vn -0.9745 -0.0975 0.2022
vn -0.9952 -0.0975 0.0082
vn 0.6979 0.0975 -0.7095
vn 0.5461 0.0975 -0.8321
vn -0.8320 -0.0975 -0.5461
vn -0.7096 -0.0975 -0.6979
vn 0.3885 -0.0976 0.9163
vn 0.2022 0.0976 0.9745
vn -0.5597 0.0976 -0.8229
vn 0.1861 0.0976 -0.9777
vn 0.3732 0.0975 -0.9226
vn 0.5461 -0.0975 -0.8321
vn 0.6979 -0.0975 -0.7095
vn -0.9952 0.0975 0.0082
vn 0.9745 -0.0976 -0.2022
vn 0.9952 -0.0976 -0.0083
vn 0.9777 0.0976 0.1861
vn 0.8321 -0.0975 0.5460
vn -0.3885 -0.0976 -0.9163
vn 0.3885 0.0976 0.9163
vn -0.1860 -0.0975 0.9777
vn 0.8321 0.0975 0.5460
vn -0.5460 -0.0976 0.8321
vn -0.6979 -0.0976 0.7095
vn -0.8229 0.0976 0.5598
vn 0.9745 0.0976 -0.2022
vn -0.9745 0.0975 0.2022
vn -0.9777 0.0975 -0.1861
vn -0.9226 0.0975 -0.3732
vn -0.8320 0.0975 -0.5461
vn -0.7096 0.0976 -0.6979
vn -0.9163 -0.0976 0.3885
vn 0.8229 0.0975 -0.5598
vn 0.5598 -0.0976 0.8229
vn 0.9952 0.0976 -0.0083
vn 0.9226 0.0976 0.3732
vn -0.3885 0.0976 -0.9163
vn -0.2022 0.0976 -0.9745
vn -0.1860 0.0976 0.9777
vn -0.3732 0.0975 0.9226
vn -0.6979 0.0976 0.7095
vn -0.9163 0.0976 0.3885
vn -0.9374 0.2890 0.1945
vn -0.9573 0.2890 0.0079
vn -0.9405 -0.2890 -0.1790
vn -0.8875 -0.2890 -0.3590
vn -0.8004 0.2890 -0.5252
vn -0.1945 -0.2890 -0.9374
vn -0.1945 0.2890 -0.9374
vn -0.0079 0.2890 -0.9573
vn 0.1790 0.2890 -0.9404
vn 0.5252 0.2890 -0.8004
vn 0.6713 0.2890 -0.6825
vn 0.9374 0.2890 -0.1945
vn 0.9573 -0.2890 -0.0079
vn 0.9404 0.2890 0.1790
vn 0.8875 -0.2890 0.3590
vn 0.8004 0.2890 0.5252
vn 0.6825 0.2890 0.6713
vn 0.5384 -0.2890 0.7915
vn 0.3737 -0.2890 0.8814
vn 0.1945 0.2890 0.9374
vn 0.0079 0.2890 0.9573
vn -0.5253 0.2890 0.8004
vn 0.9404 -0.2890 0.1790
vn -0.7916 0.2890 0.5384
vn -0.8814 -0.2890 0.3737
vn 0.8128 -0.4696 -0.3446
vn -0.8673 0.4696 -0.1651
vn 0.4844 -0.4696 -0.7381
vn -0.3311 0.4696 0.8184
vn -0.6294 0.4696 -0.6191
vn -0.0073 -0.4696 -0.8828
vn -0.1794 -0.4696 -0.8644
vn -0.3446 -0.4696 -0.8128
vn 0.1651 -0.4696 -0.8673
vn 0.7381 0.4696 0.4844
vn 0.4844 0.4696 -0.7381
vn -0.8128 -0.4696 0.3446
vn 0.8828 -0.4696 -0.0073
vn -0.7381 -0.4696 -0.4844
vn 0.6294 -0.4696 0.6191
vn 0.0073 -0.4696 0.8828
vn -0.8184 -0.4696 -0.3311
vn 0.4966 -0.4696 0.7300
vn -0.8128 0.4696 0.3446
vn 0.3311 -0.4696 -0.8184
vn -0.4844 -0.4696 0.7381
vn -0.6191 -0.4696 0.6294
vn -0.7300 -0.4696 0.4966
vn -0.0073 0.4696 -0.8828
vn -0.7583 0.6326 0.1574
vn -0.7745 0.6326 0.0064
vn 0.5431 -0.6326 -0.5522
vn -0.6475 0.6326 -0.4250
vn -0.1448 0.6326 0.7608
vn 0.2904 -0.6326 -0.7180
vn 0.5522 0.6326 0.5431
vn 0.1574 0.6326 0.7583
vn 0.4249 0.6326 -0.6475
vn 0.5431 0.6326 -0.5522
vn 0.7583 0.6326 -0.1574
vn 0.4356 -0.6326 0.6404
vn 0.7745 0.6326 -0.0064
vn 0.6475 0.6326 0.4249
vn -0.5522 0.6326 -0.5431
vn -0.4356 -0.6326 -0.6404
vn -0.4249 0.6326 0.6475
vn -0.5431 0.6326 0.5522
vn -0.6404 0.6326 0.4356
vn -0.6362 0.7715 0.0053
vn -0.4461 0.7715 0.4536
vn -0.5898 0.7715 -0.2386
vn -0.4536 0.7715 -0.4461
vn -0.3579 0.7715 -0.5261
vn -0.5261 0.7715 0.3578
vn -0.1293 0.7715 -0.6229
vn -0.3579 -0.7715 -0.5260
vn 0.2386 0.7715 -0.5898
vn -0.5898 -0.7715 -0.2386
vn -0.6362 -0.7715 0.0053
vn 0.5858 0.7715 -0.2483
vn 0.6230 0.7715 -0.1293
vn 0.6362 0.7715 -0.0053
vn 0.3578 0.7715 0.5261
vn 0.5319 0.7715 0.3491
vn 0.2484 -0.7715 0.5857
vn 0.1293 0.7715 0.6230
vn -0.6250 0.7715 -0.1189
vn -0.1189 0.7715 0.6250
vn -0.2386 -0.7715 0.5898
vn 0.4461 0.7715 -0.4536
vn -0.4633 0.8810 0.0962
vn -0.4732 0.8810 0.0039
vn -0.0039 0.8810 -0.4731
vn -0.3373 0.8810 -0.3318
vn -0.2661 0.8810 -0.3912
vn -0.1847 0.8810 -0.4356
vn 0.4386 0.8810 0.1774
vn 0.3318 0.8810 -0.3374
vn 0.4648 -0.8810 0.0885
vn 0.4633 0.8810 -0.0962
vn 0.4731 0.8810 -0.0039
vn -0.4386 0.8810 -0.1774
vn 0.3956 0.8810 0.2596
vn 0.3374 0.8810 0.3318
vn 0.0961 0.8810 0.4633
vn 0.0039 0.8810 0.4732
vn -0.0885 0.8810 0.4648
vn 0.2596 0.8810 -0.3956
vn -0.3318 0.8810 0.3373
vn -0.2916 0.9565 0.0024
vn 0.1600 -0.9565 -0.2438
vn 0.2030 -0.9572 -0.2064
vn 0.0545 -0.9565 -0.2864
vn -0.1640 -0.9565 -0.2411
vn -0.1138 -0.9565 -0.2685
vn -0.0024 0.9565 -0.2916
vn 0.0545 0.9565 -0.2864
vn -0.2438 -0.9565 -0.1600
vn -0.2703 -0.9565 -0.1093
vn -0.2864 -0.9565 -0.0545
vn 0.2411 -0.9565 -0.1640
vn -0.2684 -0.9565 0.1138
vn 0.2916 0.9565 -0.0024
vn -0.0024 -0.9565 -0.2916
vn -0.0545 -0.9565 0.2864
vn 0.1640 0.9565 0.2411
vn 0.0592 -0.9566 0.2855
vn 0.1640 -0.9565 0.2411
vn -0.1138 0.9565 -0.2685
vn -0.1093 0.9565 0.2703
vn 0.2864 -0.9565 0.0545
vn -0.2438 0.9565 -0.1600
vn 0.2855 -0.9565 -0.0593
vn 0.0907 -0.9951 -0.0384
vn 0.0907 0.9951 -0.0384
vn 0.0814 -0.9951 -0.0554
vn 0.0814 0.9951 -0.0554
vn 0.0691 -0.9951 -0.0702
vn 0.0691 0.9951 -0.0702
vn 0.0540 -0.9951 -0.0823
vn 0.0540 0.9951 -0.0823
vn 0.0369 -0.9951 -0.0913
vn 0.0369 0.9951 -0.0913
vn 0.0184 -0.9951 -0.0968
vn 0.0184 0.9951 -0.0968
vn -0.0008 -0.9951 -0.0985
vn -0.0008 0.9951 -0.0985
vn -0.0200 -0.9951 -0.0964
vn -0.0200 0.9951 -0.0964
vn -0.0384 -0.9951 -0.0907
vn -0.0384 0.9951 -0.0907
vn -0.0554 -0.9951 -0.0814
vn -0.0554 0.9951 -0.0814
vn -0.0702 -0.9951 -0.0691
vn -0.0702 0.9951 -0.0691
vn -0.0823 -0.9951 -0.0540
vn -0.0823 0.9951 -0.0540
vn -0.0913 -0.9951 -0.0369
vn -0.0913 0.9951 -0.0369
vn -0.0967 -0.9951 -0.0184
vn -0.0968 0.9951 -0.0184
vn -0.0985 -0.9951 0.0008
vn -0.0985 0.9951 0.0008
vn -0.0964 -0.9951 0.0200
vn -0.0964 0.9951 0.0200
vn -0.0907 -0.9951 0.0384
vn -0.0907 0.9951 0.0384
vn -0.0814 -0.9951 0.0554
vn -0.0814 0.9951 0.0554
vn -0.0691 -0.9951 0.0702
vn -0.0691 0.9951 0.0702
vn -0.0540 -0.9951 0.0823
vn -0.0540 0.9951 0.0823
vn -0.0369 -0.9951 0.0913
vn -0.0369 0.9951 0.0913
vn -0.0184 -0.9951 0.0967
vn -0.0184 0.9951 0.0967
vn 0.0008 -0.9951 0.0985
vn 0.0008 0.9951 0.0985
vn 0.0200 -0.9951 0.0964
vn 0.0200 0.9951 0.0964
vn 0.0385 -0.9951 0.0907
vn 0.0385 0.9951 0.0907
vn 0.0554 -0.9951 0.0814
vn 0.0554 0.9951 0.0814
vn 0.0702 -0.9951 0.0690
vn 0.0702 0.9951 0.0690
vn 0.0823 -0.9951 0.0540
vn 0.0823 0.9951 0.0540
vn 0.0913 -0.9951 0.0369
vn 0.0913 0.9951 0.0369
vn 0.0968 -0.9951 0.0184
vn 0.0968 0.9951 0.0184
vn 0.0985 -0.9951 -0.0008
vn 0.0985 0.9951 -0.0008
vn 0.0964 -0.9951 -0.0200
vn 0.0964 0.9951 -0.0200
vn -0.7057 0.6932 0.1465
vn 0.6734 0.7260 -0.1398
vn 0.6384 0.7582 -0.1325
vn -0.6018 0.7888 0.1249
vn -0.5652 0.8166 0.1173
vn -0.5298 0.8410 0.1100
vn -0.4966 0.8618 0.1031
vn -0.4652 0.8799 0.0965
vn -0.3494 0.9342 0.0725
vn -0.3048 0.9503 0.0633
vn -0.2022 0.9756 0.0857
vn -0.1345 0.9905 0.0279
vn 0.0986 0.9949 -0.0205
vn 0.0343 0.9981 0.0504
vn -0.0158 -0.9999 0.0067
vn 0.0158 0.9999 -0.0067
vn -0.0296 -0.9996 0.0002
vn -0.0763 -0.9970 0.0158
vn -0.1234 -0.9920 0.0256
vn -0.1982 -0.9766 0.0840
vn 0.2487 -0.9672 -0.0516
vn 0.2834 -0.9572 -0.0588
vn -0.3205 -0.9449 0.0665
vn -0.4028 -0.9115 0.0836
vn -0.4454 -0.8905 0.0924
vn -0.4870 -0.8676 0.1011
vn -0.5616 -0.8191 0.1166
vn -0.6877 0.7260 0.0057
vn -0.6519 0.7582 0.0054
vn 0.4382 0.7888 0.4310
vn -0.5410 0.8410 0.0045
vn 0.0965 0.8799 0.4652
vn -0.4000 0.9165 0.0033
vn -0.3568 0.9342 0.0030
vn -0.1816 0.9756 0.1235
vn -0.0842 0.9949 -0.0552
vn -0.0609 0.9981 0.0005
vn -0.0142 -0.9999 0.0097
vn 0.0142 0.9999 -0.0097
vn -0.0245 -0.9996 0.0166
vn -0.0779 -0.9970 0.0006
vn -0.1424 -0.9851 0.0969
vn -0.1534 -0.9766 -0.1509
vn -0.3273 -0.9449 0.0027
vn -0.2933 -0.9115 -0.2885
vn -0.5373 -0.8434 0.0045
vn -0.5736 -0.8191 0.0048
vn -0.5007 -0.7958 0.3406
vn -0.4116 0.6611 0.6273
vn -0.6756 0.7260 -0.1286
vn -0.6405 0.7582 -0.1219
vn -0.6038 0.7888 -0.1149
vn -0.5671 0.8166 -0.1079
vn -0.2969 0.8410 0.4523
vn 0.4702 0.8618 0.1902
vn -0.4667 0.8799 -0.0888
vn -0.4397 0.8981 0.0036
vn 0.3494 0.9342 -0.0725
vn -0.2603 0.9643 -0.0495
vn -0.1239 0.9843 0.1260
vn -0.0963 0.9905 0.0979
vn -0.0120 -0.9999 0.0122
vn 0.0121 0.9999 -0.0122
vn -0.0765 -0.9970 -0.0146
vn -0.1238 -0.9920 -0.0236
vn 0.1692 -0.9851 0.0322
vn -0.2844 -0.9572 -0.0541
vn -0.4469 -0.8905 -0.0850
vn -0.4257 0.6309 0.6487
vn -0.6955 0.6611 -0.2814
vn 0.4404 0.8799 0.1782
vn 0.3930 0.9165 0.0748
vn -0.2885 0.9503 -0.1167
vn -0.1638 0.9843 -0.0663
vn -0.0188 0.9949 0.0989
vn -0.0094 -0.9999 0.0144
vn 0.0094 0.9999 -0.0144
vn -0.1995 -0.9766 -0.0807
vn -0.3415 -0.9297 -0.1381
vn -0.2257 -0.9115 0.3439
vn -0.2496 -0.8905 0.3803
vn -0.4981 -0.8434 -0.2015
vn -0.1166 -0.8191 -0.5616
vn 0.6273 0.6611 0.4116
vn -0.5750 0.7260 -0.3773
vn 0.3972 0.8799 0.2607
vn -0.3676 0.8981 -0.2413
vn -0.2983 0.9342 -0.1958
vn -0.1836 0.9756 -0.1205
vn -0.1148 0.9905 -0.0754
vn -0.0064 -0.9999 0.0159
vn 0.0064 0.9999 -0.0159
vn -0.0247 -0.9996 -0.0162
vn -0.0651 -0.9970 -0.0427
vn 0.1160 -0.9920 -0.0492
vn -0.2420 -0.9572 -0.1588
vn -0.2737 -0.9449 -0.1796
vn -0.3080 -0.9297 -0.2021
vn -0.3439 -0.9115 -0.2257
vn -0.1706 -0.8905 0.4217
vn -0.4158 -0.8676 -0.2729
vn -0.4795 -0.8192 -0.3147
vn -0.5349 0.6611 -0.5261
vn -0.5139 0.6932 -0.5054
vn -0.4903 0.7260 -0.4822
vn -0.4648 0.7582 -0.4572
vn -0.5698 0.7888 -0.2305
vn -0.4116 0.8166 -0.4048
vn -0.3857 0.8410 -0.3794
vn -0.2852 0.9165 -0.2805
vn -0.1566 0.9756 -0.1540
vn -0.0257 0.9905 0.1349
vn -0.0032 -0.9999 0.0169
vn 0.0032 0.9999 -0.0169
vn 0.0899 -0.9920 0.0884
vn -0.0475 -0.9672 0.2495
vn 0.0024 -0.9572 0.2894
vn -0.0027 -0.9449 -0.3273
vn -0.0689 -0.9297 0.3619
vn -0.3243 -0.8905 -0.3190
vn 0.4158 -0.8676 0.2729
vn -0.4220 0.6611 -0.6204
vn -0.4054 0.6932 -0.5960
vn -0.3868 0.7260 -0.5686
vn 0.0054 0.7582 0.6519
vn 0.0051 0.7888 0.6147
vn 0.3043 0.8410 0.4474
vn -0.2853 0.8618 -0.4194
vn -0.2250 0.9165 -0.3308
vn -0.2007 0.9342 -0.2950
vn -0.1751 0.9503 -0.2574
vn 0.0022 0.9643 0.2649
vn -0.0994 0.9843 -0.1461
vn -0.0772 0.9905 -0.1136
vn -0.0566 0.9949 -0.0832
vn -0.0343 0.9981 -0.0504
vn 0.0001 -0.9999 0.0172
vn -0.0001 0.9999 -0.0172
vn -0.0709 -0.9920 -0.1042
vn -0.0969 -0.9851 -0.1424
vn -0.1428 -0.9672 -0.2100
vn -0.2072 -0.9297 -0.3046
vn -0.2797 -0.8676 -0.4112
vn -0.3406 -0.7958 -0.5007
vn -0.3029 0.6309 -0.7144
vn 0.1325 0.7582 0.6384
vn 0.1249 0.7888 0.6018
vn -0.2253 0.8166 -0.5315
vn -0.1980 0.8618 -0.4669
vn -0.1716 0.8981 -0.4048
vn -0.1562 0.9165 -0.3683
vn 0.0725 0.9342 0.3494
vn -0.1215 0.9503 -0.2866
vn -0.1034 0.9643 -0.2439
vn -0.0857 0.9756 -0.2022
vn -0.0690 0.9843 -0.1627
vn -0.0238 0.9981 -0.0561
vn 0.0035 -0.9999 0.0168
vn -0.0035 0.9999 -0.0168
vn 0.1228 -0.9851 0.1208
vn -0.0840 -0.9766 -0.1982
vn -0.1438 -0.9297 -0.3391
vn -0.1776 -0.8905 -0.4188
vn -0.1941 -0.8676 -0.4579
vn -0.2097 -0.8434 -0.4946
vn 0.1166 -0.8191 0.5616
vn -0.2364 -0.7958 -0.5576
vn -0.1525 0.6611 -0.7346
vn -0.1465 0.6932 -0.7057
vn -0.1398 0.7260 -0.6734
vn 0.2545 0.7582 0.6003
vn 0.2399 0.7888 0.5659
vn -0.1100 0.8410 -0.5298
vn -0.0965 0.8799 -0.4652
vn 0.0813 0.9165 0.3917
vn 0.1393 0.9342 0.3285
vn 0.0538 0.9643 0.2594
vn 0.1205 0.9756 -0.1836
vn -0.0279 0.9905 -0.1345
vn -0.0205 0.9949 -0.0986
vn 0.0114 0.9981 -0.0599
vn 0.0067 -0.9999 0.0158
vn -0.0067 0.9999 -0.0158
vn -0.0256 -0.9920 -0.1234
vn -0.0350 -0.9851 -0.1687
vn -0.0516 -0.9672 -0.2486
vn 0.2737 -0.9449 0.1796
vn -0.0836 -0.9115 -0.4028
vn 0.2239 -0.8191 0.5281
vn -0.4318 -0.7958 -0.4247
vn -0.0064 0.6308 -0.7759
vn -0.2929 0.6611 -0.6908
vn -0.6734 0.7260 0.1398
vn 0.3667 0.7582 0.5391
vn 0.3457 0.7888 0.5082
vn -0.0048 0.8166 -0.5772
vn -0.0045 0.8410 -0.5410
vn 0.2672 0.8799 0.3928
vn -0.0022 0.9643 -0.2649
vn -0.0018 0.9756 -0.2196
vn 0.0097 -0.9999 0.0142
vn -0.0097 0.9999 -0.0142
vn 0.0438 -0.9970 0.0644
vn -0.0899 -0.9920 -0.0884
vn 0.0350 -0.9851 0.1687
vn -0.0018 -0.9766 -0.2152
vn -0.0034 -0.9115 -0.4114
vn -0.0038 -0.8905 -0.4549
vn -0.0045 -0.8434 -0.5373
vn -0.0047 -0.8192 -0.5736
vn 0.1451 0.6309 -0.7622
vn 0.1149 0.7888 -0.6038
vn 0.3247 0.8166 0.4773
vn 0.0948 0.8618 -0.4983
vn 0.0888 0.8799 -0.4667
vn 0.0667 0.9342 -0.3505
vn 0.0582 0.9503 -0.3058
vn 0.0495 0.9643 -0.2603
vn 0.0018 0.9756 0.2196
vn 0.0330 0.9843 -0.1736
vn 0.0122 -0.9999 0.0121
vn -0.0122 0.9999 -0.0121
vn -0.0236 -0.9920 0.1238
vn 0.0402 -0.9766 -0.2114
vn 0.1811 -0.9672 0.1781
vn 0.0541 -0.9572 -0.2844
vn 0.0612 -0.9449 -0.3216
vn 0.2626 -0.9297 0.2583
vn 0.0769 -0.9115 -0.4041
vn 0.0930 -0.8676 -0.4886
vn -0.3767 -0.8434 0.3830
vn -0.2151 -0.8191 0.5317
vn 0.1132 -0.7958 -0.5949
vn 0.2910 0.6309 -0.7193
vn 0.2814 0.6611 -0.6955
vn 0.2703 0.6932 -0.6682
vn 0.2445 0.7582 -0.6044
vn 0.2029 0.8410 -0.5016
vn -0.1782 0.8799 0.4404
vn 0.1500 0.9165 -0.3709
vn 0.1167 0.9503 -0.2885
vn 0.0994 0.9643 -0.2456
vn -0.1540 0.9756 0.1566
vn 0.0663 0.9843 -0.1638
vn -0.0124 0.9981 -0.0597
vn 0.0144 -0.9999 0.0094
vn -0.0144 0.9999 -0.0094
vn 0.0807 -0.9766 -0.1995
vn 0.0952 -0.9672 -0.2354
vn -0.0665 -0.9449 -0.3205
vn 0.3803 -0.8905 0.2496
vn 0.2015 -0.8434 -0.4981
vn 0.7193 0.6309 0.2910
vn 0.3954 0.6932 -0.6026
vn 0.3773 0.7260 -0.5750
vn 0.3577 0.7582 -0.5451
vn -0.3457 0.7888 -0.5082
vn -0.4241 0.8618 -0.2783
vn 0.2413 0.8981 -0.3676
vn 0.1958 0.9342 -0.2983
vn 0.1638 0.9843 0.0663
vn 0.0753 0.9905 -0.1148
vn 0.0552 0.9949 -0.0842
vn 0.0334 0.9981 -0.0510
vn 0.0159 -0.9999 0.0064
vn -0.0159 0.9999 -0.0064
vn 0.0162 -0.9996 -0.0247
vn 0.0427 -0.9970 -0.0651
vn 0.0692 -0.9920 -0.1054
vn 0.0945 -0.9851 -0.1440
vn 0.1393 -0.9672 -0.2123
vn 0.1588 -0.9572 -0.2420
vn 0.1796 -0.9449 -0.2737
vn 0.3814 -0.9115 0.1543
vn 0.4217 -0.8905 0.1706
vn 0.2729 -0.8676 -0.4158
vn 0.3147 -0.8192 -0.4795
vn 0.5441 0.6309 -0.5532
vn 0.5016 0.8410 0.2029
vn 0.3557 0.8618 -0.3616
vn 0.2805 0.9165 -0.2852
vn 0.2502 0.9342 -0.2544
vn 0.2183 0.9503 -0.2219
vn 0.1349 0.9905 0.0257
vn 0.0706 0.9949 -0.0718
vn 0.0427 0.9981 -0.0435
vn 0.0169 -0.9999 0.0032
vn -0.0169 0.9999 -0.0032
vn 0.0291 -0.9996 0.0055
vn 0.0765 -0.9970 0.0146
vn 0.1509 -0.9766 -0.1534
vn 0.1781 -0.9672 -0.1811
vn 0.2583 -0.9297 -0.2626
vn 0.3487 -0.8676 -0.3546
vn 0.3768 -0.8434 -0.3830
vn 0.4022 -0.8191 -0.4089
vn 0.6415 0.6309 -0.4364
vn 0.2969 0.8410 -0.4524
vn 0.4194 0.8618 -0.2853
vn 0.3928 0.8799 -0.2672
vn 0.3636 0.8981 -0.2473
vn 0.2574 0.9503 -0.1751
vn 0.2196 0.9756 -0.0018
vn 0.1461 0.9843 -0.0994
vn 0.1136 0.9905 -0.0772
vn 0.0832 0.9949 -0.0566
vn 0.0597 0.9981 -0.0124
vn 0.0172 -0.9999 -0.0001
vn -0.0172 0.9999 0.0001
vn 0.0296 -0.9996 -0.0002
vn 0.0779 -0.9970 -0.0006
vn 0.1722 -0.9851 -0.0014
vn 0.2152 -0.9766 -0.0018
vn 0.2100 -0.9672 -0.1428
vn 0.3046 -0.9297 -0.2072
vn 0.3761 -0.8905 -0.2559
vn 0.4112 -0.8676 -0.2797
vn 0.6056 -0.7958 -0.0050
vn 0.6908 0.6611 -0.2929
vn -0.6332 0.7260 0.2684
vn -0.5315 0.8166 0.2253
vn 0.4524 0.8410 0.2969
vn 0.5072 0.8618 -0.0042
vn 0.4048 0.8981 -0.1716
vn 0.2439 0.9643 -0.1034
vn 0.2022 0.9756 -0.0857
vn 0.1627 0.9843 -0.0690
vn 0.0927 0.9949 -0.0393
vn 0.0168 -0.9999 -0.0035
vn -0.0168 0.9999 0.0035
vn 0.0272 -0.9996 -0.0116
vn 0.1687 -0.9851 -0.0350
vn 0.2107 -0.9766 -0.0437
vn -0.2665 -0.9572 0.1130
vn 0.3205 -0.9449 -0.0665
vn 0.3391 -0.9297 -0.1438
vn 0.4454 -0.8905 -0.0924
vn 0.4492 -0.8434 0.2948
vn 0.5576 -0.7958 -0.2364
vn 0.7346 0.6611 -0.1525
vn 0.6332 0.7260 -0.2684
vn 0.6003 0.7582 -0.2545
vn 0.5298 0.8410 -0.1100
vn -0.3930 0.9165 -0.0748
vn 0.3048 0.9503 -0.0633
vn 0.2594 0.9643 -0.0538
vn 0.2150 0.9756 -0.0446
vn 0.1730 0.9843 -0.0359
vn 0.1345 0.9905 -0.0279
vn 0.0504 0.9981 -0.0343
vn 0.0158 -0.9999 -0.0067
vn -0.0158 0.9999 0.0067
vn 0.0290 -0.9996 -0.0060
vn 0.0763 -0.9970 -0.0158
vn 0.1234 -0.9920 -0.0256
vn 0.1586 -0.9851 -0.0672
vn -0.2107 -0.9766 0.0437
vn -0.2487 -0.9672 0.0516
vn 0.2665 -0.9572 -0.1130
vn 0.3014 -0.9449 -0.1278
vn 0.1381 -0.9297 -0.3415
vn 0.4028 -0.9115 -0.0836
vn 0.4188 -0.8905 -0.1776
vn 0.5261 -0.8434 -0.1092
vn 0.7759 0.6309 -0.0064
vn 0.6877 0.7260 -0.0057
vn -0.3247 0.8166 -0.4773
vn 0.4751 0.8799 -0.0039
vn 0.4000 0.9165 -0.0033
vn 0.3112 0.9503 -0.0026
vn 0.1007 0.9949 -0.0008
vn 0.0609 0.9981 -0.0005
vn 0.0142 -0.9999 -0.0097
vn -0.0142 0.9999 0.0097
vn 0.1260 -0.9920 -0.0010
vn -0.2152 -0.9766 0.0018
vn 0.2894 -0.9572 -0.0024
vn 0.3273 -0.9449 -0.0027
vn 0.5373 -0.8434 -0.0045
vn 0.7622 0.6309 0.1451
vn 0.1403 0.6611 -0.7371
vn -0.2703 0.6932 0.6682
vn 0.5671 0.8166 0.1079
vn 0.2783 0.8618 -0.4240
vn 0.4667 0.8799 0.0888
vn 0.3505 0.9342 0.0667
vn -0.2649 0.9643 0.0022
vn 0.1736 0.9843 0.0330
vn 0.0120 -0.9999 -0.0122
vn -0.0121 0.9999 0.0122
vn -0.0291 -0.9996 -0.0055
vn 0.0546 -0.9970 -0.0555
vn 0.1208 -0.9851 -0.1228
vn 0.2495 -0.9672 0.0475
vn -0.2683 -0.9572 -0.1086
vn 0.4469 -0.8905 0.0850
vn 0.4886 -0.8676 0.0930
vn 0.5278 -0.8434 0.1004
vn 0.5635 -0.8191 0.1072
vn 0.6044 0.7582 0.2445
vn -0.2305 0.7888 0.5698
vn -0.5351 0.8166 -0.2165
vn -0.4404 0.8799 -0.1782
vn 0.3917 0.9165 -0.0813
vn 0.2885 0.9503 0.1167
vn 0.2456 0.9643 0.0994
vn 0.0970 0.9843 -0.1477
vn 0.0094 -0.9999 -0.0144
vn -0.0094 0.9999 0.0144
vn 0.0111 -0.9996 -0.0274
vn 0.1168 -0.9920 0.0473
vn 0.1995 -0.9766 0.0807
vn 0.3415 -0.9297 0.1381
vn -0.4114 -0.9115 0.0034
vn -0.4217 -0.8905 -0.1706
vn 0.4611 -0.8675 0.1865
vn 0.4981 -0.8434 0.2015
vn 0.5317 -0.8192 0.2151
vn 0.3323 -0.7958 -0.5063
vn 0.3676 0.8981 0.2413
vn 0.2983 0.9342 0.1958
vn 0.2215 0.9643 0.1454
vn 0.0064 -0.9999 -0.0159
vn -0.0064 0.9999 0.0159
vn 0.1440 -0.9851 0.0945
vn 0.1799 -0.9766 0.1181
vn 0.2123 -0.9672 0.1393
vn 0.2420 -0.9572 0.1588
vn 0.3439 -0.9115 0.2257
vn -0.3803 -0.8905 -0.2496
vn -0.3546 -0.8676 -0.3487
vn 0.4795 -0.8191 0.3147
vn 0.5063 -0.7958 0.3323
vn -0.7371 0.6611 -0.1403
vn -0.6026 0.6932 -0.3954
vn 0.3858 0.8410 0.3794
vn 0.1031 0.8618 0.4966
vn 0.3135 0.8981 0.3083
vn 0.2544 0.9342 0.2502
vn 0.2219 0.9503 0.2183
vn 0.1889 0.9643 0.1858
vn -0.0979 0.9905 -0.0963
vn 0.0032 -0.9999 -0.0169
vn -0.0032 0.9999 0.0169
vn 0.0555 -0.9970 0.0546
vn 0.1535 -0.9766 0.1509
vn -0.1811 -0.9672 -0.1781
vn 0.2933 -0.9115 0.2885
vn 0.3243 -0.8905 0.3190
vn 0.4318 -0.7958 0.4247
vn 0.4364 0.6309 0.6415
vn 0.4054 0.6932 0.5960
vn -0.3667 0.7582 -0.5391
vn 0.2853 0.8618 0.4194
vn -0.0039 0.8799 -0.4751
vn 0.2473 0.8981 0.3636
vn 0.2007 0.9342 0.2950
vn 0.1751 0.9503 0.2574
vn 0.1235 0.9756 0.1816
vn 0.0994 0.9843 0.1461
vn 0.0566 0.9949 0.0832
vn -0.0510 0.9981 -0.0334
vn -0.0001 -0.9999 -0.0172
vn 0.0001 0.9999 0.0172
vn 0.0247 -0.9996 0.0162
vn 0.0969 -0.9851 0.1424
vn 0.1428 -0.9672 0.2100
vn 0.2558 -0.8905 0.3761
vn 0.2797 -0.8676 0.4112
vn 0.3226 -0.8192 0.4743
vn 0.3029 0.6309 0.7143
vn 0.2929 0.6611 0.6908
vn 0.5960 0.6932 -0.4054
vn 0.2684 0.7260 0.6332
vn -0.2545 0.7582 -0.6003
vn -0.2399 0.7888 -0.5659
vn 0.2112 0.8410 0.4981
vn 0.1980 0.8618 0.4670
vn 0.1854 0.8799 0.4374
vn 0.1562 0.9165 0.3683
vn -0.1393 0.9342 -0.3285
vn 0.1215 0.9503 0.2866
vn 0.1034 0.9643 0.2439
vn 0.0536 0.9905 0.1264
vn -0.0114 0.9981 0.0599
vn -0.0035 -0.9999 -0.0168
vn 0.0035 0.9999 0.0168
vn 0.0115 -0.9996 0.0272
vn 0.0492 -0.9920 0.1160
vn 0.0672 -0.9851 0.1586
vn 0.0840 -0.9766 0.1982
vn 0.1438 -0.9297 0.3391
vn 0.2097 -0.8434 0.4947
vn -0.2239 -0.8191 -0.5281
vn 0.2364 -0.7958 0.5576
vn 0.1465 0.6932 0.7057
vn 0.1173 0.8166 0.5652
vn -0.3332 0.8799 0.3387
vn 0.0894 0.8981 0.4306
vn 0.0446 0.9756 0.2150
vn 0.0359 0.9843 0.1730
vn 0.0205 0.9949 0.0986
vn 0.0124 0.9981 0.0597
vn -0.0067 -0.9999 -0.0158
vn 0.0067 0.9999 0.0158
vn 0.0158 -0.9970 0.0763
vn -0.1597 -0.9851 -0.0646
vn 0.0516 -0.9672 0.2486
vn -0.1628 -0.9572 -0.2393
vn 0.0836 -0.9115 0.4028
vn 0.1011 -0.8676 0.4869
vn -0.6415 0.6309 0.4364
vn 0.0062 0.6611 0.7503
vn 0.0057 0.7259 0.6877
vn -0.0051 0.7888 -0.6147
vn 0.0048 0.8166 0.5772
vn 0.0045 0.8410 0.5410
vn -0.2413 0.8981 0.3676
vn 0.0033 0.9165 0.4000
vn -0.1490 0.9643 -0.2191
vn 0.0011 0.9905 0.1373
vn 0.0989 0.9949 0.0188
vn 0.0005 0.9981 0.0609
vn -0.0097 -0.9999 -0.0142
vn 0.0097 0.9999 0.0142
vn -0.0274 -0.9996 -0.0111
vn 0.0018 -0.9766 0.2152
vn -0.0991 -0.9672 -0.2338
vn 0.0030 -0.9297 0.3683
vn 0.0034 -0.9115 0.4114
vn -0.0041 -0.8676 -0.4973
vn 0.0045 -0.8434 0.5373
vn 0.0050 -0.7958 0.6056
vn -0.1403 0.6611 0.7370
vn -0.1348 0.6932 0.7081
vn -0.1286 0.7260 0.6756
vn -0.1219 0.7583 0.6405
vn -0.1149 0.7888 0.6038
vn -0.1079 0.8166 0.5671
vn -0.0948 0.8618 0.4982
vn -0.0888 0.8799 0.4667
vn -0.0748 0.9165 0.3930
vn -0.0411 0.9756 0.2157
vn -0.0330 0.9843 0.1736
vn 0.0257 0.9905 -0.1349
vn -0.0123 -0.9999 -0.0120
vn 0.0123 0.9999 0.0120
vn -0.0612 -0.9449 0.3216
vn 0.0689 -0.9297 -0.3619
vn -0.0930 -0.8676 0.4886
vn -0.1004 -0.8434 0.5278
vn -0.1072 -0.8191 0.5635
vn -0.2910 0.6309 0.7193
vn -0.2814 0.6611 0.6955
vn -0.2579 0.7260 0.6375
vn -0.2445 0.7582 0.6044
vn -0.4826 0.8166 -0.3167
vn -0.2029 0.8410 0.5016
vn 0.0042 0.8618 0.5072
vn 0.0036 0.8981 0.4397
vn -0.1500 0.9165 0.3708
vn -0.1167 0.9503 0.2886
vn -0.0824 0.9756 0.2036
vn -0.0663 0.9843 0.1638
vn -0.0515 0.9905 0.1273
vn -0.0144 -0.9999 -0.0094
vn 0.0144 0.9999 0.0094
vn -0.0111 -0.9996 0.0274
vn -0.0292 -0.9970 0.0722
vn -0.1228 -0.9449 0.3035
vn -0.2015 -0.8434 0.4981
vn 0.4257 0.6309 -0.6487
vn -0.3773 0.7260 0.5750
vn 0.3167 0.8166 -0.4826
vn -0.2195 0.9165 0.3344
vn -0.1958 0.9342 0.2983
vn -0.0754 0.9905 0.1148
vn -0.0552 0.9949 0.0842
vn -0.0334 0.9981 0.0510
vn -0.0159 -0.9999 -0.0064
vn 0.0159 0.9999 0.0064
vn -0.0162 -0.9996 0.0247
vn -0.0427 -0.9970 0.0651
vn -0.0945 -0.9851 0.1440
vn -0.1393 -0.9672 0.2123
vn -0.1588 -0.9572 0.2420
vn -0.1796 -0.9449 0.2737
vn 0.2257 -0.9115 -0.3439
vn 0.2151 -0.8192 -0.5317
vn -0.7143 0.6309 0.3029
vn -0.5261 0.6611 0.5349
vn -0.4823 0.7260 0.4903
vn -0.4572 0.7582 0.4648
vn -0.4310 0.7888 0.4382
vn -0.3794 0.8410 0.3857
vn -0.2183 0.9503 0.2219
vn -0.1736 0.9843 -0.0330
vn 0.0963 0.9905 -0.0979
vn -0.0706 0.9949 0.0718
vn -0.0427 0.9981 0.0435
vn -0.0169 -0.9999 -0.0032
vn 0.0169 0.9999 0.0032
vn -0.0166 -0.9996 -0.0245
vn 0.0304 -0.9970 0.0717
vn -0.0884 -0.9920 0.0899
vn -0.1692 -0.9851 -0.0322
vn -0.1509 -0.9766 0.1534
vn -0.2030 -0.9572 0.2064
vn -0.2295 -0.9449 0.2334
vn -0.1543 -0.9115 0.3814
vn 0.1004 -0.8434 -0.5278
vn 0.4247 -0.7958 -0.4318
vn -0.5391 0.7582 0.3667
vn -0.4474 0.8410 0.3043
vn -0.4194 0.8618 0.2853
vn -0.3636 0.8981 0.2473
vn -0.2950 0.9342 0.2007
vn -0.2191 0.9643 0.1490
vn -0.1461 0.9843 0.0994
vn -0.1136 0.9905 0.0772
vn -0.0172 -0.9999 0.0001
vn 0.0172 0.9999 -0.0001
vn 0.0245 -0.9996 -0.0166
vn 0.1424 -0.9851 -0.0969
vn 0.1780 -0.9766 -0.1211
vn -0.2100 -0.9672 0.1428
vn -0.3607 -0.9297 0.0749
vn -0.4743 -0.8192 0.3226
vn 0.5007 -0.7958 -0.3406
vn -0.6636 0.6932 0.2813
vn -0.6384 0.7582 0.1325
vn 0.4374 0.8799 -0.1854
vn -0.4049 0.8981 0.1716
vn -0.3683 0.9165 0.1561
vn -0.3285 0.9342 0.1393
vn -0.0927 0.9949 0.0393
vn -0.0168 -0.9999 0.0035
vn 0.0168 0.9999 -0.0035
vn 0.0717 -0.9970 -0.0304
vn -0.1586 -0.9851 0.0672
vn -0.1210 -0.9766 -0.1780
vn -0.2338 -0.9672 0.0991
vn -0.3391 -0.9297 0.1438
vn -0.4579 -0.8676 0.1941
vn -0.5281 -0.8192 0.2239
vn -0.5576 -0.7958 0.2364
vn -0.0000 -1.0000 -0.0000
vn 0.9943 -0.0000 -0.1063
vn 0.6279 -0.0000 -0.7783
vn 0.8780 -0.0000 -0.4787
vn -0.4787 -0.0000 -0.8780
vn -0.7783 -0.0000 -0.6279
vn -0.9593 -0.0000 -0.2824
vn -0.9943 -0.0000 0.1063
vn 0.1063 -0.0000 0.9943
vn 0.2044 -0.9565 -0.2079
vn -0.2703 0.9565 -0.1093
vn 0.4732 -0.8810 -0.0039
vn 0.0039 -0.8810 0.4732
vn -0.1774 -0.8810 0.4386
vn 0.2661 0.8810 0.3912
vn 0.4648 0.8810 0.0885
vn 0.2386 -0.7715 -0.5898
vn 0.5261 0.7715 -0.3579
vn -0.5858 -0.7715 0.2483
vn -0.1189 -0.7715 0.6250
vn 0.3578 -0.7715 0.5260
vn -0.2905 -0.6326 0.7180
vn -0.7131 0.6326 0.3023
vn -0.1574 0.6326 -0.7584
vn -0.8828 -0.4696 0.0073
vn 0.9573 0.2890 -0.0079
vn 0.8875 0.2890 0.3590
vn 0.7915 0.2890 -0.5384
vn 0.8814 -0.2890 -0.3737
vn 0.7095 -0.0975 0.6979
vn -0.9777 -0.0975 -0.1861
vn 0.8814 0.2890 -0.3737
vn 0.4966 0.4696 0.7300
vn 0.3023 -0.6326 0.7131
vn -0.2905 0.6326 0.7180
vn 0.4249 -0.6326 -0.6475
vn 0.2904 0.6326 -0.7180
vn 0.6404 -0.6326 -0.4356
vn -0.1574 -0.6325 -0.7584
vn -0.7180 0.6326 -0.2904
vn -0.5319 0.7715 -0.3491
vn 0.5898 -0.7715 0.2386
vn 0.6250 0.7715 0.1189
vn -0.4732 -0.8810 0.0039
vn -0.4356 0.8810 0.1847
vn -0.3912 0.8810 0.2661
vn 0.1775 0.8810 -0.4386
vn -0.1600 -0.9566 0.2438
vn -0.2864 0.9565 -0.0545
vn 0.1600 0.9565 -0.2438
vn 0.1138 0.9566 0.2684
vn 0.2079 -0.9565 0.2044
vn -0.4320 0.8981 -0.0822
vn -0.0438 -0.9970 -0.0644
vn 0.1841 -0.9449 0.2707
vn -0.4610 -0.8676 -0.1865
vn -0.3308 0.9165 0.2250
vn 0.1836 0.9756 0.1205
vn 0.1042 -0.9920 -0.0709
vn 0.1011 0.8410 -0.5315
vn -0.1902 0.8618 0.4702
vn 0.1477 0.9843 0.0970
vn 0.0561 0.9981 -0.0238
vn -0.1181 -0.9766 0.1799
vn -0.0054 0.7582 -0.6519
vn -0.1173 0.8166 -0.5652
vn -0.3387 0.8799 -0.3331
vn 0.0060 -0.9996 0.0290
vn 0.0722 -0.9970 0.0292
vn 0.1181 -0.9766 -0.1799
vn 0.3607 -0.9297 -0.0749
vn -0.7597 0.6309 0.1577
vn 0.3406 -0.7958 0.5007
vn -0.5072 0.8618 0.0042
vn -0.1649 0.8981 0.4076
vn 0.3285 0.9342 -0.1393
vn -0.0322 -0.9851 0.1692
vn -0.0588 -0.9572 -0.2834
vn 0.5736 -0.8192 -0.0048
vn 0.5652 0.8166 -0.1173
vn 0.1767 0.9843 -0.0015
vn 0.0842 0.9949 0.0552
vn -0.1780 -0.9766 0.1211
vn -0.1451 0.6309 0.7622
vn -0.1273 0.9905 -0.0515
vn -0.0434 0.9981 -0.0427
vn -0.3014 -0.9449 0.1278
vn 0.3546 -0.8676 0.3488
vn 0.6636 0.6932 -0.2813
vn 0.4048 0.8166 -0.4116
vn -0.0042 0.8618 -0.5072
vn 0.1260 0.9843 0.1239
vn -0.2583 -0.9297 0.2626
vn 0.4115 0.8166 0.4048
vn -0.3043 0.8410 -0.4474
vn 0.0393 0.9949 0.0927
vn 0.1606 -0.9115 0.3788
vn -0.5614 -0.7958 -0.2271
vn -0.2607 0.8799 0.3972
vn -0.2574 0.9503 0.1751
vn -0.2439 0.9643 0.1034
vn -0.0644 -0.9970 0.0438
vn -0.1606 -0.9115 -0.3787
vn -0.3190 -0.8905 0.3243
vn 0.3022 -0.8434 0.4442
vn -0.2456 0.9643 -0.0994
vn 0.0229 0.9981 -0.0565
vn 0.0207 -0.9996 -0.0211
vn 0.2072 -0.9297 0.3046
vn 0.4442 -0.8434 -0.3022
vn 0.2271 -0.7958 -0.5614
vn 0.6375 0.7260 0.2579
vn 0.3308 0.9342 0.1338
vn -0.2215 0.9643 -0.1454
vn -0.0561 0.9981 0.0238
vn 0.2314 -0.9115 0.3401
vn 0.0048 -0.8192 0.5736
vn 0.6204 0.6611 -0.4220
vn 0.5750 0.7260 0.3773
vn -0.0894 0.8981 -0.4306
vn -0.3708 0.9165 -0.1500
vn 0.0718 0.9949 0.0706
vn -0.0536 0.9905 -0.1264
vn -0.1865 -0.8676 0.4611
vn -0.5930 -0.7958 0.1231
vn 0.2813 0.6932 0.6636
vn 0.6405 0.7582 0.1219
vn -0.4773 0.8166 0.3247
vn 0.0690 0.9843 0.1627
vn 0.2114 -0.9766 0.0402
vn -0.1781 -0.9672 0.1811
vn 0.0665 -0.9449 0.3205
vn -0.7081 0.6932 -0.1347
vn -0.3167 0.8166 0.4826
vn 0.3616 0.8618 0.3556
vn -0.3684 -0.9297 0.0031
vn -0.5659 0.7888 0.2399
vn 0.4826 0.8166 0.3167
vn -0.4374 0.8799 0.1854
vn -0.3058 0.9503 -0.0582
vn 0.1238 -0.9920 0.0236
vn 0.1597 -0.9851 0.0646
vn 0.1706 -0.8905 -0.4217
vn -0.5315 0.8410 -0.1012
vn 0.0510 0.9981 0.0334
vn -0.0952 -0.9672 0.2354
vn -0.2866 0.9503 0.1215
vn 0.3794 0.8410 -0.3857
vn -0.2602 0.9503 -0.1708
vn -0.2114 -0.9766 -0.0402
vn -0.2064 -0.9572 -0.2030
vn 0.1092 -0.8434 0.5261
vn 0.1099 0.8410 0.5298
vn 0.4397 0.8981 -0.0036
vn -0.0633 0.9503 -0.3047
vn 0.0055 -0.9996 -0.0291
vn 0.1054 -0.9920 0.0692
vn 0.1210 -0.9766 0.1780
vn -0.2021 -0.9297 0.3080
vn -0.1228 -0.9851 -0.1208
vn -0.3787 -0.9115 0.1606
vn -0.5063 -0.7958 -0.3323
vn 0.2165 0.8166 -0.5351
vn -0.2112 0.8410 -0.4981
vn -0.0393 0.9949 -0.0927
vn -0.0290 -0.9996 0.0060
vn 0.3080 -0.9297 0.2021
vn 0.3787 -0.9115 -0.1606
vn 0.4089 -0.8191 0.4022
vn -0.7346 0.6611 0.1525
vn 0.0633 0.9503 0.3048
vn -0.1889 0.9643 -0.1858
vn -0.0008 0.9949 -0.1007
vn -0.3226 -0.8192 -0.4742
vn -0.3577 0.7582 0.5451
vn -0.3557 0.8618 0.3616
vn 0.0002 -0.9996 0.0296
vn 0.0437 -0.9766 0.2107
vn -0.0031 -0.9297 -0.3683
vn -0.1011 -0.8676 -0.4870
vn -0.5532 0.6309 -0.5441
vn -0.0994 0.9643 0.2456
vn -0.1730 0.9843 0.0359
vn -0.1349 0.9905 -0.0257
vn 0.0238 0.9981 0.0561
vn 0.0010 -0.9920 0.1260
vn -0.1085 -0.9572 0.2683
vn 0.2885 -0.9115 -0.2933
vn 0.6487 0.6309 0.4257
vn -0.2684 0.7260 -0.6332
vn 0.1716 0.8981 0.4048
vn -0.0667 0.9342 0.3505
vn -0.0446 0.9756 -0.2150
vn -0.0717 -0.9970 0.0304
vn -0.1042 -0.9920 0.0709
vn -0.1722 -0.9851 0.0014
vn 0.0475 -0.9672 -0.2495
vn -0.1841 -0.9449 -0.2707
vn -0.7193 0.6309 -0.2910
vn -0.4382 0.7888 -0.4310
vn -0.5016 0.8410 -0.2029
vn -0.4982 0.8618 -0.0948
vn -0.0970 0.9843 0.1477
vn -0.0597 0.9981 0.0124
vn -0.0555 -0.9970 -0.0546
vn 0.0473 -0.9920 -0.1168
vn 0.2021 -0.9297 -0.3080
vn 0.4966 0.8618 -0.1031
vn 0.0822 0.8981 -0.4320
vn 0.2852 0.9165 0.2805
vn -0.0378 0.9949 0.0933
vn 0.0256 -0.9920 0.1234
vn 0.0014 -0.9851 0.1723
vn 0.0924 -0.8905 0.4454
vn 0.3830 -0.8434 0.3767
vn 0.1577 0.6309 0.7597
vn 0.0030 0.9342 0.3568
vn 0.2036 0.9756 0.0824
vn -0.0229 0.9981 0.0565
vn -0.2123 -0.9672 -0.1393
vn 0.0588 -0.9572 0.2834
vn -0.3046 -0.9297 0.2072
vn 0.5616 -0.8192 -0.1166
vn 0.6519 0.7582 -0.0054
vn -0.3035 -0.9449 -0.1228
vn 0.2684 -0.9565 -0.1138
vn 0.1525 0.6611 0.7346
vn 0.2864 0.9565 0.0545
vn -0.0026 0.9503 -0.3112
vn 0.4076 0.8981 0.1649
vn -0.5949 -0.7958 -0.1132
vn -0.1132 -0.7958 0.5949
vn -0.1168 -0.9920 -0.0473
vn -0.3216 -0.9449 -0.0612
vn -0.7622 0.6309 -0.1451
vn -0.2948 -0.8434 0.4492
vn -0.2982 -0.0000 -0.9545
vn -0.4523 0.8410 -0.2968
vn 0.4983 0.8618 0.0948
vn 0.5659 0.7888 -0.2399
vn -0.6908 0.6611 0.2929
vn -0.2393 -0.9572 0.1628
vn -0.3308 0.9342 -0.1338
vn 0.1776 -0.8905 0.4188
vn -0.3113 0.9503 0.0026
vn -0.2495 -0.9672 -0.0475
vn 0.4773 0.8166 -0.3247
vn -0.1208 -0.9851 0.1228
vn 0.2950 0.9342 -0.2007
vn -0.2805 0.9165 0.2852
vn -0.1160 -0.9920 0.0492
vn 0.4870 -0.8676 -0.1011
vn -0.0024 -0.9572 -0.2895
vn 0.1228 -0.9449 -0.3035
vn -0.8229 -0.0976 0.5598
vn -0.2354 -0.9672 -0.0952
vn 0.4116 0.6611 -0.6273
vn -0.1799 -0.9766 -0.1181
vn 0.7057 0.6932 -0.1465
vn -0.3972 0.8799 -0.2607
vn 0.5054 0.6932 -0.5139
vn -0.0053 0.7715 -0.6362
vn 0.6682 0.6932 0.2703
vn 0.1398 0.7260 0.6734
vn -0.1278 -0.9449 -0.3014
vn -0.5082 0.7888 0.3457
vn 0.5949 -0.7958 0.1132
vn -0.1858 0.9643 0.1889
vn 0.7143 0.6309 -0.3029
vn 0.1273 0.9905 0.0515
vn -0.2707 -0.9449 0.1841
vn 0.3708 0.9165 0.1500
vn -0.6682 0.6932 -0.2703
vn -0.0769 -0.9115 0.4041
vn -0.2157 0.9756 -0.0411
vn 0.2916 -0.9565 -0.0024
vn 0.2354 -0.9672 0.0952
vn -0.4492 -0.8434 -0.2948
vn -0.0504 0.9981 0.0343
vn -0.0021 -0.9672 -0.2539
vn 0.0027 -0.9449 0.3274
vn 0.0064 0.6309 0.7759
vn -0.1627 0.9843 0.0690
vn 0.0824 0.9756 -0.2036
vn -0.2334 -0.9449 -0.2295
vn -0.2314 -0.9115 -0.3401
vn 0.1782 0.8799 -0.4404
vn 0.1264 0.9905 -0.0536
vn 0.0885 -0.8810 -0.4648
vn 0.9545 -0.0000 -0.2982
vn 0.5598 0.0976 0.8229
vn 0.0772 0.9905 0.1136
vn -0.3147 -0.8192 0.4795
vn 0.3683 -0.9297 -0.0031
vn -0.4981 0.8410 0.2112
vn -0.0083 0.0976 -0.9952
vn 0.1543 -0.9115 -0.3814
vn 0.0599 0.9981 0.0114
vn 0.6825 -0.2890 0.6713
vn 0.2191 0.9643 -0.1490
vn -0.4549 -0.8905 0.0038
vn -0.3023 -0.6325 -0.7131
vn 0.6147 0.7888 -0.0051
vn -0.0565 0.9981 -0.0229
vn 0.5139 0.6932 0.5054
vn -0.7759 0.6309 0.0064
vn 0.1239 0.9843 -0.1260
vn 0.3308 0.9165 -0.2250
vn 0.2866 0.9503 -0.1215
vn -0.5278 -0.8434 -0.1004
vn 0.3331 0.8799 -0.3387
vn -0.0060 0.6932 -0.7208
vn 0.7915 -0.2890 -0.5384
vn 0.1566 0.9756 0.1540
vn -0.3616 0.8618 -0.3557
vn -0.0146 -0.9970 0.0765
vn -0.0807 -0.9766 0.1995
vn 0.1338 0.9342 -0.3308
vn 0.0038 -0.8905 0.4549
vn 0.9226 -0.0976 0.3732
vn -0.1054 -0.9920 -0.0692
vn -0.0646 -0.9851 0.1597
vn -0.4966 -0.4696 -0.7300
vn 0.1858 0.9643 -0.1889
vn 0.3590 0.2890 -0.8875
vn -0.4947 -0.8434 0.2097
vn -0.4112 -0.8676 0.2797
vn 0.3190 -0.8905 -0.3243
vn -0.0006 -0.9970 -0.0779
vn -0.0582 0.9503 0.3058
vn -0.3487 -0.8676 0.3546
vn -0.0029 0.9342 -0.3568
vn -0.1373 0.9905 0.0011
vn -0.5384 0.2890 -0.7916
vn -0.0055 -0.9996 0.0291
vn -0.7503 0.6611 0.0062
vn 0.4633 -0.8810 -0.0962
vn -0.8875 0.2890 -0.3590
vn 0.3216 -0.9449 0.0612
vn 0.7180 -0.6326 0.2904
vn 0.5930 -0.7958 -0.1231
vn 0.0024 -0.9565 0.2916
vn -0.5139 0.7888 -0.3372
vn 0.5391 0.7582 -0.3667
vn -0.5772 0.8166 0.0048
vn -0.1325 0.7582 -0.6384
vn -0.6147 0.7888 0.0051
vn 0.0021 -0.9672 0.2539
vn 0.9163 0.0975 -0.3885
vn 0.8229 -0.0975 -0.5598
vn 0.4474 0.8410 -0.3043
vn 0.5351 0.8166 0.2165
vn -0.5441 0.6309 0.5532
vn 0.5410 0.8410 -0.0045
vn -0.1012 0.8410 0.5315
vn 0.2195 0.9165 -0.3345
vn 0.2982 -0.0000 0.9545
vn -0.4702 0.8618 -0.1902
vn 0.0279 0.9905 0.1345
vn -0.3505 0.9342 -0.0667
vn 0.4220 0.6611 0.6204
vn 0.7208 0.6932 -0.0060
vn 0.3311 0.4696 -0.8184
vn 0.0933 0.9949 0.0378
vn 0.2844 -0.9572 0.0541
vn -0.0014 -0.9851 -0.1723
vn -0.7207 0.6932 0.0060
vn 0.5686 0.7260 -0.3868
vn -0.7300 0.4696 0.4966
vn 0.2022 -0.0976 0.9745
vn 0.0851 -0.8905 -0.4469
vn 0.4823 0.7260 -0.4903
vn -0.3928 0.8799 0.2672
vn -0.0402 -0.9766 0.2114
vn -0.3022 -0.8434 -0.4442
vn -0.2539 -0.9672 0.0021
vn 0.6018 0.7888 -0.1249
vn 0.3035 -0.9449 0.1228
vn 0.5532 0.6309 0.5441
vn 0.2484 0.7715 0.5858
vn -0.6204 0.6611 0.4220
vn 0.1286 0.7260 -0.6756
vn 0.6404 0.6326 -0.4356
vn -0.0832 0.9949 0.0566
vn -0.3619 -0.9297 -0.0689
vn 0.4973 -0.8676 -0.0041
vn 0.7095 0.0976 0.6979
vn -0.4648 0.8810 -0.0885
vn -0.0722 -0.9970 -0.0292
vn 0.4306 0.8981 -0.0894
vn 0.2157 0.9756 0.0411
vn -0.1338 0.9342 0.3308
vn -0.1687 -0.9851 0.0350
vn -0.0437 -0.9766 -0.2107
vn -0.8814 0.2890 0.3737
vn 0.2703 -0.9566 0.1093
vn -0.6375 0.7260 -0.2579
vn 0.1148 0.9905 0.0753
vn -0.2684 0.9565 0.1138
vn 0.5281 -0.8192 -0.2239
vn 0.1847 -0.8810 0.4356
vn 0.0651 -0.9970 0.0427
vn 0.4320 0.8981 0.0822
vn -0.4442 -0.8434 0.3022
vn 0.2603 0.9643 0.0495
vn -0.5384 -0.2890 -0.7916
vn -0.6044 0.7582 -0.2445
vn -0.3446 0.4696 -0.8128
vn 0.0435 0.9981 0.0427
vn -0.1454 0.9643 0.2215
vn -0.0057 0.7260 -0.6877
vn -0.2502 0.9342 0.2544
vn 0.2250 0.9165 0.3308
vn -0.8673 -0.4696 -0.1651
vn 0.9777 -0.0976 0.1861
vn 0.2855 0.9565 -0.0593
vn 0.2295 -0.9449 -0.2334
vn -0.4670 0.8618 0.1980
vn 0.5082 0.7888 -0.3457
vn -0.2271 -0.7958 0.5614
vn -0.2894 -0.9572 0.0024
vn -0.2219 0.9503 -0.2183
vn -0.1264 0.9905 0.0536
vn 0.1079 0.8166 -0.5671
vn 0.2579 0.7260 -0.6376
vn 0.1865 -0.8676 -0.4610
vn -0.0050 -0.7958 -0.6056
vn -0.4076 0.8981 -0.1649
vn -0.0822 0.8981 0.4320
vn 0.3318 -0.8810 -0.3374
vn -0.2036 0.9756 -0.0824
vn -0.0692 -0.9920 0.1054
vn -0.1231 -0.7958 -0.5930
vn 0.7502 0.6611 -0.0062
vn 0.7370 0.6611 0.1403
vn 0.3084 0.8981 -0.3135
vn 0.0884 -0.9920 -0.0899
vn -0.3732 -0.0975 0.9226
vn -0.4048 0.8166 0.4115
vn 0.5349 0.6611 0.5261
s 0
usemtl glosspink
f 1787//13 1792//13 1793//13 1788//13
f 1776//14 1781//14 1782//14 1777//14
f 1775//14 1780//14 1781//14 1776//14
f 250//15 251//15 283//15 282//15
f 295//16 296//16 328//16 327//16
f 1785//13 1790//13 1791//13 1786//13
f 1777//14 1782//14 1783//14 1778//14
f 533//17 532//17 535//17 537//17
f 1767//18 1772//18 1773//18 1768//18
f 1737//19 1742//19 1743//19 1738//19
f 1791//20 1796//20 1797//20 1792//20
f 1743//21 1748//21 1749//21 1744//21
f 1771//22 1776//22 1777//22 1772//22
f 248//23 249//23 281//23 280//23
f 1797//24 1802//24 1803//24 1798//24
f 263//25 264//25 296//25 295//25
f 146//26 145//26 177//26 178//26
f 162//27 163//27 195//27 194//27
f 242//28 241//28 273//28 274//28
f 538//29 531//29 533//29 537//29
f 323//30 324//30 356//30 355//30
f 1786//13 1791//13 1792//13 1787//13
f 86//31 88//31 87//31 85//31
f 80//32 82//32 81//32 79//32
f 465//33 467//33 499//33 497//33
f 57//34 59//34 118//34 117//34
f 51//35 50//35 113//35 114//35
f 73//36 75//36 126//36 125//36
f 63//37 65//37 121//37 120//37
f 420//38 421//38 453//38 452//38
f 142//39 143//39 175//39 174//39
f 417//40 418//40 450//40 449//40
f 131//41 132//41 164//41 163//41
f 121//42 122//42 154//42 153//42
f 118//43 119//43 151//43 150//43
f 157//44 158//44 190//44 189//44
f 155//45 156//45 188//45 187//45
f 167//46 168//46 200//46 199//46
f 161//47 162//47 194//47 193//47
f 394//48 395//48 427//48 426//48
f 338//49 337//49 369//49 370//49
f 355//50 356//50 388//50 387//50
f 318//51 319//51 351//51 350//51
f 214//52 215//52 247//52 246//52
f 329//53 330//53 362//53 361//53
f 330//54 331//54 363//54 362//54
f 326//55 327//55 359//55 358//55
f 213//56 214//56 246//56 245//56
f 245//57 246//57 278//57 277//57
f 247//58 248//58 280//58 279//58
f 246//59 247//59 279//59 278//59
f 253//60 254//60 286//60 285//60
f 292//61 293//61 325//61 324//61
f 229//62 230//62 262//62 261//62
f 315//63 316//63 348//63 347//63
f 325//64 326//64 358//64 357//64
f 201//65 202//65 234//65 233//65
f 206//66 207//66 239//66 238//66
f 198//67 199//67 231//67 230//67
f 351//68 352//68 384//68 383//68
f 344//69 345//69 377//69 376//69
f 174//70 175//70 207//70 206//70
f 377//71 378//71 410//71 409//71
f 374//72 375//72 407//72 406//72
f 151//73 152//73 184//73 183//73
f 398//74 399//74 431//74 430//74
f 114//75 113//75 145//75 146//75
f 423//76 424//76 456//76 455//76
f 404//77 405//77 437//77 436//77
f 427//78 428//78 460//78 459//78
f 409//79 410//79 442//79 441//79
f 406//80 407//80 439//80 438//80
f 429//81 430//81 462//81 461//81
f 444//82 445//82 477//82 476//82
f 65//83 67//83 122//83 121//83
f 91//84 93//84 135//84 134//84
f 81//85 83//85 130//85 129//85
f 83//86 85//86 131//86 130//86
f 452//87 453//87 485//87 484//87
f 434//88 433//88 465//88 466//88
f 440//89 441//89 473//89 472//89
f 921//90 958//90 959//90 922//90
f 1478//91 1515//91 1516//91 1479//91
f 742//92 779//92 780//92 743//92
f 1454//93 1491//93 1492//93 1455//93
f 827//94 864//94 865//94 828//94
f 947//95 984//95 983//95 946//95
f 803//96 840//96 841//96 804//96
f 695//97 732//97 733//97 696//97
f 1038//98 1075//98 1076//98 1039//98
f 1491//99 1528//99 1529//99 1492//99
f 1198//100 1235//100 1236//100 1199//100
f 903//101 940//101 941//101 904//101
f 814//102 851//102 852//102 815//102
f 1075//103 1112//103 1113//103 1076//103
f 593//104 640//104 641//104 595//104
f 1207//105 1244//105 1245//105 1208//105
f 554//106 553//106 555//106 556//106
f 592//107 591//107 593//107 594//107
f 1679//108 1716//108 1717//108 1680//108
f 683//109 720//109 721//109 684//109
f 1615//110 1652//110 1653//110 1616//110
f 739//111 776//111 777//111 740//111
f 930//112 967//112 968//112 931//112
f 1013//113 1050//113 1051//113 1014//113
f 1467//114 1504//114 1505//114 1468//114
f 1580//115 1617//115 1618//115 1581//115
f 859//116 896//116 897//116 860//116
f 1453//117 1490//117 1491//117 1454//117
f 1642//118 1679//118 1680//118 1643//118
f 1052//119 1089//119 1090//119 1053//119
f 613//120 650//120 652//120 615//120
f 1505//121 1542//121 1543//121 1506//121
f 1655//122 1692//122 1693//122 1656//122
f 1066//123 1103//123 1104//123 1067//123
f 771//124 808//124 809//124 772//124
f 809//125 846//125 847//125 810//125
f 1072//126 1109//126 1110//126 1073//126
f 1596//127 1633//127 1634//127 1597//127
f 1302//128 1339//128 1340//128 1303//128
f 970//129 1007//129 1008//129 971//129
f 1602//130 1639//130 1640//130 1603//130
f 1050//131 1087//131 1088//131 1051//131
f 562//132 561//132 563//132 564//132
f 1108//133 1145//133 1146//133 1109//133
f 1112//134 1149//134 1150//134 1113//134
f 606//135 605//135 607//135 608//135
f 943//136 980//136 981//136 944//136
f 1687//137 539//137 541//137 1686//137
f 552//138 551//138 553//138 554//138
f 556//139 555//139 557//139 558//139
f 1104//140 1141//140 1142//140 1105//140
f 927//141 964//141 965//141 928//141
f 711//142 748//142 749//142 712//142
f 758//143 795//143 796//143 759//143
f 1510//144 1547//144 1548//144 1511//144
f 628//145 665//145 666//145 629//145
f 1675//146 1712//146 1713//146 1676//146
f 1528//147 1565//147 1566//147 1529//147
f 1199//148 1236//148 1237//148 1200//148
f 1549//149 1586//149 1587//149 1550//149
f 777//150 814//150 815//150 778//150
f 1226//151 1263//151 1264//151 1227//151
f 1227//152 1264//152 1265//152 1228//152
f 1054//153 1091//153 1092//153 1055//153
f 1240//154 1277//154 1278//154 1241//154
f 1433//155 1470//155 1471//155 1434//155
f 1073//156 1110//156 1111//156 1074//156
f 857//157 894//157 895//157 858//157
f 1487//158 1524//158 1525//158 1488//158
f 1343//159 1380//159 1381//159 1344//159
f 1017//160 1054//160 1055//160 1018//160
f 1092//161 1129//161 1130//161 1093//161
f 1695//162 558//162 560//162 1696//162
f 957//163 994//163 995//163 958//163
f 1485//164 1522//164 1523//164 1486//164
f 714//165 751//165 752//165 715//165
f 1239//166 1276//166 1277//166 1240//166
f 837//167 874//167 875//167 838//167
f 1135//168 1172//168 1173//168 1136//168
f 1285//169 1322//169 1323//169 1286//169
f 844//170 881//170 882//170 845//170
f 1366//171 1403//171 1404//171 1367//171
f 704//172 741//172 742//172 705//172
f 829//173 866//173 867//173 830//173
f 1551//174 1588//174 1589//174 1552//174
f 780//175 817//175 818//175 781//175
f 782//176 819//176 820//176 783//176
f 746//177 783//177 784//177 747//177
f 1459//178 1496//178 1497//178 1460//178
f 618//179 655//179 656//179 619//179
f 1442//180 1479//180 1480//180 1443//180
f 856//181 893//181 894//181 857//181
f 709//182 746//182 747//182 710//182
f 862//183 899//183 900//183 863//183
f 595//184 641//184 642//184 597//184
f 1347//185 1384//185 1385//185 1348//185
f 1504//186 1541//186 1542//186 1505//186
f 697//187 734//187 735//187 698//187
f 1625//188 1662//188 1663//188 1626//188
f 819//189 856//189 857//189 820//189
f 820//190 857//190 858//190 821//190
f 784//191 821//191 822//191 785//191
f 726//192 763//192 764//192 727//192
f 881//193 918//193 919//193 882//193
f 772//194 809//194 810//194 773//194
f 812//195 849//195 850//195 813//195
f 569//196 628//196 629//196 571//196
f 1455//197 1492//197 1493//197 1456//197
f 1619//198 1656//198 1657//198 1620//198
f 1369//199 1406//199 1407//199 1370//199
f 858//200 895//200 896//200 859//200
f 655//201 692//201 693//201 656//201
f 1274//202 1311//202 1312//202 1275//202
f 1575//203 1612//203 1614//203 1577//203
f 1244//204 1281//204 1282//204 1245//204
f 1617//205 1654//205 1655//205 1618//205
f 806//206 843//206 844//206 807//206
f 1661//207 1698//207 1699//207 1662//207
f 1529//208 1566//208 1567//208 1530//208
f 761//209 798//209 800//209 763//209
f 617//210 654//210 655//210 618//210
f 692//211 729//211 730//211 693//211
f 1215//212 1252//212 1253//212 1216//212
f 1308//213 1345//213 1346//213 1309//213
f 942//214 979//214 980//214 943//214
f 1542//215 1579//215 1580//215 1543//215
f 1663//216 1700//216 1701//216 1664//216
f 1257//217 1294//217 1295//217 1258//217
f 925//218 962//218 963//218 926//218
f 1666//219 1703//219 1704//219 1667//219
f 583//220 635//220 636//220 585//220
f 1080//221 1117//221 1118//221 1081//221
f 748//222 785//222 786//222 749//222
f 1680//223 1717//223 1718//223 1681//223
f 1610//224 1647//224 1648//224 1611//224
f 1105//225 1142//225 1143//225 1106//225
f 663//226 700//226 701//226 664//226
f 1109//227 1146//227 1147//227 1110//227
f 962//228 999//228 1000//228 963//228
f 1039//229 1076//229 1077//229 1040//229
f 1162//230 1199//230 1200//230 1163//230
f 1385//231 1422//231 1423//231 1386//231
f 1355//232 1392//232 1393//232 1356//232
f 1247//233 1284//233 1285//233 1248//233
f 1546//234 1583//234 1584//234 1547//234
f 778//235 815//235 816//235 779//235
f 1152//236 1189//236 1190//236 1153//236
f 1375//237 1412//237 1413//237 1376//237
f 590//238 589//238 591//238 592//238
f 604//239 603//239 605//239 606//239
f 1127//240 1164//240 1165//240 1128//240
f 1171//241 1208//241 1209//241 1172//241
f 950//242 987//242 988//242 951//242
f 664//243 701//243 702//243 665//243
f 887//244 924//244 925//244 888//244
f 1371//245 1408//245 1409//245 1372//245
f 1522//246 1559//246 1560//246 1523//246
f 1089//247 1126//247 1127//247 1090//247
f 1277//248 1314//248 1315//248 1278//248
f 1170//249 1207//249 1208//249 1171//249
f 1330//250 1367//250 1368//250 1331//250
f 1518//251 1555//251 1556//251 1519//251
f 1419//252 1456//252 1457//252 1420//252
f 1235//253 1272//253 1273//253 1236//253
f 831//254 868//254 869//254 832//254
f 607//255 647//255 648//255 609//255
f 946//256 983//256 985//256 948//256
f 1614//257 1651//257 1652//257 1615//257
f 1543//258 1580//258 1581//258 1544//258
f 659//259 696//259 697//259 660//259
f 1255//260 1292//260 1293//260 1256//260
f 1001//261 1038//261 1039//261 1002//261
f 681//262 718//262 719//262 682//262
f 1540//263 1577//263 1578//263 1541//263
f 599//264 643//264 644//264 601//264
f 1425//265 1462//265 1463//265 1426//265
f 873//266 910//266 909//266 872//266
f 1250//267 1287//267 1288//267 1251//267
f 919//268 956//268 957//268 920//268
f 735//269 772//269 773//269 736//269
f 705//270 742//270 743//270 706//270
f 938//271 975//271 976//271 939//271
f 799//272 836//272 835//272 798//272
f 1362//273 1399//273 1400//273 1363//273
f 882//274 919//274 920//274 883//274
f 747//275 784//275 785//275 748//275
f 1121//276 1158//276 1159//276 1122//276
f 1641//277 1678//277 1679//277 1642//277
f 728//278 765//278 766//278 729//278
f 810//279 847//279 848//279 811//279
f 1594//280 1631//280 1632//280 1595//280
f 1778//14 1783//14 1784//14 1779//14
f 1793//20 1798//20 1799//20 1794//20
f 1796//24 1801//24 1802//24 1797//24
f 466//281 465//281 497//281 498//281
f 70//282 72//282 71//282 69//282
f 467//283 468//283 500//283 499//283
f 469//284 470//284 502//284 501//284
f 78//285 80//285 79//285 77//285
f 474//286 475//286 507//286 506//286
f 472//287 473//287 505//287 504//287
f 64//288 66//288 65//288 63//288
f 475//289 476//289 508//289 507//289
f 58//290 60//290 59//290 57//290
f 104//291 106//291 105//291 103//291
f 480//292 481//292 513//292 512//292
f 482//293 483//293 515//293 514//293
f 483//294 484//294 516//294 515//294
f 484//295 485//295 517//295 516//295
f 492//296 493//296 525//296 524//296
f 491//297 492//297 524//297 523//297
f 487//298 488//298 520//298 519//298
f 98//299 100//299 99//299 97//299
f 488//300 489//300 521//300 520//300
f 486//301 487//301 519//301 518//301
f 90//302 92//302 91//302 89//302
f 493//303 494//303 526//303 525//303
f 84//304 86//304 85//304 83//304
f 79//305 81//305 129//305 128//305
f 433//306 435//306 467//306 465//306
f 75//307 77//307 127//307 126//307
f 87//308 89//308 133//308 132//308
f 71//309 73//309 125//309 124//309
f 69//310 71//310 124//310 123//310
f 61//311 63//311 120//311 119//311
f 438//312 439//312 471//312 470//312
f 105//313 107//313 142//313 141//313
f 50//314 53//314 115//314 113//314
f 67//315 69//315 123//315 122//315
f 103//316 105//316 141//316 140//316
f 101//317 103//317 140//317 139//317
f 99//318 101//318 139//318 138//318
f 457//319 458//319 490//319 489//319
f 95//320 97//320 137//320 136//320
f 453//321 454//321 486//321 485//321
f 55//322 57//322 117//322 116//322
f 85//323 87//323 132//323 131//323
f 128//324 129//324 161//324 160//324
f 124//325 125//325 157//325 156//325
f 123//326 124//326 156//326 155//326
f 421//327 422//327 454//327 453//327
f 130//328 131//328 163//328 162//328
f 120//329 121//329 153//329 152//329
f 119//330 120//330 152//330 151//330
f 116//331 117//331 149//331 148//331
f 115//332 116//332 148//332 147//332
f 113//333 115//333 147//333 145//333
f 144//334 114//334 146//334 176//334
f 143//335 144//335 176//335 175//335
f 140//336 141//336 173//336 172//336
f 139//337 140//337 172//337 171//337
f 126//338 127//338 159//338 158//338
f 136//339 137//339 169//339 168//339
f 135//340 136//340 168//340 167//340
f 132//341 133//341 165//341 164//341
f 416//342 417//342 449//342 448//342
f 160//343 161//343 193//343 192//343
f 159//344 160//344 192//344 191//344
f 158//345 159//345 191//345 190//345
f 156//346 157//346 189//346 188//346
f 166//347 167//347 199//347 198//347
f 375//348 376//348 408//348 407//348
f 378//349 379//349 411//349 410//349
f 171//350 172//350 204//350 203//350
f 168//351 169//351 201//351 200//351
f 176//352 146//352 178//352 208//352
f 175//353 176//353 208//353 207//353
f 391//354 392//354 424//354 423//354
f 397//355 398//355 430//355 429//355
f 172//356 173//356 205//356 204//356
f 382//357 383//357 415//357 414//357
f 393//358 394//358 426//358 425//358
f 150//359 151//359 183//359 182//359
f 164//360 165//360 197//360 196//360
f 163//361 164//361 196//361 195//361
f 370//362 369//362 401//362 402//362
f 192//363 193//363 225//363 224//363
f 337//364 339//364 371//364 369//364
f 339//365 340//365 372//365 371//365
f 187//366 188//366 220//366 219//366
f 197//367 198//367 230//367 229//367
f 205//368 206//368 238//368 237//368
f 200//369 201//369 233//369 232//369
f 346//370 347//370 379//370 378//370
f 342//371 343//371 375//371 374//371
f 204//372 205//372 237//372 236//372
f 349//373 350//373 382//373 381//373
f 179//374 180//374 212//374 211//374
f 177//375 179//375 211//375 209//375
f 352//376 353//376 385//376 384//376
f 208//377 178//377 210//377 240//377
f 356//378 357//378 389//378 388//378
f 359//379 360//379 392//379 391//379
f 358//380 359//380 391//380 390//380
f 360//381 361//381 393//381 392//381
f 361//382 362//382 394//382 393//382
f 363//383 364//383 396//383 395//383
f 348//384 349//384 381//384 380//384
f 365//385 366//385 398//385 397//385
f 366//386 367//386 399//386 398//386
f 367//387 368//387 400//387 399//387
f 368//388 338//388 370//388 400//388
f 224//389 225//389 257//389 256//389
f 223//390 224//390 256//390 255//390
f 220//391 221//391 253//391 252//391
f 219//392 220//392 252//392 251//392
f 217//393 218//393 250//393 249//393
f 215//394 216//394 248//394 247//394
f 212//395 213//395 245//395 244//395
f 211//396 212//396 244//396 243//396
f 240//397 210//397 242//397 272//397
f 236//398 237//398 269//398 268//398
f 313//399 314//399 346//399 345//399
f 232//400 233//400 265//400 264//400
f 231//401 232//401 264//401 263//401
f 230//402 231//402 263//402 262//402
f 228//403 229//403 261//403 260//403
f 227//404 228//404 260//404 259//404
f 226//405 227//405 259//405 258//405
f 256//406 257//406 289//406 288//406
f 255//407 256//407 288//407 287//407
f 275//408 276//408 308//408 307//408
f 276//409 277//409 309//409 308//409
f 252//410 253//410 285//410 284//410
f 251//411 252//411 284//411 283//411
f 265//412 266//412 298//412 297//412
f 296//413 297//413 329//413 328//413
f 282//414 283//414 315//414 314//414
f 278//415 279//415 311//415 310//415
f 277//416 278//416 310//416 309//416
f 244//417 245//417 277//417 276//417
f 243//418 244//418 276//418 275//418
f 287//419 288//419 320//419 319//419
f 272//420 242//420 274//420 304//420
f 271//421 272//421 304//421 303//421
f 302//422 303//422 335//422 334//422
f 268//423 269//423 301//423 300//423
f 249//424 250//424 282//424 281//424
f 297//425 298//425 330//425 329//425
f 262//426 263//426 295//426 294//426
f 300//427 301//427 333//427 332//427
f 260//428 261//428 293//428 292//428
f 259//429 260//429 292//429 291//429
f 290//430 291//430 323//430 322//430
f 304//431 274//431 306//431 336//431
f 288//432 289//432 321//432 320//432
f 286//433 287//433 319//433 318//433
f 285//434 286//434 318//434 317//434
f 284//435 285//435 317//435 316//435
f 283//436 284//436 316//436 315//436
f 257//437 258//437 290//437 289//437
f 273//438 275//438 307//438 305//438
f 266//439 267//439 299//439 298//439
f 303//440 304//440 336//440 335//440
f 301//441 302//441 334//441 333//441
f 281//442 282//442 314//442 313//442
f 280//443 281//443 313//443 312//443
f 294//444 295//444 327//444 326//444
f 293//445 294//445 326//445 325//445
f 291//446 292//446 324//446 323//446
f 289//447 290//447 322//447 321//447
f 320//448 321//448 353//448 352//448
f 319//449 320//449 352//449 351//449
f 222//450 223//450 255//450 254//450
f 221//451 222//451 254//451 253//451
f 316//452 317//452 349//452 348//452
f 216//453 217//453 249//453 248//453
f 312//454 313//454 345//454 344//454
f 311//455 312//455 344//455 343//455
f 310//456 311//456 343//456 342//456
f 308//457 309//457 341//457 340//457
f 307//458 308//458 340//458 339//458
f 336//459 306//459 338//459 368//459
f 239//460 240//460 272//460 271//460
f 334//461 335//461 367//461 366//461
f 237//462 238//462 270//462 269//462
f 332//463 333//463 365//463 364//463
f 331//464 332//464 364//464 363//464
f 234//465 235//465 267//465 266//465
f 233//466 234//466 266//466 265//466
f 328//467 329//467 361//467 360//467
f 327//468 328//468 360//468 359//468
f 324//469 325//469 357//469 356//469
f 238//470 239//470 271//470 270//470
f 322//471 323//471 355//471 354//471
f 225//472 226//472 258//472 257//472
f 178//473 177//473 209//473 210//473
f 350//474 351//474 383//474 382//474
f 180//475 181//475 213//475 212//475
f 357//476 358//476 390//476 389//476
f 347//477 348//477 380//477 379//477
f 183//478 184//478 216//478 215//478
f 184//479 185//479 217//479 216//479
f 185//480 186//480 218//480 217//480
f 182//481 183//481 215//481 214//481
f 364//482 365//482 397//482 396//482
f 340//483 341//483 373//483 372//483
f 193//484 194//484 226//484 225//484
f 207//485 208//485 240//485 239//485
f 188//486 189//486 221//486 220//486
f 203//487 204//487 236//487 235//487
f 199//488 200//488 232//488 231//488
f 189//489 190//489 222//489 221//489
f 202//490 203//490 235//490 234//490
f 353//491 354//491 386//491 385//491
f 181//492 182//492 214//492 213//492
f 196//493 197//493 229//493 228//493
f 195//494 196//494 228//494 227//494
f 194//495 195//495 227//495 226//495
f 343//496 344//496 376//496 375//496
f 384//497 385//497 417//497 416//497
f 383//498 384//498 416//498 415//498
f 147//499 148//499 180//499 179//499
f 380//500 381//500 413//500 412//500
f 390//501 391//501 423//501 422//501
f 149//502 150//502 182//502 181//502
f 395//503 396//503 428//503 427//503
f 392//504 393//504 425//504 424//504
f 372//505 373//505 405//505 404//505
f 371//506 372//506 404//506 403//506
f 400//507 370//507 402//507 432//507
f 170//508 171//508 203//508 202//508
f 399//509 400//509 432//509 431//509
f 396//510 397//510 429//510 428//510
f 379//511 380//511 412//511 411//511
f 154//512 155//512 187//512 186//512
f 388//513 389//513 421//513 420//513
f 387//514 388//514 420//514 419//514
f 386//515 387//515 419//515 418//515
f 415//516 416//516 448//516 447//516
f 419//517 420//517 452//517 451//517
f 413//518 414//518 446//518 445//518
f 411//519 412//519 444//519 443//519
f 410//520 411//520 443//520 442//520
f 418//521 419//521 451//521 450//521
f 408//522 409//522 441//522 440//522
f 122//523 123//523 155//523 154//523
f 405//524 406//524 438//524 437//524
f 125//525 126//525 158//525 157//525
f 127//526 128//526 160//526 159//526
f 402//527 401//527 433//527 434//527
f 432//528 402//528 434//528 464//528
f 431//529 432//529 464//529 463//529
f 426//530 427//530 459//530 458//530
f 428//531 429//531 461//531 460//531
f 137//532 138//532 170//532 169//532
f 424//533 425//533 457//533 456//533
f 414//534 415//534 447//534 446//534
f 422//535 423//535 455//535 454//535
f 133//536 134//536 166//536 165//536
f 403//537 404//537 436//537 435//537
f 448//538 449//538 481//538 480//538
f 447//539 448//539 480//539 479//539
f 439//540 440//540 472//540 471//540
f 443//541 444//541 476//541 475//541
f 442//542 443//542 475//542 474//542
f 441//543 442//543 474//543 473//543
f 461//544 462//544 494//544 493//544
f 435//545 436//545 468//545 467//545
f 107//546 109//546 143//546 142//546
f 464//547 434//547 466//547 496//547
f 463//548 464//548 496//548 495//548
f 445//549 446//549 478//549 477//549
f 460//550 461//550 493//550 492//550
f 459//551 460//551 492//551 491//551
f 456//552 457//552 489//552 488//552
f 455//553 456//553 488//553 487//553
f 454//554 455//554 487//554 486//554
f 436//555 437//555 469//555 468//555
f 451//556 452//556 484//556 483//556
f 479//557 480//557 512//557 511//557
f 56//558 58//558 57//558 55//558
f 640//559 677//559 678//559 641//559
f 60//560 62//560 61//560 59//560
f 68//561 70//561 69//561 67//561
f 66//562 68//562 67//562 65//562
f 471//563 472//563 504//563 503//563
f 470//564 471//564 503//564 502//564
f 72//565 74//565 73//565 71//565
f 74//566 76//566 75//566 73//566
f 76//567 78//567 77//567 75//567
f 52//568 54//568 53//568 50//568
f 82//569 84//569 83//569 81//569
f 495//570 496//570 528//570 527//570
f 62//571 64//571 63//571 61//571
f 92//572 94//572 93//572 91//572
f 490//573 491//573 523//573 522//573
f 96//574 98//574 97//574 95//574
f 100//575 102//575 101//575 99//575
f 473//576 474//576 506//576 505//576
f 485//577 486//577 518//577 517//577
f 108//578 110//578 109//578 107//578
f 476//579 477//579 509//579 508//579
f 112//580 49//580 51//580 111//580
f 529//581 52//581 49//581
f 497//582 530//582 498//582
f 529//583 54//583 52//583
f 499//584 530//584 497//584
f 529//585 56//585 54//585
f 500//586 530//586 499//586
f 529//587 58//587 56//587
f 501//588 530//588 500//588
f 529//589 60//589 58//589
f 502//590 530//590 501//590
f 529//591 62//591 60//591
f 503//592 530//592 502//592
f 529//593 64//593 62//593
f 504//594 530//594 503//594
f 529//595 66//595 64//595
f 505//596 530//596 504//596
f 529//597 68//597 66//597
f 506//598 530//598 505//598
f 529//599 70//599 68//599
f 507//600 530//600 506//600
f 529//601 72//601 70//601
f 508//602 530//602 507//602
f 529//603 74//603 72//603
f 509//604 530//604 508//604
f 529//605 76//605 74//605
f 510//606 530//606 509//606
f 529//607 78//607 76//607
f 511//608 530//608 510//608
f 529//609 80//609 78//609
f 512//610 530//610 511//610
f 529//611 82//611 80//611
f 513//612 530//612 512//612
f 529//613 84//613 82//613
f 514//614 530//614 513//614
f 529//615 86//615 84//615
f 515//616 530//616 514//616
f 529//617 88//617 86//617
f 516//618 530//618 515//618
f 529//619 90//619 88//619
f 517//620 530//620 516//620
f 529//621 92//621 90//621
f 518//622 530//622 517//622
f 529//623 94//623 92//623
f 519//624 530//624 518//624
f 529//625 96//625 94//625
f 520//626 530//626 519//626
f 529//627 98//627 96//627
f 521//628 530//628 520//628
f 529//629 100//629 98//629
f 522//630 530//630 521//630
f 529//631 102//631 100//631
f 523//632 530//632 522//632
f 529//633 104//633 102//633
f 524//634 530//634 523//634
f 529//635 106//635 104//635
f 525//636 530//636 524//636
f 529//637 108//637 106//637
f 526//638 530//638 525//638
f 529//639 110//639 108//639
f 527//640 530//640 526//640
f 529//641 112//641 110//641
f 528//642 530//642 527//642
f 529//643 49//643 112//643
f 498//644 530//644 528//644
f 1096//645 1133//645 1134//645 1097//645
f 1689//646 546//646 548//646 1690//646
f 1690//647 548//647 550//647 1691//647
f 1099//648 1136//648 1137//648 1100//648
f 1100//649 1137//649 1138//649 1101//649
f 1101//650 1138//650 1139//650 1102//650
f 1102//651 1139//651 1140//651 1103//651
f 1103//652 1140//652 1141//652 1104//652
f 1106//653 1143//653 1144//653 1107//653
f 1107//654 1144//654 1145//654 1108//654
f 1146//655 1183//655 1184//655 1147//655
f 1111//656 1148//656 1149//656 1112//656
f 1704//657 576//657 578//657 1705//657
f 1483//658 1520//658 1521//658 1484//658
f 580//659 581//659 582//659
f 580//660 579//660 581//660
f 1078//661 1115//661 1116//661 1079//661
f 1116//662 1153//662 1154//662 1117//662
f 1117//663 1154//663 1155//663 1118//663
f 1156//664 1193//664 1194//664 1157//664
f 1712//665 592//665 594//665 1713//665
f 1713//666 594//666 596//666 1714//666
f 1122//667 1159//667 1160//667 1123//667
f 1124//668 1161//668 1162//668 1125//668
f 1125//669 1162//669 1163//669 1126//669
f 1126//670 1163//670 1164//670 1127//670
f 1128//671 1165//671 1166//671 1129//671
f 1060//672 1097//672 1098//672 1061//672
f 1061//673 1098//673 1099//673 1062//673
f 1506//674 1543//674 1544//674 1507//674
f 1064//675 1101//675 1102//675 1065//675
f 1399//676 1436//676 1437//676 1400//676
f 1068//677 1105//677 1106//677 1069//677
f 1069//678 1106//678 1107//678 1070//678
f 1183//679 1220//679 1221//679 1184//679
f 964//680 1001//680 1002//680 965//680
f 1076//681 1113//681 1114//681 1077//681
f 579//682 634//682 581//682
f 579//683 633//683 634//683
f 1189//684 1226//684 1227//684 1190//684
f 1079//685 1116//685 1117//685 1080//685
f 1192//686 1229//686 1230//686 1193//686
f 934//687 971//687 972//687 935//687
f 1085//688 1122//688 1123//688 1086//688
f 939//689 976//689 977//689 940//689
f 1090//690 1127//690 1128//690 1091//690
f 1091//691 1128//691 1129//691 1092//691
f 1203//692 1240//692 1241//692 1204//692
f 1242//693 1279//693 1281//693 1244//693
f 1023//694 1060//694 1061//694 1024//694
f 1024//695 1061//695 1062//695 1025//695
f 1025//696 1062//696 1063//696 1026//696
f 1026//697 1063//697 1064//697 1027//697
f 1249//698 1286//698 1287//698 1250//698
f 1583//699 1620//699 1621//699 1584//699
f 1029//700 1066//700 1067//700 1030//700
f 1067//701 1104//701 1105//701 1068//701
f 1698//702 564//702 566//702 1699//702
f 1034//703 1071//703 1072//703 1035//703
f 1221//704 1258//704 1259//704 1222//704
f 1222//705 1259//705 1260//705 1223//705
f 633//706 671//706 634//706
f 633//707 670//707 671//707
f 1042//708 1079//708 1080//708 1043//708
f 1043//709 1080//709 1081//709 1044//709
f 1636//710 1673//710 1674//710 1637//710
f 1047//711 1084//711 1085//711 1048//711
f 1051//712 1088//712 1089//712 1052//712
f 1243//713 1280//713 1279//713 1242//713
f 983//714 1020//714 1022//714 985//714
f 1584//715 1621//715 1622//715 1585//715
f 1623//716 1660//716 1661//716 1624//716
f 996//717 1033//717 1034//717 997//717
f 999//718 1036//718 1037//718 1000//718
f 1334//719 1371//719 1372//719 1335//719
f 670//720 708//720 671//720
f 670//721 707//721 708//721
f 1008//722 1045//722 1046//722 1009//722
f 1012//723 1049//723 1050//723 1013//723
f 1272//724 1309//724 1310//724 1273//724
f 1273//725 1310//725 1311//725 1274//725
f 1016//726 1053//726 1054//726 1017//726
f 832//727 869//727 870//727 833//727
f 1538//728 1575//728 1577//728 1540//728
f 949//729 986//729 987//729 950//729
f 1547//730 1584//730 1585//730 1548//730
f 956//731 993//731 994//731 957//731
f 958//732 995//732 996//732 959//732
f 961//733 998//733 999//733 962//733
f 963//734 1000//734 1001//734 964//734
f 707//735 745//735 708//735
f 707//736 744//736 745//736
f 967//737 1004//737 1005//737 968//737
f 968//738 1005//738 1006//738 969//738
f 586//739 585//739 587//739 588//739
f 973//740 1010//740 1011//740 974//740
f 974//741 1011//741 1012//741 975//741
f 975//742 1012//742 1013//742 976//742
f 976//743 1013//743 1014//743 977//743
f 1310//744 1347//744 1348//744 1311//744
f 978//745 1015//745 1016//745 979//745
f 980//746 1017//746 1018//746 981//746
f 909//747 946//747 948//747 911//747
f 911//748 948//748 949//748 912//748
f 912//749 949//749 950//749 913//749
f 913//750 950//750 951//750 914//750
f 988//751 1025//751 1026//751 989//751
f 915//752 952//752 953//752 916//752
f 916//753 953//753 954//753 917//753
f 920//754 957//754 958//754 921//754
f 924//755 961//755 962//755 925//755
f 1333//756 1370//756 1371//756 1334//756
f 744//757 782//757 745//757
f 744//758 781//758 782//758
f 1524//759 1561//759 1562//759 1525//759
f 1342//760 1379//760 1380//760 1343//760
f 1380//761 1417//761 1418//761 1381//761
f 789//762 826//762 827//762 790//762
f 1345//763 1382//763 1383//763 1346//763
f 940//764 977//764 978//764 941//764
f 1570//765 1607//765 1608//765 1571//765
f 872//766 909//766 911//766 874//766
f 874//767 911//767 912//767 875//767
f 875//768 912//768 913//768 876//768
f 1357//769 1394//769 1395//769 1358//769
f 1358//770 1395//770 1396//770 1359//770
f 1471//771 1508//771 1509//771 1472//771
f 880//772 917//772 918//772 881//772
f 883//773 920//773 921//773 884//773
f 884//774 921//774 922//774 885//774
f 885//775 922//775 923//775 886//775
f 1367//776 1404//776 1405//776 1368//776
f 888//777 925//777 926//777 889//777
f 889//778 926//778 927//778 890//778
f 890//779 927//779 928//779 891//779
f 891//780 928//780 929//780 892//780
f 781//781 819//781 782//781
f 781//782 818//782 819//782
f 895//783 932//783 933//783 896//783
f 896//784 933//784 934//784 897//784
f 898//785 935//785 936//785 899//785
f 901//786 938//786 939//786 902//786
f 904//787 941//787 942//787 905//787
f 907//788 944//788 945//788 908//788
f 836//789 873//789 872//789 835//789
f 1394//790 1431//790 1432//790 1395//790
f 1395//791 1432//791 1433//791 1396//791
f 841//792 878//792 879//792 842//792
f 843//793 880//793 881//793 844//793
f 845//794 882//794 883//794 846//794
f 846//795 883//795 884//795 847//795
f 1402//796 1439//796 1440//796 1403//796
f 848//797 885//797 886//797 849//797
f 849//798 886//798 887//798 850//798
f 850//799 887//799 888//799 851//799
f 851//800 888//800 889//800 852//800
f 854//801 891//801 892//801 855//801
f 818//802 856//802 819//802
f 818//803 855//803 856//803
f 1525//804 1562//804 1563//804 1526//804
f 860//805 897//805 898//805 861//805
f 864//806 901//806 902//806 865//806
f 866//807 903//807 904//807 867//807
f 867//808 904//808 905//808 868//808
f 868//809 905//809 906//809 869//809
f 1424//810 1461//810 1462//810 1425//810
f 870//811 907//811 908//811 871//811
f 798//812 835//812 837//812 800//812
f 800//813 837//813 838//813 801//813
f 801//814 838//814 839//814 802//814
f 1431//815 1468//815 1469//815 1432//815
f 1432//816 1469//816 1470//816 1433//816
f 805//817 842//817 843//817 806//817
f 807//818 844//818 845//818 808//818
f 1401//819 1438//819 1439//819 1402//819
f 1439//820 1476//820 1477//820 1440//820
f 1404//821 1441//821 1442//821 1405//821
f 665//822 702//822 703//822 666//822
f 815//823 852//823 853//823 816//823
f 816//824 853//824 854//824 817//824
f 743//825 780//825 781//825 744//825
f 855//826 893//826 856//826
f 855//827 892//827 893//827
f 821//828 858//828 859//828 822//828
f 822//829 859//829 860//829 823//829
f 824//830 861//830 862//830 825//830
f 1566//831 1603//831 1604//831 1567//831
f 828//832 865//832 866//832 829//832
f 1461//833 1498//833 1499//833 1462//833
f 944//834 981//834 982//834 945//834
f 762//835 799//835 798//835 761//835
f 835//836 872//836 874//836 837//836
f 1097//837 1134//837 1135//837 1098//837
f 1468//838 1505//838 1506//838 1469//838
f 1469//839 1506//839 1507//839 1470//839
f 767//840 804//840 805//840 768//840
f 768//841 805//841 806//841 769//841
f 1473//842 1510//842 1511//842 1474//842
f 775//843 812//843 813//843 776//843
f 776//844 813//844 814//844 777//844
f 892//845 930//845 893//845
f 892//846 929//846 930//846
f 1486//847 1523//847 1524//847 1487//847
f 932//848 969//848 970//848 933//848
f 1414//849 1451//849 1452//849 1415//849
f 786//850 823//850 824//850 787//850
f 791//851 828//851 829//851 792//851
f 792//852 829//852 830//852 793//852
f 794//853 831//853 832//853 795//853
f 795//854 832//854 833//854 796//854
f 725//855 762//855 761//855 724//855
f 729//856 766//856 767//856 730//856
f 1470//857 1507//857 1508//857 1471//857
f 732//858 769//858 770//858 733//858
f 733//859 770//859 771//859 734//859
f 736//860 773//860 774//860 737//860
f 737//861 774//861 775//861 738//861
f 738//862 775//862 776//862 739//862
f 1368//863 1405//863 1406//863 1369//863
f 740//864 777//864 778//864 741//864
f 929//865 967//865 930//865
f 929//866 966//866 967//866
f 1339//867 1376//867 1377//867 1340//867
f 749//868 786//868 787//868 750//868
f 1527//869 1564//869 1565//869 1528//869
f 751//870 788//870 789//870 752//870
f 752//871 789//871 790//871 753//871
f 1530//872 1567//872 1568//872 1531//872
f 754//873 791//873 792//873 755//873
f 756//874 793//874 794//874 757//874
f 1238//875 1275//875 1276//875 1239//875
f 1313//876 1350//876 1351//876 1314//876
f 759//877 796//877 797//877 760//877
f 688//878 725//878 724//878 687//878
f 687//879 724//879 726//879 689//879
f 689//880 726//880 727//880 690//880
f 691//881 728//881 729//881 692//881
f 694//882 731//882 732//882 695//882
f 1288//883 1325//883 1326//883 1289//883
f 698//884 735//884 736//884 699//884
f 700//885 737//885 738//885 701//885
f 701//886 738//886 739//886 702//886
f 1220//887 1257//887 1258//887 1221//887
f 703//888 740//888 741//888 704//888
f 817//889 854//889 855//889 818//889
f 966//890 1004//890 967//890
f 966//891 1003//891 1004//891
f 712//892 749//892 750//892 713//892
f 713//893 750//893 751//893 714//893
f 826//894 863//894 864//894 827//894
f 1569//895 1606//895 1607//895 1570//895
f 720//896 757//896 758//896 721//896
f 1576//897 1613//897 1612//897 1575//897
f 652//898 689//898 690//898 653//898
f 653//899 690//899 691//899 654//899
f 654//900 691//900 692//900 655//900
f 877//901 914//901 915//901 878//901
f 954//902 991//902 992//902 955//902
f 660//903 697//903 698//903 661//903
f 662//904 699//904 700//904 663//904
f 1591//905 1628//905 1629//905 1592//905
f 667//906 704//906 705//906 668//906
f 668//907 705//907 706//907 669//907
f 669//908 706//908 707//908 670//908
f 1003//909 1041//909 1004//909
f 1003//910 1040//910 1041//910
f 671//911 708//911 709//911 672//911
f 672//912 709//912 710//912 673//912
f 673//913 710//913 711//913 674//913
f 674//914 711//914 712//914 675//914
f 676//915 713//915 714//915 677//915
f 677//916 714//916 715//916 678//916
f 678//917 715//917 716//917 679//917
f 1605//918 1642//918 1643//918 1606//918
f 1606//919 1643//919 1644//919 1607//919
f 682//920 719//920 720//920 683//920
f 684//921 721//921 722//921 685//921
f 614//922 651//922 650//922 613//922
f 1582//923 1619//923 1620//923 1583//923
f 621//924 658//924 659//924 622//924
f 624//925 661//925 662//925 625//925
f 625//926 662//926 663//926 626//926
f 626//927 663//927 664//927 627//927
f 1629//928 1666//928 1667//928 1630//928
f 631//929 668//929 669//929 632//929
f 632//930 669//930 670//930 633//930
f 1040//931 1078//931 1041//931
f 1040//932 1077//932 1078//932
f 1633//933 1670//933 1671//933 1634//933
f 1634//934 1671//934 1672//934 1635//934
f 638//935 675//935 676//935 639//935
f 639//936 676//936 677//936 640//936
f 642//937 679//937 680//937 643//937
f 645//938 682//938 683//938 646//938
f 646//939 683//939 684//939 647//939
f 647//940 684//940 685//940 648//940
f 542//941 614//941 613//941 540//941
f 657//942 694//942 695//942 658//942
f 555//943 621//943 622//943 557//943
f 557//944 622//944 623//944 559//944
f 559//945 623//945 624//945 561//945
f 565//946 626//946 627//946 567//946
f 1664//947 1701//947 1702//947 1665//947
f 571//948 629//948 630//948 573//948
f 573//949 630//949 631//949 575//949
f 575//950 631//950 632//950 577//950
f 1705//951 578//951 580//951 1706//951
f 1077//952 1115//952 1078//952
f 1077//953 1114//953 1115//953
f 1670//954 1707//954 1708//954 1671//954
f 1671//955 1708//955 1709//955 1672//955
f 1673//956 1710//956 1711//956 1674//956
f 1674//957 1711//957 1712//957 1675//957
f 591//958 639//958 640//958 593//958
f 597//959 642//959 643//959 599//959
f 601//960 644//960 645//960 603//960
f 603//961 645//961 646//961 605//961
f 1684//962 1721//962 1722//962 1685//962
f 541//963 540//963 543//963 544//963
f 1134//964 1171//964 1172//964 1135//964
f 1137//965 1174//965 1175//965 1138//965
f 1545//966 1582//966 1583//966 1546//966
f 1657//967 1694//967 1695//967 1658//967
f 560//968 559//968 561//968 562//968
f 568//969 567//969 569//969 570//969
f 570//970 569//970 571//970 572//970
f 572//971 571//971 573//971 574//971
f 576//972 575//972 577//972 578//972
f 1114//973 1152//973 1115//973
f 1114//974 1151//974 1152//974
f 582//975 581//975 583//975 584//975
f 1710//976 588//976 590//976 1711//976
f 1711//977 590//977 592//977 1712//977
f 1158//978 1195//978 1196//978 1159//978
f 1714//979 596//979 598//979 1715//979
f 598//980 597//980 599//980 600//980
f 1717//981 602//981 604//981 1718//981
f 1571//982 1608//982 1609//982 1572//982
f 610//983 609//983 611//983 612//983
f 1686//984 541//984 544//984 1688//984
f 546//985 545//985 547//985 548//985
f 548//986 547//986 549//986 550//986
f 1693//987 554//987 556//987 1694//987
f 1031//988 1068//988 1069//988 1032//988
f 1699//989 566//989 568//989 1700//989
f 1700//990 568//990 570//990 1701//990
f 1701//991 570//991 572//991 1702//991
f 1702//992 572//992 574//992 1703//992
f 1703//993 574//993 576//993 1704//993
f 577//994 632//994 633//994 579//994
f 1151//995 1189//995 1152//995
f 1151//996 1188//996 1189//996
f 1707//997 582//997 584//997 1708//997
f 1708//998 584//998 586//998 1709//998
f 1709//999 586//999 588//999 1710//999
f 588//1000 587//1000 589//1000 590//1000
f 1119//1001 1156//1001 1157//1001 1120//1001
f 1120//1002 1157//1002 1158//1002 1121//1002
f 594//1003 593//1003 595//1003 596//1003
f 596//1004 595//1004 597//1004 598//1004
f 716//1005 753//1005 754//1005 717//1005
f 1716//1006 600//1006 602//1006 1717//1006
f 602//1007 601//1007 603//1007 604//1007
f 1719//1008 606//1008 608//1008 1720//1008
f 1650//1009 1687//1009 1686//1009 1649//1009
f 1652//1010 1689//1010 1690//1010 1653//1010
f 878//1011 915//1011 916//1011 879//1011
f 1658//1012 1695//1012 1696//1012 1659//1012
f 1660//1013 1697//1013 1698//1013 1661//1013
f 1662//1014 1699//1014 1700//1014 1663//1014
f 1667//1015 1704//1015 1705//1015 1668//1015
f 1668//1016 1705//1016 1706//1016 1669//1016
f 1188//1017 1226//1017 1189//1017
f 1188//1018 1225//1018 1226//1018
f 1672//1019 1709//1019 1710//1019 1673//1019
f 1082//1020 1119//1020 1120//1020 1083//1020
f 1676//1021 1713//1021 1714//1021 1677//1021
f 1677//1022 1714//1022 1715//1022 1678//1022
f 1682//1023 1719//1023 1720//1023 1683//1023
f 1613//1024 1650//1024 1649//1024 1612//1024
f 724//1025 761//1025 763//1025 726//1025
f 1281//1026 1318//1026 1319//1026 1282//1026
f 1618//1027 1655//1027 1656//1027 1619//1027
f 658//1028 695//1028 696//1028 659//1028
f 1621//1029 1658//1029 1659//1029 1622//1029
f 1624//1030 1661//1030 1662//1030 1625//1030
f 1071//1031 1108//1031 1109//1031 1072//1031
f 1628//1032 1665//1032 1666//1032 1629//1032
f 1225//1033 1263//1033 1226//1033
f 1225//1034 1262//1034 1263//1034
f 1041//1035 1078//1035 1079//1035 1042//1035
f 635//1036 672//1036 673//1036 636//1036
f 637//1037 674//1037 675//1037 638//1037
f 1638//1038 1675//1038 1676//1038 1639//1038
f 1010//1039 1047//1039 1048//1039 1011//1039
f 1643//1040 1680//1040 1681//1040 1644//1040
f 1644//1041 1681//1041 1682//1041 1645//1041
f 1645//1042 1682//1042 1683//1042 1646//1042
f 1646//1043 1683//1043 1684//1043 1647//1043
f 1579//1044 1616//1044 1617//1044 1580//1044
f 1284//1045 1321//1045 1322//1045 1285//1045
f 989//1046 1026//1046 1027//1046 990//1046
f 992//1047 1029//1047 1030//1047 993//1047
f 1697//1048 562//1048 564//1048 1698//1048
f 1588//1049 1625//1049 1626//1049 1589//1049
f 1589//1050 1626//1050 1627//1050 1590//1050
f 666//1051 703//1051 704//1051 667//1051
f 1262//1052 1300//1052 1263//1052
f 1262//1053 1299//1053 1300//1053
f 708//1054 745//1054 746//1054 709//1054
f 1598//1055 1635//1055 1636//1055 1599//1055
f 1600//1056 1637//1056 1638//1056 1601//1056
f 1604//1057 1641//1057 1642//1057 1605//1057
f 1087//1058 1124//1058 1125//1058 1088//1058
f 1014//1059 1051//1059 1052//1059 1015//1059
f 1607//1060 1644//1060 1645//1060 1608//1060
f 1608//1061 1645//1061 1646//1061 1609//1061
f 1609//1062 1646//1062 1647//1062 1610//1062
f 685//1063 722//1063 723//1063 686//1063
f 1548//1064 1585//1064 1586//1064 1549//1064
f 1550//1065 1587//1065 1588//1065 1551//1065
f 1552//1066 1589//1066 1590//1066 1553//1066
f 1299//1067 1337//1067 1300//1067
f 1299//1068 1336//1068 1337//1068
f 1562//1069 1599//1069 1600//1069 1563//1069
f 1563//1070 1600//1070 1601//1070 1564//1070
f 1564//1071 1601//1071 1602//1071 1565//1071
f 1565//1072 1602//1072 1603//1072 1566//1072
f 1568//1073 1605//1073 1606//1073 1569//1073
f 977//1074 1014//1074 1015//1074 978//1074
f 941//1075 978//1075 979//1075 942//1075
f 1572//1076 1609//1076 1610//1076 1573//1076
f 1573//1077 1610//1077 1611//1077 1574//1077
f 1020//1078 1057//1078 1059//1078 1022//1078
f 948//1079 985//1079 986//1079 949//1079
f 1508//1080 1545//1080 1546//1080 1509//1080
f 1398//1081 1435//1081 1436//1081 1399//1081
f 1511//1082 1548//1082 1549//1082 1512//1082
f 1513//1083 1550//1083 1551//1083 1514//1083
f 1514//1084 1551//1084 1552//1084 1515//1084
f 1515//1085 1552//1085 1553//1085 1516//1085
f 926//1086 963//1086 964//1086 927//1086
f 1336//1087 1374//1087 1337//1087
f 1336//1088 1373//1088 1374//1088
f 1523//1089 1560//1089 1561//1089 1524//1089
f 1526//1090 1563//1090 1564//1090 1527//1090
f 935//1091 972//1091 973//1091 936//1091
f 1531//1092 1568//1092 1569//1092 1532//1092
f 1532//1093 1569//1093 1570//1093 1533//1093
f 1536//1094 1573//1094 1574//1094 1537//1094
f 1465//1095 1502//1095 1501//1095 1464//1095
f 1466//1096 1503//1096 1504//1096 1467//1096
f 876//1097 913//1097 914//1097 877//1097
f 1472//1098 1509//1098 1510//1098 1473//1098
f 770//1099 807//1099 808//1099 771//1099
f 1474//1100 1511//1100 1512//1100 1475//1100
f 1476//1101 1513//1101 1514//1101 1477//1101
f 1477//1102 1514//1102 1515//1102 1478//1102
f 1479//1103 1516//1103 1517//1103 1480//1103
f 1480//1104 1517//1104 1518//1104 1481//1104
f 1482//1105 1519//1105 1520//1105 1483//1105
f 965//1106 1002//1106 1003//1106 966//1106
f 1373//1107 1411//1107 1374//1107
f 1373//1108 1410//1108 1411//1108
f 1559//1109 1596//1109 1597//1109 1560//1109
f 1488//1110 1525//1110 1526//1110 1489//1110
f 1490//1111 1527//1111 1528//1111 1491//1111
f 1495//1112 1532//1112 1533//1112 1496//1112
f 1496//1113 1533//1113 1534//1113 1497//1113
f 1498//1114 1535//1114 1536//1114 1499//1114
f 1428//1115 1465//1115 1464//1115 1427//1115
f 1427//1116 1464//1116 1466//1116 1429//1116
f 543//1117 615//1117 616//1117 545//1117
f 1430//1118 1467//1118 1468//1118 1431//1118
f 839//1119 876//1119 877//1119 840//1119
f 840//1120 877//1120 878//1120 841//1120
f 1434//1121 1471//1121 1472//1121 1435//1121
f 1435//1122 1472//1122 1473//1122 1436//1122
f 1436//1123 1473//1123 1474//1123 1437//1123
f 1438//1124 1475//1124 1476//1124 1439//1124
f 847//1125 884//1125 885//1125 848//1125
f 1440//1126 1477//1126 1478//1126 1441//1126
f 1441//1127 1478//1127 1479//1127 1442//1127
f 1444//1128 1481//1128 1482//1128 1445//1128
f 1335//1129 1372//1129 1373//1129 1336//1129
f 1410//1130 1448//1130 1411//1130
f 1410//1131 1447//1131 1448//1131
f 1448//1132 1485//1132 1486//1132 1449//1132
f 1450//1133 1487//1133 1488//1133 1451//1133
f 1451//1134 1488//1134 1489//1134 1452//1134
f 1452//1135 1489//1135 1490//1135 1453//1135
f 1456//1136 1493//1136 1494//1136 1457//1136
f 1460//1137 1497//1137 1498//1137 1461//1137
f 869//1138 906//1138 907//1138 870//1138
f 1462//1139 1499//1139 1500//1139 1463//1139
f 1392//1140 1429//1140 1430//1140 1393//1140
f 1396//1141 1433//1141 1434//1141 1397//1141
f 1214//1142 1251//1142 1252//1142 1215//1142
f 1400//1143 1437//1143 1438//1143 1401//1143
f 1405//1144 1442//1144 1443//1144 1406//1144
f 1406//1145 1443//1145 1444//1145 1407//1145
f 1408//1146 1445//1146 1446//1146 1409//1146
f 1409//1147 1446//1147 1447//1147 1410//1147
f 1447//1148 1485//1148 1448//1148
f 1447//1149 1484//1149 1485//1149
f 1412//1150 1449//1150 1450//1150 1413//1150
f 1007//1151 1044//1151 1045//1151 1008//1151
f 1416//1152 1453//1152 1454//1152 1417//1152
f 899//1153 936//1153 937//1153 900//1153
f 1420//1154 1457//1154 1458//1154 1421//1154
f 1422//1155 1459//1155 1460//1155 1423//1155
f 1169//1156 1206//1156 1205//1156 1168//1156
f 1353//1157 1390//1157 1392//1157 1355//1157
f 1356//1158 1393//1158 1394//1158 1357//1158
f 766//1159 803//1159 804//1159 767//1159
f 1359//1160 1396//1160 1397//1160 1360//1160
f 1360//1161 1397//1161 1398//1161 1361//1161
f 1252//1162 1289//1162 1290//1162 1253//1162
f 1364//1163 1401//1163 1402//1163 1365//1163
f 886//1164 923//1164 924//1164 887//1164
f 1370//1165 1407//1165 1408//1165 1371//1165
f 1630//1166 1667//1166 1668//1166 1631//1166
f 1372//1167 1409//1167 1410//1167 1373//1167
f 1484//1168 1522//1168 1485//1168
f 1484//1169 1521//1169 1522//1169
f 1004//1170 1041//1170 1042//1170 1005//1170
f 1378//1171 1415//1171 1416//1171 1379//1171
f 861//1172 898//1172 899//1172 862//1172
f 1382//1173 1419//1173 1420//1173 1383//1173
f 1383//1174 1420//1174 1421//1174 1384//1174
f 793//1175 830//1175 831//1175 794//1175
f 1386//1176 1423//1176 1424//1176 1387//1176
f 1388//1177 1425//1177 1426//1177 1389//1177
f 1316//1178 1353//1178 1355//1178 1318//1178
f 1318//1179 1355//1179 1356//1179 1319//1179
f 1319//1180 1356//1180 1357//1180 1320//1180
f 1320//1181 1357//1181 1358//1181 1321//1181
f 1321//1182 1358//1182 1359//1182 1322//1182
f 1322//1183 1359//1183 1360//1183 1323//1183
f 1324//1184 1361//1184 1362//1184 1325//1184
f 1325//1185 1362//1185 1363//1185 1326//1185
f 1327//1186 1364//1186 1365//1186 1328//1186
f 1331//1187 1368//1187 1369//1187 1332//1187
f 1332//1188 1369//1188 1370//1188 1333//1188
f 741//1189 778//1189 779//1189 742//1189
f 1521//1190 1559//1190 1522//1190
f 1521//1191 1558//1191 1559//1191
f 1344//1192 1381//1192 1382//1192 1345//1192
f 753//1193 790//1193 791//1193 754//1193
f 1348//1194 1385//1194 1386//1194 1349//1194
f 1349//1195 1386//1195 1387//1195 1350//1195
f 1350//1196 1387//1196 1388//1196 1351//1196
f 1280//1197 1317//1197 1316//1197 1279//1197
f 1279//1198 1316//1198 1318//1198 1281//1198
f 1282//1199 1319//1199 1320//1199 1283//1199
f 1283//1200 1320//1200 1321//1200 1284//1200
f 952//1201 989//1201 990//1201 953//1201
f 1286//1202 1323//1202 1324//1202 1287//1202
f 1361//1203 1398//1203 1399//1203 1362//1203
f 1363//1204 1400//1204 1401//1204 1364//1204
f 1290//1205 1327//1205 1328//1205 1291//1205
f 1292//1206 1329//1206 1330//1206 1293//1206
f 1294//1207 1331//1207 1332//1207 1295//1207
f 1295//1208 1332//1208 1333//1208 1296//1208
f 1296//1209 1333//1209 1334//1209 1297//1209
f 1558//1210 1596//1210 1559//1210
f 1558//1211 1595//1211 1596//1211
f 1300//1212 1337//1212 1338//1212 1301//1212
f 1301//1213 1338//1213 1339//1213 1302//1213
f 1307//1214 1344//1214 1345//1214 1308//1214
f 1312//1215 1349//1215 1350//1215 1313//1215
f 651//1216 688//1216 687//1216 650//1216
f 1245//1217 1282//1217 1283//1217 1246//1217
f 656//1218 693//1218 694//1218 657//1218
f 1253//1219 1290//1219 1291//1219 1254//1219
f 1254//1220 1291//1220 1292//1220 1255//1220
f 1259//1221 1296//1221 1297//1221 1260//1221
f 1260//1222 1297//1222 1298//1222 1261//1222
f 1261//1223 1298//1223 1299//1223 1262//1223
f 1595//1224 1633//1224 1596//1224
f 1595//1225 1632//1225 1633//1225
f 1263//1226 1300//1226 1301//1226 1264//1226
f 1264//1227 1301//1227 1302//1227 1265//1227
f 1266//1228 1303//1228 1304//1228 1267//1228
f 1268//1229 1305//1229 1306//1229 1269//1229
f 1269//1230 1306//1230 1307//1230 1270//1230
f 1270//1231 1307//1231 1308//1231 1271//1231
f 680//1232 717//1232 718//1232 681//1232
f 721//1233 758//1233 759//1233 722//1233
f 1132//1234 1169//1234 1168//1234 1131//1234
f 1205//1235 1242//1235 1244//1235 1207//1235
f 1208//1236 1245//1236 1246//1236 1209//1236
f 1209//1237 1246//1237 1247//1237 1210//1237
f 1210//1238 1247//1238 1248//1238 1211//1238
f 1212//1239 1249//1239 1250//1239 1213//1239
f 1218//1240 1255//1240 1256//1240 1219//1240
f 1036//1241 1073//1241 1074//1241 1037//1241
f 630//1242 667//1242 668//1242 631//1242
f 1223//1243 1260//1243 1261//1243 1224//1243
f 1224//1244 1261//1244 1262//1244 1225//1244
f 1632//1245 1670//1245 1633//1245
f 1632//1246 1669//1246 1670//1246
f 893//1247 930//1247 931//1247 894//1247
f 1449//1248 1486//1248 1487//1248 1450//1248
f 1228//1249 1265//1249 1266//1249 1229//1249
f 1044//1250 1081//1250 1082//1250 1045//1250
f 1230//1251 1267//1251 1268//1251 1231//1251
f 1232//1252 1269//1252 1270//1252 1233//1252
f 1233//1253 1270//1253 1271//1253 1234//1253
f 1309//1254 1346//1254 1347//1254 1310//1254
f 757//1255 794//1255 795//1255 758//1255
f 648//1256 685//1256 686//1256 649//1256
f 1172//1257 1209//1257 1210//1257 1173//1257
f 1175//1258 1212//1258 1213//1258 1176//1258
f 1176//1259 1213//1259 1214//1259 1177//1259
f 1178//1260 1215//1260 1216//1260 1179//1260
f 1180//1261 1217//1261 1218//1261 1181//1261
f 1182//1262 1219//1262 1220//1262 1183//1262
f 1184//1263 1221//1263 1222//1263 1185//1263
f 1185//1264 1222//1264 1223//1264 1186//1264
f 1669//1265 1707//1265 1670//1265
f 1669//1266 1706//1266 1707//1266
f 581//1267 634//1267 635//1267 583//1267
f 587//1268 637//1268 638//1268 589//1268
f 589//1269 638//1269 639//1269 591//1269
f 1194//1270 1231//1270 1232//1270 1195//1270
f 1123//1271 1160//1271 1161//1271 1124//1271
f 1202//1272 1239//1272 1240//1272 1203//1272
f 609//1273 648//1273 649//1273 611//1273
f 1133//1274 1170//1274 1171//1274 1134//1274
f 1098//1275 1135//1275 1136//1275 1099//1275
f 558//1276 557//1276 559//1276 560//1276
f 1141//1277 1178//1277 1179//1277 1142//1277
f 1142//1278 1179//1278 1180//1278 1143//1278
f 1143//1279 1180//1279 1181//1279 1144//1279
f 1149//1280 1186//1280 1187//1280 1150//1280
f 1706//1281 582//1281 1707//1281
f 1706//1282 580//1282 582//1282
f 584//1283 583//1283 585//1283 586//1283
f 1155//1284 1192//1284 1193//1284 1156//1284
f 897//1285 934//1285 935//1285 898//1285
f 1157//1286 1194//1286 1195//1286 1158//1286
f 1160//1287 1197//1287 1198//1287 1161//1287
f 1163//1288 1200//1288 1201//1288 1164//1288
f 1165//1289 1202//1289 1203//1289 1166//1289
f 1166//1290 1203//1290 1204//1290 1167//1290
f 1723//1291 1724//1291 1725//1291
f 1733//17 1732//17 1734//17
f 1723//1291 1735//1291 1724//1291
f 538//1291 536//1291 534//1291 531//1291
f 1732//17 1739//17 1734//17
f 1723//1291 1740//1291 1735//1291
f 1800//1292 1725//1292 1727//1292 1801//1292
f 1728//1293 1737//1293 1738//1293 1730//1293
f 1729//1294 1728//1294 1730//1294 1731//1294
f 1730//1293 1738//1293 1739//1293 1732//1293
f 1739//17 1744//17 1734//17
f 1723//1291 1745//1291 1740//1291
f 1726//1293 1736//1293 1737//1293 1728//1293
f 1735//19 1740//19 1741//19 1736//19
f 1744//17 1749//17 1734//17
f 1723//1291 1750//1291 1745//1291
f 1738//19 1743//19 1744//19 1739//19
f 1740//21 1745//21 1746//21 1741//21
f 1749//17 1754//17 1734//17
f 1723//1291 1755//1291 1750//1291
f 1742//21 1747//21 1748//21 1743//21
f 1736//19 1741//19 1742//19 1737//19
f 1745//1295 1750//1295 1751//1295 1746//1295
f 1754//17 1759//17 1734//17
f 1723//1291 1760//1291 1755//1291
f 1748//1295 1753//1295 1754//1295 1749//1295
f 1750//1296 1755//1296 1756//1296 1751//1296
f 1759//17 1764//17 1734//17
f 1723//1291 1765//1291 1760//1291
f 1752//1296 1757//1296 1758//1296 1753//1296
f 1753//1296 1758//1296 1759//1296 1754//1296
f 1746//1295 1751//1295 1752//1295 1747//1295
f 1764//17 1769//17 1734//17
f 1723//1291 1770//1291 1765//1291
f 1758//1297 1763//1297 1764//1297 1759//1297
f 1751//1296 1756//1296 1757//1296 1752//1296
f 1769//17 1774//17 1734//17
f 1723//1291 1775//1291 1770//1291
f 1762//1298 1767//1298 1768//1298 1763//1298
f 1763//1298 1768//1298 1769//1298 1764//1298
f 1756//1297 1761//1297 1762//1297 1757//1297
f 1774//17 1779//17 1734//17
f 1723//1291 1780//1291 1775//1291
f 1768//18 1773//18 1774//18 1769//18
f 1761//1298 1766//1298 1767//1298 1762//1298
f 1770//22 1775//22 1776//22 1771//22
f 1779//17 1784//17 1734//17
f 1723//1291 1785//1291 1780//1291
f 1772//22 1777//22 1778//22 1773//22
f 1773//22 1778//22 1779//22 1774//22
f 1798//24 1803//24 1804//24 1799//24
f 1784//17 1789//17 1734//17
f 1723//1291 1790//1291 1785//1291
f 1780//1299 1785//1299 1786//1299 1781//1299
f 1789//17 1794//17 1734//17
f 1723//1291 1795//1291 1790//1291
f 1760//1298 1765//1298 1766//1298 1761//1298
f 1794//17 1799//17 1734//17
f 1723//1291 1800//1291 1795//1291
f 1788//13 1793//13 1794//13 1789//13
f 1781//1299 1786//1299 1787//1299 1782//1299
f 1790//20 1795//20 1796//20 1791//20
f 1799//17 1804//17 1734//17
f 1723//1291 1725//1291 1800//1291
f 1795//24 1800//24 1801//24 1796//24
f 1804//17 1733//17 1734//17
f 54//1300 56//1300 55//1300 53//1300
f 477//1301 478//1301 510//1301 509//1301
f 109//1302 111//1302 144//1302 143//1302
f 93//1303 95//1303 136//1303 135//1303
f 89//1304 91//1304 134//1304 133//1304
f 458//1305 459//1305 491//1305 490//1305
f 462//1306 463//1306 495//1306 494//1306
f 117//1307 118//1307 150//1307 149//1307
f 401//1308 403//1308 435//1308 433//1308
f 129//1309 130//1309 162//1309 161//1309
f 134//1310 135//1310 167//1310 166//1310
f 138//1311 139//1311 171//1311 170//1311
f 165//1312 166//1312 198//1312 197//1312
f 385//1313 386//1313 418//1313 417//1313
f 376//1314 377//1314 409//1314 408//1314
f 191//1315 192//1315 224//1315 223//1315
f 335//1316 336//1316 368//1316 367//1316
f 333//1317 334//1317 366//1317 365//1317
f 305//1318 307//1318 339//1318 337//1318
f 210//1319 209//1319 241//1319 242//1319
f 267//1320 268//1320 300//1320 299//1320
f 254//1321 255//1321 287//1321 286//1321
f 306//1322 305//1322 337//1322 338//1322
f 362//1323 363//1323 395//1323 394//1323
f 169//1324 170//1324 202//1324 201//1324
f 389//1325 390//1325 422//1325 421//1325
f 148//1326 149//1326 181//1326 180//1326
f 373//1327 374//1327 406//1327 405//1327
f 145//1328 147//1328 179//1328 177//1328
f 152//1329 153//1329 185//1329 184//1329
f 381//1330 382//1330 414//1330 413//1330
f 412//1331 413//1331 445//1331 444//1331
f 141//1332 142//1332 174//1332 173//1332
f 430//1333 431//1333 463//1333 462//1333
f 77//1334 79//1334 128//1334 127//1334
f 449//1335 450//1335 482//1335 481//1335
f 450//1336 451//1336 483//1336 482//1336
f 437//1337 438//1337 470//1337 469//1337
f 88//1338 90//1338 89//1338 87//1338
f 478//1339 479//1339 511//1339 510//1339
f 468//1340 469//1340 501//1340 500//1340
f 489//1341 490//1341 522//1341 521//1341
f 102//1342 104//1342 103//1342 101//1342
f 1783//1299 1788//1299 1789//1299 1784//1299
f 1030//1343 1067//1343 1068//1343 1031//1343
f 894//1344 931//1344 932//1344 895//1344
f 1492//1345 1529//1345 1530//1345 1493//1345
f 1015//1346 1052//1346 1053//1346 1016//1346
f 1179//1347 1216//1347 1217//1347 1180//1347
f 1553//1348 1590//1348 1591//1348 1554//1348
f 585//1349 636//1349 637//1349 587//1349
f 731//1350 768//1350 769//1350 732//1350
f 1287//1351 1324//1351 1325//1351 1288//1351
f 1554//1352 1591//1352 1592//1352 1555//1352
f 578//1353 577//1353 579//1353 580//1353
f 1267//1354 1304//1354 1305//1354 1268//1354
f 765//1355 802//1355 803//1355 766//1355
f 804//1356 841//1356 842//1356 805//1356
f 918//1357 955//1357 956//1357 919//1357
f 1411//1358 1448//1358 1449//1358 1412//1358
f 1597//1359 1634//1359 1635//1359 1598//1359
f 675//1360 712//1360 713//1360 676//1360
f 1715//1361 598//1361 600//1361 1716//1361
f 1095//1362 1132//1362 1131//1362 1094//1362
f 1499//1363 1536//1363 1537//1363 1500//1363
f 1065//1364 1102//1364 1103//1364 1066//1364
f 1289//1365 1326//1365 1327//1365 1290//1365
f 564//1366 563//1366 565//1366 566//1366
f 1340//1367 1377//1367 1378//1367 1341//1367
f 825//1368 862//1368 863//1368 826//1368
f 1683//1369 1720//1369 1721//1369 1684//1369
f 1692//1370 552//1370 554//1370 1693//1370
f 1665//1371 1702//1371 1703//1371 1666//1371
f 1556//1372 1593//1372 1594//1372 1557//1372
f 1193//1373 1230//1373 1231//1373 1194//1373
f 1317//1374 1354//1374 1353//1374 1316//1374
f 1000//1375 1037//1375 1038//1375 1001//1375
f 928//1376 965//1376 966//1376 929//1376
f 1159//1377 1196//1377 1197//1377 1160//1377
f 1533//1378 1570//1378 1571//1378 1534//1378
f 544//1379 543//1379 545//1379 546//1379
f 619//1380 656//1380 657//1380 620//1380
f 769//1381 806//1381 807//1381 770//1381
f 1517//1382 1554//1382 1555//1382 1518//1382
f 1234//1383 1271//1383 1272//1383 1235//1383
f 1507//1384 1544//1384 1545//1384 1508//1384
f 879//1385 916//1385 917//1385 880//1385
f 1445//1386 1482//1386 1483//1386 1446//1386
f 1457//1387 1494//1387 1495//1387 1458//1387
f 1018//1388 1055//1388 1056//1388 1019//1388
f 1251//1389 1288//1389 1289//1389 1252//1389
f 1181//1390 1218//1390 1219//1390 1182//1390
f 1145//1391 1182//1391 1183//1391 1146//1391
f 1190//1392 1227//1392 1228//1392 1191//1392
f 865//1393 902//1393 903//1393 866//1393
f 1236//1394 1273//1394 1274//1394 1237//1394
f 1497//1395 1534//1395 1535//1395 1498//1395
f 997//1396 1034//1396 1035//1396 998//1396
f 706//1397 743//1397 744//1397 707//1397
f 634//1398 671//1398 672//1398 635//1398
f 1493//1399 1530//1399 1531//1399 1494//1399
f 605//1400 646//1400 647//1400 607//1400
f 722//1401 759//1401 760//1401 723//1401
f 1578//1402 1615//1402 1616//1402 1579//1402
f 1587//1403 1624//1403 1625//1403 1588//1403
f 960//1404 997//1404 998//1404 961//1404
f 1150//1405 1187//1405 1188//1405 1151//1405
f 1494//1406 1531//1406 1532//1406 1495//1406
f 1387//1407 1424//1407 1425//1407 1388//1407
f 540//1408 613//1408 615//1408 543//1408
f 1541//1409 1578//1409 1579//1409 1542//1409
f 808//1410 845//1410 846//1410 809//1410
f 994//1411 1031//1411 1032//1411 995//1411
f 1519//1412 1556//1412 1557//1412 1520//1412
f 852//1413 889//1413 890//1413 853//1413
f 1311//1414 1348//1414 1349//1414 1312//1414
f 1129//1415 1166//1415 1167//1415 1130//1415
f 1429//1416 1466//1416 1467//1416 1430//1416
f 1616//1417 1653//1417 1654//1417 1617//1417
f 1174//1418 1211//1418 1212//1418 1175//1418
f 1443//1419 1480//1419 1481//1419 1444//1419
f 1637//1420 1674//1420 1675//1420 1638//1420
f 1231//1421 1268//1421 1269//1421 1232//1421
f 1418//1422 1455//1422 1456//1422 1419//1422
f 1022//1423 1059//1423 1060//1423 1023//1423
f 1248//1424 1285//1424 1286//1424 1249//1424
f 1509//1425 1546//1425 1547//1425 1510//1425
f 1086//1426 1123//1426 1124//1426 1087//1426
f 1136//1427 1173//1427 1174//1427 1137//1427
f 1544//1428 1581//1428 1582//1428 1545//1428
f 1140//1429 1177//1429 1178//1429 1141//1429
f 1033//1430 1070//1430 1071//1430 1034//1430
f 1635//1431 1672//1431 1673//1431 1636//1431
f 1599//1432 1636//1432 1637//1432 1600//1432
f 718//1433 755//1433 756//1433 719//1433
f 1027//1434 1064//1434 1065//1434 1028//1434
f 1557//1435 1594//1435 1595//1435 1558//1435
f 1305//1436 1342//1436 1343//1436 1306//1436
f 1144//1437 1181//1437 1182//1437 1145//1437
f 620//1438 657//1438 658//1438 621//1438
f 959//1439 996//1439 997//1439 960//1439
f 1045//1440 1082//1440 1083//1440 1046//1440
f 936//1441 973//1441 974//1441 937//1441
f 1423//1442 1460//1442 1461//1442 1424//1442
f 1397//1443 1434//1443 1435//1443 1398//1443
f 1659//1444 1696//1444 1697//1444 1660//1444
f 811//1445 848//1445 849//1445 812//1445
f 745//1446 782//1446 783//1446 746//1446
f 1561//1447 1598//1447 1599//1447 1562//1447
f 1489//1448 1526//1448 1527//1448 1490//1448
f 1271//1449 1308//1449 1309//1449 1272//1449
f 933//1450 970//1450 971//1450 934//1450
f 1161//1451 1198//1451 1199//1451 1162//1451
f 981//1452 1018//1452 1019//1452 982//1452
f 693//1453 730//1453 731//1453 694//1453
f 842//1454 879//1454 880//1454 843//1454
f 853//1455 890//1455 891//1455 854//1455
f 1115//1456 1152//1456 1153//1456 1116//1456
f 1567//1457 1604//1457 1605//1457 1568//1457
f 600//1458 599//1458 601//1458 602//1458
f 1535//1459 1572//1459 1573//1459 1536//1459
f 1094//1460 1131//1460 1133//1460 1096//1460
f 1403//1461 1440//1461 1441//1461 1404//1461
f 923//1462 960//1462 961//1462 924//1462
f 779//1463 816//1463 817//1463 780//1463
f 906//1464 943//1464 944//1464 907//1464
f 1246//1465 1283//1465 1284//1465 1247//1465
f 1213//1466 1250//1466 1251//1466 1214//1466
f 1374//1467 1411//1467 1412//1467 1375//1467
f 1415//1468 1452//1468 1453//1468 1416//1468
f 790//1469 827//1469 828//1469 791//1469
f 830//1470 867//1470 868//1470 831//1470
f 910//1471 947//1471 946//1471 909//1471
f 1293//1472 1330//1472 1331//1472 1294//1472
f 1110//1473 1147//1473 1148//1473 1111//1473
f 1037//1474 1074//1474 1075//1474 1038//1474
f 1446//1475 1483//1475 1484//1475 1447//1475
f 1376//1476 1413//1476 1414//1476 1377//1476
f 1306//1477 1343//1477 1344//1477 1307//1477
f 643//1478 680//1478 681//1478 644//1478
f 1539//1479 1576//1479 1575//1479 1538//1479
f 838//1480 875//1480 876//1480 839//1480
f 1437//1481 1474//1481 1475//1481 1438//1481
f 1328//1482 1365//1482 1366//1482 1329//1482
f 813//1483 850//1483 851//1483 814//1483
f 1153//1484 1190//1484 1191//1484 1154//1484
f 1191//1485 1228//1485 1229//1485 1192//1485
f 1081//1486 1118//1486 1119//1486 1082//1486
f 750//1487 787//1487 788//1487 751//1487
f 900//1488 937//1488 938//1488 901//1488
f 984//1489 1021//1489 1020//1489 983//1489
f 914//1490 951//1490 952//1490 915//1490
f 990//1491 1027//1491 1028//1491 991//1491
f 1028//1492 1065//1492 1066//1492 1029//1492
f 1258//1493 1295//1493 1296//1493 1259//1493
f 1113//1494 1150//1494 1151//1494 1114//1494
f 931//1495 968//1495 969//1495 932//1495
f 710//1496 747//1496 748//1496 711//1496
f 679//1497 716//1497 717//1497 680//1497
f 1694//1498 556//1498 558//1498 1695//1498
f 734//1499 771//1499 772//1499 735//1499
f 1512//1500 1549//1500 1550//1500 1513//1500
f 1297//1501 1334//1501 1335//1501 1298//1501
f 1413//1502 1450//1502 1451//1502 1414//1502
f 1377//1503 1414//1503 1415//1503 1378//1503
f 1421//1504 1458//1504 1459//1504 1422//1504
f 1534//1505 1571//1505 1572//1505 1535//1505
f 1391//1506 1428//1506 1427//1506 1390//1506
f 1365//1507 1402//1507 1403//1507 1366//1507
f 1590//1508 1627//1508 1628//1508 1591//1508
f 1298//1509 1335//1509 1336//1509 1299//1509
f 972//1510 1009//1510 1010//1510 973//1510
f 1417//1511 1454//1511 1455//1511 1418//1511
f 1197//1512 1234//1512 1235//1512 1198//1512
f 1720//1513 608//1513 610//1513 1721//1513
f 1653//1514 1690//1514 1691//1514 1654//1514
f 1011//1515 1048//1515 1049//1515 1012//1515
f 1792//20 1797//20 1798//20 1793//20
f 1727//1294 1726//1294 1728//1294 1729//1294
f 1801//1292 1727//1292 1729//1292 1802//1292
f 49//1516 52//1516 50//1516 51//1516
f 1390//1517 1427//1517 1429//1517 1392//1517
f 494//1518 495//1518 527//1518 526//1518
f 774//1519 811//1519 812//1519 775//1519
f 1585//1520 1622//1520 1623//1520 1586//1520
f 1055//1521 1092//1521 1093//1521 1056//1521
f 1351//1522 1388//1522 1389//1522 1352//1522
f 1006//1523 1043//1523 1044//1523 1007//1523
f 1048//1524 1085//1524 1086//1524 1049//1524
f 1021//1525 1058//1525 1057//1525 1020//1525
f 1275//1526 1312//1526 1313//1526 1276//1526
f 536//1527 538//1527 537//1527 535//1527
f 953//1528 990//1528 991//1528 954//1528
f 1620//1529 1657//1529 1658//1529 1621//1529
f 550//1530 549//1530 551//1530 552//1530
f 1131//1531 1168//1531 1170//1531 1133//1531
f 1195//1532 1232//1532 1233//1532 1196//1532
f 995//1533 1032//1533 1033//1533 996//1533
f 1458//1534 1495//1534 1496//1534 1459//1534
f 1070//1535 1107//1535 1108//1535 1071//1535
f 1046//1536 1083//1536 1084//1536 1047//1536
f 551//1537 619//1537 620//1537 553//1537
f 1229//1538 1266//1538 1267//1538 1230//1538
f 563//1539 625//1539 626//1539 565//1539
f 1216//1540 1253//1540 1254//1540 1217//1540
f 1154//1541 1191//1541 1192//1541 1155//1541
f 1718//1542 604//1542 606//1542 1719//1542
f 788//1543 825//1543 826//1543 789//1543
f 715//1544 752//1544 753//1544 716//1544
f 258//1545 259//1545 291//1545 290//1545
f 1765//18 1770//18 1771//18 1766//18
f 1009//1546 1046//1546 1047//1546 1010//1546
f 650//1547 687//1547 689//1547 652//1547
f 971//1548 1008//1548 1009//1548 972//1548
f 1688//1549 544//1549 546//1549 1689//1549
f 955//1550 992//1550 993//1550 956//1550
f 615//1551 652//1551 653//1551 616//1551
f 407//1552 408//1552 440//1552 439//1552
f 1577//1553 1614//1553 1615//1553 1578//1553
f 1393//1554 1430//1554 1431//1554 1394//1554
f 1757//1297 1762//1297 1763//1297 1758//1297
f 1731//1294 1730//1294 1732//1294 1733//1294
f 863//1555 900//1555 901//1555 864//1555
f 1173//1556 1210//1556 1211//1556 1174//1556
f 1647//1557 1684//1557 1685//1557 1648//1557
f 1219//1558 1256//1558 1257//1558 1220//1558
f 539//1559 542//1559 540//1559 541//1559
f 1592//1560 1629//1560 1630//1560 1593//1560
f 1196//1561 1233//1561 1234//1561 1197//1561
f 1586//1562 1623//1562 1624//1562 1587//1562
f 985//1563 1022//1563 1023//1563 986//1563
f 1346//1564 1383//1564 1384//1564 1347//1564
f 1035//1565 1072//1565 1073//1565 1036//1565
f 1741//21 1746//21 1747//21 1742//21
f 110//1566 112//1566 111//1566 109//1566
f 1601//1567 1638//1567 1639//1567 1602//1567
f 979//1568 1016//1568 1017//1568 980//1568
f 1187//1569 1224//1569 1225//1569 1188//1569
f 787//1570 824//1570 825//1570 788//1570
f 1381//1571 1418//1571 1419//1571 1382//1571
f 1354//1572 1391//1572 1390//1572 1353//1572
f 1147//1573 1184//1573 1185//1573 1148//1573
f 1725//1294 1724//1294 1726//1294 1727//1294
f 702//1574 739//1574 740//1574 703//1574
f 1782//1299 1787//1299 1788//1299 1783//1299
f 937//1575 974//1575 975//1575 938//1575
f 902//1576 939//1576 940//1576 903//1576
f 696//1577 733//1577 734//1577 697//1577
f 574//1578 573//1578 575//1578 576//1578
f 59//1579 61//1579 119//1579 118//1579
f 1766//18 1771//18 1772//18 1767//18
f 1803//1292 1731//1292 1733//1292 1804//1292
f 534//1580 536//1580 535//1580 532//1580
f 298//1581 299//1581 331//1581 330//1581
f 1481//1582 1518//1582 1519//1582 1482//1582
f 1276//1583 1313//1583 1314//1583 1277//1583
f 1678//1584 1715//1584 1716//1584 1679//1584
f 1138//1585 1175//1585 1176//1585 1139//1585
f 279//1586 280//1586 312//1586 311//1586
f 717//1587 754//1587 755//1587 718//1587
f 1631//1588 1668//1588 1669//1588 1632//1588
f 235//1589 236//1589 268//1589 267//1589
f 567//1590 627//1590 628//1590 569//1590
f 1088//1591 1125//1591 1126//1591 1089//1591
f 153//1592 154//1592 186//1592 185//1592
f 1654//1593 1691//1593 1692//1593 1655//1593
f 1002//1594 1039//1594 1040//1594 1003//1594
f 1503//1595 1540//1595 1541//1595 1504//1595
f 1058//1596 1095//1596 1094//1596 1057//1596
f 629//1597 666//1597 667//1597 630//1597
f 561//1598 624//1598 625//1598 563//1598
f 566//1599 565//1599 567//1599 568//1599
f 1053//1600 1090//1600 1091//1600 1054//1600
f 622//1601 659//1601 660//1601 623//1601
f 763//1602 800//1602 801//1602 764//1602
f 209//1603 211//1603 243//1603 241//1603
f 1516//1604 1553//1604 1554//1604 1517//1604
f 917//1605 954//1605 955//1605 918//1605
f 1338//1606 1375//1606 1376//1606 1339//1606
f 1304//1607 1341//1607 1342//1607 1305//1607
f 699//1608 736//1608 737//1608 700//1608
f 1384//1609 1421//1609 1422//1609 1385//1609
f 269//1610 270//1610 302//1610 301//1610
f 969//1611 1006//1611 1007//1611 970//1611
f 1303//1612 1340//1612 1341//1612 1304//1612
f 186//1613 187//1613 219//1613 218//1613
f 627//1614 664//1614 665//1614 628//1614
f 309//1615 310//1615 342//1615 341//1615
f 1164//1616 1201//1616 1202//1616 1165//1616
f 1200//1617 1237//1617 1238//1617 1201//1617
f 644//1618 681//1618 682//1618 645//1618
f 783//1619 820//1619 821//1619 784//1619
f 1329//1620 1366//1620 1367//1620 1330//1620
f 1237//1621 1274//1621 1275//1621 1238//1621
f 773//1622 810//1622 811//1622 774//1622
f 1074//1623 1111//1623 1112//1623 1075//1623
f 314//1624 315//1624 347//1624 346//1624
f 1337//1625 1374//1625 1375//1625 1338//1625
f 1057//1626 1094//1626 1096//1626 1059//1626
f 111//1627 51//1627 114//1627 144//1627
f 317//1628 318//1628 350//1628 349//1628
f 1640//1629 1677//1629 1678//1629 1641//1629
f 173//1630 174//1630 206//1630 205//1630
f 1721//1631 610//1631 612//1631 1722//1631
f 94//1632 96//1632 95//1632 93//1632
f 951//1633 988//1633 989//1633 952//1633
f 547//1634 617//1634 618//1634 549//1634
f 1063//1635 1100//1635 1101//1635 1064//1635
f 802//1636 839//1636 840//1636 803//1636
f 1062//1637 1099//1637 1100//1637 1063//1637
f 1379//1638 1416//1638 1417//1638 1380//1638
f 274//1639 273//1639 305//1639 306//1639
f 241//1640 243//1640 275//1640 273//1640
f 553//1641 620//1641 621//1641 555//1641
f 1581//1642 1618//1642 1619//1642 1582//1642
f 1206//1643 1243//1643 1242//1643 1205//1643
f 1656//1644 1693//1644 1694//1644 1657//1644
f 1323//1645 1360//1645 1361//1645 1324//1645
f 661//1646 698//1646 699//1646 662//1646
f 531//1647 534//1647 532//1647 533//1647
f 991//1648 1028//1648 1029//1648 992//1648
f 1407//1649 1444//1649 1445//1649 1408//1649
f 1032//1650 1069//1650 1070//1650 1033//1650
f 1464//1651 1501//1651 1503//1651 1466//1651
f 1651//1652 1688//1652 1689//1652 1652//1652
f 341//1653 342//1653 374//1653 373//1653
f 1593//1654 1630//1654 1631//1654 1594//1654
f 1639//1655 1676//1655 1677//1655 1640//1655
f 785//1656 822//1656 823//1656 786//1656
f 1059//1657 1096//1657 1097//1657 1060//1657
f 545//1658 616//1658 617//1658 547//1658
f 354//1659 355//1659 387//1659 386//1659
f 264//1660 265//1660 297//1660 296//1660
f 755//1661 792//1661 793//1661 756//1661
f 616//1662 653//1662 654//1662 617//1662
f 1177//1663 1214//1663 1215//1663 1178//1663
f 1341//1664 1378//1664 1379//1664 1342//1664
f 905//1665 942//1665 943//1665 906//1665
f 1083//1666 1120//1666 1121//1666 1084//1666
f 1691//1667 550//1667 552//1667 1692//1667
f 1603//1668 1640//1668 1641//1668 1604//1668
f 1502//1669 1539//1669 1538//1669 1501//1669
f 425//1670 426//1670 458//1670 457//1670
f 1168//1671 1205//1671 1207//1671 1170//1671
f 727//1672 764//1672 765//1672 728//1672
f 369//1673 371//1673 403//1673 401//1673
f 1186//1674 1223//1674 1224//1674 1187//1674
f 1049//1675 1086//1675 1087//1675 1050//1675
f 1681//1676 1718//1676 1719//1676 1682//1676
f 299//1677 300//1677 332//1677 331//1677
f 446//1678 447//1678 479//1678 478//1678
f 1005//1679 1042//1679 1043//1679 1006//1679
f 1696//1680 560//1680 562//1680 1697//1680
f 1627//1681 1664//1681 1665//1681 1628//1681
f 1291//1682 1328//1682 1329//1682 1292//1682
f 1755//1297 1760//1297 1761//1297 1756//1297
f 1724//1293 1735//1293 1736//1293 1726//1293
f 1118//1683 1155//1683 1156//1683 1119//1683
f 823//1684 860//1684 861//1684 824//1684
f 321//1685 322//1685 354//1685 353//1685
f 106//1686 108//1686 107//1686 105//1686
f 1802//1292 1729//1292 1731//1292 1803//1292
f 1747//1295 1752//1295 1753//1295 1748//1295
f 986//1687 1023//1687 1024//1687 987//1687
f 1555//1688 1592//1688 1593//1688 1556//1688
f 481//1689 482//1689 514//1689 513//1689
f 608//1690 607//1690 609//1690 610//1690
f 97//1691 99//1691 138//1691 137//1691
f 1560//1692 1597//1692 1598//1692 1561//1692
f 1622//1693 1659//1693 1660//1693 1623//1693
f 1201//1694 1238//1694 1239//1694 1202//1694
f 1626//1695 1663//1695 1664//1695 1627//1695
f 218//1696 219//1696 251//1696 250//1696
f 987//1697 1024//1697 1025//1697 988//1697
f 345//1698 346//1698 378//1698 377//1698
f 1520//1699 1557//1699 1558//1699 1521//1699
f 1256//1700 1293//1700 1294//1700 1257//1700
f 764//1701 801//1701 802//1701 765//1701
f 1217//1702 1254//1702 1255//1702 1218//1702
f 1475//1703 1512//1703 1513//1703 1476//1703
f 190//1704 191//1704 223//1704 222//1704
f 270//1705 271//1705 303//1705 302//1705
f 496//1706 466//1706 498//1706 528//1706
f 641//1707 678//1707 679//1707 642//1707
f 1139//1708 1176//1708 1177//1708 1140//1708
f 549//1709 618//1709 619//1709 551//1709
f 1314//1710 1351//1710 1352//1710 1315//1710
f 1084//1711 1121//1711 1122//1711 1085//1711
f 922//1712 959//1712 960//1712 923//1712
f 1148//1713 1185//1713 1186//1713 1149//1713
f 730//1714 767//1714 768//1714 731//1714
f 690//1715 727//1715 728//1715 691//1715
f 719//1716 756//1716 757//1716 720//1716
f 796//1717 833//1717 834//1717 797//1717
f 993//1718 1030//1718 1031//1718 994//1718
f 1326//1719 1363//1719 1364//1719 1327//1719
f 53//1720 55//1720 116//1720 115//1720
f 998//1721 1035//1721 1036//1721 999//1721
f 1265//1722 1302//1722 1303//1722 1266//1722
f 833//1723 870//1723 871//1723 834//1723
f 1649//1724 1686//1724 1688//1724 1651//1724
f 1612//1725 1649//1725 1651//1725 1614//1725
f 623//1726 660//1726 661//1726 624//1726
f 636//1727 673//1727 674//1727 637//1727
f 261//1728 262//1728 294//1728 293//1728
f 1211//1729 1248//1729 1249//1729 1212//1729
f 1501//1730 1538//1730 1540//1730 1503//1730
