# Blender 4.5.1 LTS
# www.blender.org
mtllib tent.mtl
o bg-characters-colors-26
v 0.097456 -0.147137 -1.573641
v 0.977164 -0.147137 -1.134151
v 0.097456 1.158432 -1.573641
v 0.977164 1.158432 -1.134151
vn -0.4469 -0.0000 0.8946
vt 0.000000 0.000000
vt 1.000000 0.000000
vt 1.000000 1.000000
vt 0.000000 1.000000
s 0
usemtl bg-characters-colors-26
f 1/1/1 2/2/1 4/3/1 3/4/1
o bg-characters-colors-27
v 0.678205 -0.114695 -0.594948
v 1.481472 -0.114695 -0.210794
v 0.678205 1.067429 -0.594948
v 1.481472 1.067429 -0.210793
vn -0.4314 -0.0000 0.9021
vt 0.000000 0.000000
vt 1.000000 0.000000
vt 1.000000 1.000000
vt 0.000000 1.000000
s 0
usemtl bg-characters-colors-27
f 5/5/2 6/6/2 8/7/2 7/8/2
o bg-characters-colors-24
v -3.083764 -0.372162 0.901242
v -1.862352 -0.372162 1.554067
v -3.083764 1.465978 0.901242
v -1.862352 1.465978 1.554067
vn -0.4714 -0.0000 0.8819
vt 0.000000 0.000000
vt 1.000000 0.000000
vt 1.000000 1.000000
vt 0.000000 1.000000
s 0
usemtl bg-characters-colors-24
f 9/9/3 10/10/3 12/11/3 11/12/3
o bg-characters-colors-25
v 0.046991 -0.269876 1.614651
v 1.091412 -0.269876 2.102198
v 0.046991 1.259923 1.614652
v 1.091412 1.259923 2.102198
vn -0.4230 -0.0000 0.9061
vt 1.000000 0.000000
vt 0.000000 0.000000
vt 0.000000 1.000000
vt 1.000000 1.000000
s 0
usemtl bg-characters-colors-25
f 13/13/4 14/14/4 16/15/4 15/16/4
o bg-characters-colors-28
v -0.691810 -0.189364 -0.715074
v 0.148998 -0.189364 -0.288250
v -0.691810 1.062516 -0.715074
v 0.148998 1.062516 -0.288250
vn -0.4527 -0.0000 0.8917
vt 0.000000 0.000000
vt 1.000000 0.000000
vt 1.000000 1.000000
vt 0.000000 1.000000
s 0
usemtl bg-characters-colors-28
f 17/17/5 18/18/5 20/19/5 19/20/5
o bg-characters-colors-23
v -2.778721 -0.334671 -1.162775
v -1.742418 -0.334671 -0.588869
v -2.778721 1.237590 -1.162774
v -1.742418 1.237590 -0.588869
vn -0.4845 -0.0000 0.8748
vt 1.000000 0.000000
vt 0.000000 0.000000
vt 0.000000 1.000000
vt 1.000000 1.000000
s 0
usemtl bg-characters-colors-23
f 21/21/6 22/22/6 24/23/6 23/24/6
o bg-characters-colors-24.001
v -0.763482 -0.372162 0.481520
v 0.479384 -0.372162 1.092514
v -0.763482 1.465978 0.481520
v 0.479384 1.465978 1.092514
vn -0.4412 -0.0000 0.8974
vt 1.000000 0.000000
vt 0.000000 0.000000
vt 0.000000 1.000000
vt 1.000000 1.000000
s 0
usemtl bg-characters-colors-24
f 25/25/7 26/26/7 28/27/7 27/28/7
o bg-characters-colors-27.001
v -1.340372 -0.114695 0.871782
v -0.545583 -0.114695 1.273183
v -1.340372 1.067429 0.871782
v -0.545583 1.067429 1.273183
vn -0.4508 -0.0000 0.8926
vt 1.000000 0.000000
vt 0.000000 0.000000
vt 0.000000 1.000000
vt 1.000000 1.000000
s 0
usemtl bg-characters-colors-27
f 29/29/8 30/30/8 32/31/8 31/32/8
o bg-characters-colors-23.001
v 1.200520 -0.334671 0.474571
v 2.279281 -0.334671 0.964023
v 1.200520 1.237590 0.474571
v 2.279281 1.237590 0.964023
vn -0.4132 -0.0000 0.9107
vt 0.000000 0.000000
vt 1.000000 0.000000
vt 1.000000 1.000000
vt 0.000000 1.000000
s 0
usemtl bg-characters-colors-23
f 33/33/9 34/34/9 36/35/9 35/36/9
o bg-characters-colors-28.001
v -2.822392 -0.240988 -0.228968
v -1.995065 -0.240988 0.223435
v -2.822392 1.010891 -0.228968
v -1.995065 1.010891 0.223435
vn -0.4798 -0.0000 0.8774
vt 1.000000 0.000000
vt 0.000000 0.000000
vt 0.000000 1.000000
vt 1.000000 1.000000
s 0
usemtl bg-characters-colors-28
f 37/37/10 38/38/10 40/39/10 39/40/10
o bg-characters-colors-25.001
v -1.343024 -0.269876 -1.891511
v -0.325442 -0.269876 -1.350177
v -1.343024 1.259923 -1.891511
v -0.325442 1.259923 -1.350177
vn -0.4697 -0.0000 0.8828
vt 0.000000 0.000000
vt 1.000000 0.000000
vt 1.000000 1.000000
vt 0.000000 1.000000
s 0
usemtl bg-characters-colors-25
f 41/41/11 42/42/11 44/43/11 43/44/11
o bg-characters-colors-26.001
v -1.893413 -0.147137 -0.299282
v -1.023733 -0.147137 0.159733
v -1.893413 1.158432 -0.299282
v -1.023733 1.158432 0.159733
vn -0.4668 -0.0000 0.8844
vt 1.000000 0.000000
vt 0.000000 0.000000
vt 0.000000 1.000000
vt 1.000000 1.000000
s 0
usemtl bg-characters-colors-26
f 45/45/12 46/46/12 48/47/12 47/48/12
o JrMap10_28.003
v -3.669109 1.285275 0.284280
v -2.641553 1.173546 0.326515
v -3.635977 1.149884 0.915105
v -3.271857 1.365746 -0.204890
v -2.474938 0.927088 1.264386
v -3.751765 0.933646 1.917123
v -1.958410 1.231295 -0.324402
v -2.903024 1.435417 -0.693515
v -0.000863 0.855260 -0.000265
v -4.909361 0.550013 4.099162
v -3.439276 0.700630 2.780223
v -4.735136 0.498266 4.296002
v -4.371166 0.714040 3.176465
v -2.984401 0.621982 2.849114
v -4.595414 0.431370 4.524333
v -5.309246 0.297781 5.416182
v -3.759899 0.498232 3.837121
v -4.945331 0.351615 5.068981
v -4.960840 0.355931 5.039183
v -2.794340 0.567672 3.222470
v -4.442916 0.387950 4.823004
v -4.010661 0.292935 5.866161
v -2.718211 0.494295 4.198368
v -3.095485 0.348890 5.686019
v -4.212479 0.348890 5.322874
v -1.216665 0.566687 3.741032
v -1.844020 0.387269 5.671838
v -0.205996 0.292935 7.103091
v -0.271074 0.494295 4.993953
v 0.276358 0.348890 6.782234
v -0.840181 0.348890 6.419237
v 0.363793 0.567672 4.249207
v 0.756189 0.387950 6.513278
v 1.107373 0.297781 7.502282
v 0.782892 0.498232 5.314022
v 1.047088 0.355931 6.992413
v 1.017478 0.351615 7.007543
v 0.736431 0.621982 4.058789
v 1.054109 0.431370 6.361043
v 1.557917 0.550013 6.201731
v 1.144673 0.700630 4.270506
v 1.665258 0.714040 5.138958
v 1.301285 0.498266 6.258496
v 1.256186 0.927088 2.477407
v 1.904882 0.933646 3.756149
v 2.798168 1.285275 2.386849
v 1.942394 1.173546 1.816798
v 2.764563 1.365746 1.757605
v 2.400444 1.149884 2.877598
v 1.772714 1.231295 0.888618
v 2.753623 1.435417 1.145511
v 3.232487 1.532866 1.050927
v 2.290909 1.372121 0.744810
v 3.024509 1.505479 0.958047
v 3.009652 1.505479 1.003743
v 1.956352 1.231295 0.323764
v 2.900795 1.435417 0.692823
v 3.666810 1.285275 -0.284997
v 2.639421 1.173546 -0.327177
v 3.633716 1.149884 -0.915809
v 3.269594 1.365746 0.204186
v 2.472880 0.927088 -1.265024
v 3.749535 0.933646 -1.917815
v 4.907059 0.550013 -4.099879
v 3.437144 0.700630 -2.780886
v 4.732873 0.498266 -4.296706
v 4.368903 0.714040 -3.177168
v 2.982446 0.621982 -2.849717
v 4.593258 0.431370 -4.525003
v 5.307457 0.297781 -5.416732
v 3.758181 0.498232 -3.837647
v 4.943815 0.351615 -5.069444
v 4.958864 0.355931 -5.039793
v 2.793028 0.567672 -3.222865
v 4.441822 0.387950 -4.823328
v 4.010433 0.292935 -5.866202
v 2.717495 0.494295 -4.198569
v 3.095350 0.348890 -5.686031
v 4.211886 0.348890 -5.323034
v 1.215890 0.566687 -3.741252
v 1.843912 0.387269 -5.671843
v 0.205773 0.292935 -7.103134
v 0.270360 0.494295 -4.994155
v -0.276947 0.348890 -6.782396
v 0.840048 0.348890 -6.419250
v -0.365103 0.567672 -4.249602
v -0.757286 0.387950 -6.513604
v -1.109161 0.297781 -7.502832
v -0.784608 0.498232 -5.314549
v -1.049063 0.355931 -6.993022
v -1.018996 0.351615 -7.008005
v -0.738386 0.621982 -4.059392
v -1.056265 0.431370 -6.361712
v -1.560216 0.550013 -6.202448
v -1.146808 0.700630 -4.271167
v -1.667519 0.714040 -5.139662
v -1.303549 0.498266 -6.259199
v -1.258241 0.927088 -2.478045
v -1.907109 0.933646 -3.756842
v -2.800468 1.285275 -2.387566
v -1.944528 1.173546 -1.817459
v -2.766826 1.365746 -1.758308
v -2.402707 1.149884 -2.878302
v -1.774770 1.231295 -0.889257
v -2.755852 1.435417 -1.146204
v -3.234788 1.532866 -1.051642
v -2.293042 1.372121 -0.745472
v -3.026770 1.505479 -0.958752
v -3.011913 1.505479 -1.004447
v 4.514545 1.624389 -0.000716
v 4.288692 1.760586 0.745351
v 4.529646 1.622398 0.004194
v 4.273587 1.762578 0.740442
v 4.296242 1.748440 0.747806
v 4.537197 1.610252 0.006649
v 4.161746 1.832462 1.135819
v 4.146646 1.834453 1.130910
v 4.169296 1.820315 1.138274
v 4.539715 1.518060 0.007467
v 4.298756 1.716780 0.748625
v 4.298756 1.656249 0.748625
v 4.539715 1.578592 0.007467
v 4.171814 1.788655 1.139091
v 4.171810 1.728124 1.139093
v 4.107942 1.756408 1.335545
v 4.120875 1.815086 1.295768
v 4.107942 1.816940 1.335545
v 4.120875 1.754554 1.295768
v 4.118361 1.846746 1.294948
v 4.105428 1.848600 1.334726
v 4.082778 1.862738 1.327362
v 4.110810 1.858892 1.292493
v 4.095706 1.860883 1.287585
v 4.097878 1.860746 1.332271
v -3.652900 1.624389 -2.656024
v -3.868174 1.763772 -1.906517
v -3.627217 1.625584 -2.647675
v -3.893857 1.762578 -1.914866
v -3.714031 1.764369 -1.856404
v -3.473074 1.626181 -2.597562
v -3.995120 1.835647 -1.516050
v -4.020801 1.834453 -1.524399
v -3.840976 1.836244 -1.465935
v -2.306642 1.626380 -2.218344
v -3.313234 1.764569 -1.726101
v -2.547598 1.764569 -1.477185
v -3.072277 1.626380 -2.467259
v -3.440180 1.836444 -1.335634
v -2.674542 1.836444 -1.086719
v -2.738410 1.864729 -0.890266
v -3.491115 1.862874 -1.178959
v -3.504048 1.864729 -1.139181
v -2.725479 1.862874 -0.930043
v -3.891912 1.862675 -1.309262
v -3.904844 1.864529 -1.269483
v -4.084669 1.862738 -1.327947
v -4.046056 1.862078 -1.359375
v -4.071738 1.860883 -1.367724
v -4.058989 1.863932 -1.319597
v -6.663167 -0.146402 6.603232
v -6.642236 -0.209700 6.626199
v -6.642236 -0.149128 6.626199
v -6.663167 -0.206974 6.603231
v -6.490470 -0.211063 6.683622
v -6.490470 -0.150490 6.683622
v -6.636733 -0.241409 6.623512
v -6.657636 -0.238683 6.600560
v -6.485121 -0.242771 6.680879
v -5.324828 -0.150945 7.065276
v -6.090464 -0.211517 6.816360
v -5.324828 -0.211517 7.065276
v -6.090464 -0.150945 6.816360
v -6.085531 -0.243226 6.813482
v -5.320684 -0.243226 7.062140
v -5.283397 -0.257453 7.033918
v -6.070731 -0.255421 6.804845
v -6.041130 -0.257453 6.787571
v -5.308256 -0.255421 7.052733
v -6.469082 -0.254966 6.672649
v -6.437002 -0.256998 6.656190
v -6.607881 -0.252910 6.576514
v -6.620218 -0.253604 6.615448
v -6.641053 -0.250878 6.592545
v -6.587191 -0.255636 6.599321
v 1.504279 -0.146402 9.258541
v 1.527302 -0.202432 9.239086
v 1.527302 -0.141860 9.239086
v 1.504279 -0.206974 9.258541
v 1.583169 -0.174722 9.092921
v 1.583169 -0.114150 9.092921
v 1.524380 -0.234141 9.233682
v 1.501379 -0.238683 9.253128
v 1.580217 -0.206431 9.087589
v 1.952425 0.096173 7.965693
v 1.711629 -0.102494 8.706354
v 1.952425 0.035601 7.965693
v 1.711629 -0.041922 8.706354
v 1.708609 -0.134203 8.701220
v 1.949281 0.003892 7.960936
v 1.921000 -0.010335 7.918118
v 1.699551 -0.146398 8.685814
v 1.681431 -0.148430 8.655004
v 1.939855 -0.008303 7.946662
v 1.571358 -0.218626 9.071595
v 1.553640 -0.220658 9.039605
v 1.475270 -0.252910 9.204417
v 1.515620 -0.246335 9.217467
v 1.492676 -0.250878 9.236891
v 1.498096 -0.248367 9.185037
v 6.661272 -0.146402 -6.603816
v 6.640854 -0.209700 -6.626616
v 6.640854 -0.149128 -6.626616
v 6.661272 -0.206974 -6.603816
v 6.489702 -0.211063 -6.683839
v 6.489702 -0.150490 -6.683839
v 6.635349 -0.241409 -6.623930
v 6.655743 -0.238683 -6.601144
v 6.484357 -0.242771 -6.681097
v 5.325191 -0.150945 -7.065125
v 6.090317 -0.211517 -6.816378
v 5.325191 -0.211517 -7.065125
v 6.090317 -0.150945 -6.816378
v 6.085380 -0.243226 -6.813499
v 5.321045 -0.243226 -7.061991
v 5.283734 -0.257453 -7.033777
v 6.070573 -0.255421 -6.804864
v 6.040961 -0.257453 -6.787596
v 5.308611 -0.255421 -7.052587
v 6.468310 -0.254966 -6.672868
v 6.436224 -0.256998 -6.656413
v 6.605982 -0.252910 -6.577101
v 6.618834 -0.253604 -6.615867
v 6.639157 -0.250878 -6.593131
v 6.585799 -0.255636 -6.599741
v -1.506175 -0.146402 -9.259125
v -1.529505 -0.202432 -9.239770
v -1.529505 -0.141860 -9.239770
v -1.506175 -0.206974 -9.259125
v -1.585527 -0.174722 -9.093656
v -1.585527 -0.114150 -9.093656
v -1.526584 -0.234141 -9.234365
v -1.503274 -0.238683 -9.253712
v -1.582573 -0.206431 -9.088324
v -1.954830 0.096173 -7.966446
v -1.714034 -0.102494 -8.707107
v -1.954830 0.035601 -7.966446
v -1.714034 -0.041922 -8.707107
v -1.711017 -0.134203 -8.701970
v -1.951691 0.003892 -7.961688
v -1.923407 -0.010335 -7.918869
v -1.701956 -0.146398 -8.686565
v -1.683838 -0.148430 -8.655756
v -1.942263 -0.008303 -7.947414
v -1.573716 -0.218626 -9.072330
v -1.555996 -0.220658 -9.040339
v -1.477168 -0.252910 -9.205004
v -1.517824 -0.246335 -9.218152
v -1.494572 -0.250878 -9.237475
v -1.500300 -0.248367 -9.185722
v -6.240191 0.635824 5.302202
v -6.455303 0.498923 6.051212
v -6.214507 0.637019 5.310552
v -6.480986 0.497729 6.042863
v -6.301159 0.499520 6.101326
v -6.060363 0.637616 5.360665
v -6.579939 0.426695 6.437975
v -6.604648 0.425625 6.429418
v -6.426776 0.427144 6.488556
v -4.893931 0.637815 5.739883
v -5.900363 0.499720 6.231628
v -5.134725 0.499720 6.480543
v -5.659567 0.637815 5.490968
v -6.026305 0.427293 6.619013
v -5.260669 0.427293 6.867929
v -5.316905 0.393249 7.040913
v -6.074622 0.398986 6.767632
v -6.082543 0.393249 6.791998
v -5.308986 0.398986 7.016548
v -6.474113 0.398986 6.636708
v -6.481280 0.393430 6.660456
v -6.643999 0.394704 6.594097
v -6.624335 0.398985 6.584726
v -6.646121 0.398287 6.575548
v -6.629247 0.393972 6.606626
v -4.516439 1.624389 0.000132
v -4.290892 1.760586 -0.746036
v -4.531848 1.622398 -0.004878
v -4.275483 1.762578 -0.741027
v -4.298598 1.748440 -0.748541
v -4.539555 1.610252 -0.007383
v -4.163948 1.832462 -1.136504
v -4.148539 1.834453 -1.131494
v -4.171652 1.820315 -1.139008
v -4.542122 1.518060 -0.008218
v -4.301165 1.716780 -0.749376
v -4.301165 1.656249 -0.749376
v -4.542122 1.578592 -0.008218
v -4.174220 1.788655 -1.139844
v -4.174220 1.728124 -1.139844
v -4.110352 1.756408 -1.336296
v -4.123284 1.815086 -1.296518
v -4.110352 1.816940 -1.336296
v -4.123284 1.754554 -1.296518
v -4.120717 1.846746 -1.295683
v -4.107784 1.848600 -1.335461
v -4.113010 1.858892 -1.293179
v -4.097601 1.860883 -1.288169
v -4.100080 1.860746 -1.332957
v -4.067942 1.216579 -1.322509
v -4.038332 1.213506 -1.269349
v -4.080808 1.214725 -1.282933
v -4.025532 1.215360 -1.308721
v -4.088751 1.187075 -1.114270
v -4.131485 1.188294 -1.127057
v -3.987363 1.222723 -1.253046
v -3.974641 1.224577 -1.292175
v -4.037467 1.196293 -1.098927
v -4.497511 0.978231 -0.001198
v -4.214400 1.115200 -0.727783
v -4.452901 0.977012 0.005821
v -4.257783 1.116419 -0.738579
v -4.162343 1.124418 -0.714826
v -4.399369 0.986229 0.014245
v -4.301227 1.074470 0.029688
v -4.110284 1.153696 -0.701871
v -4.066901 1.212658 -0.691073
v -4.345838 1.015507 0.022668
v -3.986185 1.225571 -1.083583
v -3.943450 1.284533 -1.070796
v -3.881339 1.312818 -1.261842
v -3.936392 1.252001 -1.236744
v -3.923748 1.253855 -1.275630
v -3.893916 1.310964 -1.223158
v -6.532147 -0.256854 6.572443
v -6.552595 -0.254129 6.549797
v -6.383537 -0.258217 6.628757
v -6.466093 -0.247637 6.540189
v -6.486252 -0.244912 6.517735
v -6.319379 -0.249000 6.595839
v -5.991797 -0.258671 6.758781
v -5.241966 -0.258671 7.002560
v -5.932597 -0.249454 6.724234
v -5.192248 -0.249454 6.964929
v -5.101099 -0.161213 6.895939
v -5.873399 -0.220176 6.689686
v -5.824066 -0.161213 6.660896
v -5.142530 -0.220176 6.927298
v -6.255218 -0.219722 6.562919
v -6.201753 -0.160759 6.535486
v -6.364625 -0.156671 6.458958
v -6.400041 -0.218359 6.507936
v -6.419911 -0.215634 6.485676
v -6.344996 -0.159396 6.481058
v 1.468890 -0.249586 9.130988
v 1.446260 -0.254129 9.150295
v 1.524111 -0.221876 8.986288
v 1.433843 -0.240369 9.066130
v 1.411449 -0.244912 9.085348
v 1.488674 -0.212659 8.922307
v 1.651234 -0.149649 8.603651
v 1.889575 -0.011553 7.870541
v 1.614997 -0.140431 8.542030
v 1.851864 -0.002336 7.813449
v 1.782730 0.085905 7.708780
v 1.578759 -0.111153 8.480410
v 1.548561 -0.052191 8.429059
v 1.814155 0.026942 7.756356
v 1.453237 -0.183381 8.858327
v 1.423708 -0.124418 8.805011
v 1.347629 -0.156671 8.966280
v 1.398797 -0.211090 9.001271
v 1.376638 -0.215634 9.020401
v 1.369591 -0.152128 8.947223
v 4.065534 1.216579 1.321757
v 4.035923 1.213506 1.268597
v 4.078401 1.214725 1.282181
v 4.023126 1.215360 1.307968
v 4.086341 1.187075 1.113519
v 4.129078 1.188294 1.126306
v 3.984953 1.222723 1.252295
v 3.972234 1.224577 1.291424
v 4.035061 1.196293 1.098175
v 4.495104 0.978231 0.000447
v 4.211991 1.115200 0.727032
v 4.450493 0.977012 -0.006573
v 4.255375 1.116419 0.737827
v 4.159934 1.124418 0.714075
v 4.396962 0.986229 -0.014996
v 4.298819 1.074470 -0.030440
v 4.107876 1.153696 0.701119
v 4.064491 1.212658 0.690323
v 4.343430 1.015507 -0.023420
v 3.983778 1.225571 1.082831
v 3.941041 1.284533 1.070045
v 3.878933 1.312818 1.261090
v 3.933984 1.252001 1.235992
v 3.921341 1.253855 1.274878
v 3.891506 1.310964 1.222408
v 6.530745 -0.256854 -6.572867
v 6.550689 -0.254129 -6.550384
v 6.382737 -0.258217 -6.628984
v 6.464680 -0.247637 -6.540617
v 6.484343 -0.244912 -6.518325
v 6.318560 -0.249000 -6.596073
v 5.991605 -0.258671 -6.758814
v 5.242272 -0.258671 -7.002427
v 5.932374 -0.249454 -6.724274
v 5.192523 -0.249454 -6.964808
v 5.101309 -0.161213 -6.895838
v 5.873148 -0.220176 -6.689735
v 5.823792 -0.161213 -6.660954
v 5.142770 -0.220176 -6.927188
v 6.254378 -0.219722 -6.563160
v 6.200896 -0.160759 -6.535732
v 6.362703 -0.156671 -6.459551
v 6.398615 -0.218359 -6.508369
v 6.417992 -0.215634 -6.486268
v 6.343556 -0.159396 -6.481493
v -1.471099 -0.249586 -9.131673
v -1.448166 -0.254129 -9.150883
v -1.526469 -0.221876 -8.987021
v -1.436051 -0.240369 -9.066817
v -1.413363 -0.244912 -9.085938
v -1.491035 -0.212659 -8.923042
v -1.653642 -0.149649 -8.604403
v -1.891984 -0.011553 -7.871291
v -1.617406 -0.140431 -8.542782
v -1.854274 -0.002336 -7.814201
v -1.785140 0.085905 -7.709531
v -1.581167 -0.111153 -8.481161
v -1.550970 -0.052191 -8.429810
v -1.816563 0.026942 -7.757108
v -1.455596 -0.183381 -8.859063
v -1.426069 -0.124418 -8.805747
v -1.349553 -0.156671 -8.966872
v -1.401007 -0.211090 -9.001961
v -1.378555 -0.215634 -9.020993
v -1.371805 -0.152128 -8.947909
v -3.868429 1.409235 -1.215008
v -3.855892 1.411089 -1.253570
v -3.917809 1.382804 -1.063124
v -3.768673 1.501095 -1.183973
v -3.773205 1.505137 -1.226687
v -3.802564 1.471657 -1.023070
v -4.040872 1.310929 -0.684595
v -4.274461 1.172741 0.033900
v -3.946622 1.399517 -0.636619
v -4.194795 1.264721 0.070082
v -3.698582 1.429429 -0.501325
v -3.991490 1.304812 0.173011
v -3.491024 1.502366 -0.913135
v -3.503383 1.540823 -1.101736
v -3.559071 1.551431 -1.157069
v -6.311970 -0.061125 6.464931
v -6.331455 -0.058400 6.442927
v -6.169672 -0.062488 6.519026
v -6.153035 0.064210 6.310680
v -6.198897 0.062860 6.317167
v -5.980258 0.066847 6.338067
v -5.794465 -0.062942 6.643621
v -5.076241 -0.062942 6.877123
v -5.620040 0.062318 6.494826
v -4.936936 0.058261 6.753842
v -5.136234 0.202246 6.071469
v -4.552170 0.186021 6.409087
v -5.454782 0.219001 5.817131
v -5.720267 0.204366 5.869432
v -5.845457 0.190790 5.961265
v 1.352067 -0.053857 8.914792
v 1.330222 -0.058400 8.933805
v 1.405991 -0.026147 8.773021
v 1.312521 0.071251 8.697383
v 1.296979 0.062860 8.754144
v 1.362005 0.103705 8.513539
v 1.530443 0.046080 8.398248
v 1.763875 0.184176 7.680234
v 1.496651 0.174545 8.164361
v 1.733809 0.307575 7.491534
v 1.419438 0.324089 7.503779
v 1.668752 0.441922 6.963496
v 1.253673 0.257411 7.777753
v 1.217247 0.210726 8.088394
v 1.220459 0.190790 8.258456
v 3.866023 1.409235 1.214255
v 3.853487 1.411089 1.252817
v 3.915399 1.382804 1.062373
v 3.766281 1.501095 1.183227
v 3.770810 1.505137 1.225939
v 3.800177 1.471657 1.022324
v 4.038465 1.310929 0.683844
v 4.272051 1.172741 -0.034651
v 3.944230 1.399517 0.635873
v 4.192399 1.264721 -0.070828
v 3.696237 1.429429 0.500594
v 3.989134 1.304812 -0.173747
v 3.488687 1.502366 0.912409
v 3.501035 1.540823 1.101006
v 3.556712 1.551431 1.156334
v 6.310526 -0.061125 -6.465369
v 6.329528 -0.058400 -6.443522
v 6.168809 -0.062488 -6.519278
v 6.151588 0.064210 -6.311120
v 6.196989 0.062860 -6.317757
v 5.979362 0.066847 -6.338325
v 5.794176 -0.062942 -6.643684
v 5.076432 -0.062942 -6.877028
v 5.619709 0.062318 -6.494903
v 4.937071 0.058261 -6.753766
v 5.135783 0.202246 -6.071583
v 4.552155 0.186021 -6.409061
v 5.453816 0.219001 -5.817413
v 5.718816 0.204366 -5.869873
v 5.843601 0.190790 -5.961837
v -1.354282 -0.053857 -8.915483
v -1.332149 -0.058400 -8.934401
v -1.408350 -0.026147 -8.773758
v -1.314713 0.071251 -8.698065
v -1.298888 0.062860 -8.754733
v -1.364346 0.103705 -8.514269
v -1.532852 0.046080 -8.398999
v -1.766284 0.184176 -7.680986
v -1.499043 0.174545 -8.165108
v -1.736204 0.307575 -7.492283
v -1.421786 0.324089 -7.504510
v -1.671109 0.441922 -6.964233
v -1.255950 0.257411 -7.778463
v -1.219369 0.210726 -8.089054
v -1.222316 0.190790 -8.259027
v 0.070830 -0.161213 8.577378
v -1.109283 -0.062942 8.166816
v 0.061772 -0.062942 8.547536
v -1.107955 -0.161213 8.194145
v -1.097904 0.062318 7.965012
v 0.021538 0.058261 8.365887
v -2.507041 -0.062942 7.712392
v -2.514940 -0.161213 7.736722
v -2.435797 0.066374 7.493118
v -1.061996 0.202246 7.396039
v -0.087081 0.186021 7.860727
v -2.232594 0.218471 6.867733
v -3.490137 0.202246 6.606628
v -3.795497 0.062318 7.088001
v -3.904897 -0.062942 7.257937
v -3.922023 -0.161213 7.279267
v 0.137262 -0.257453 8.796221
v -1.100427 -0.258671 8.349009
v 0.122164 -0.258671 8.746484
v -1.098214 -0.257453 8.394557
v -1.103085 -0.249454 8.294351
v 0.104046 -0.249454 8.686800
v -2.559700 -0.258671 7.874587
v -2.572864 -0.257453 7.915135
v -2.543901 -0.249454 7.825927
v -1.105740 -0.220176 8.239693
v 0.085928 -0.220176 8.627115
v -2.528105 -0.220176 7.777270
v -3.950567 -0.220176 7.314815
v -3.984820 -0.249454 7.357474
v -4.019072 -0.258671 7.400132
v -4.047615 -0.257453 7.435680
v 0.160279 0.393249 8.821595
v -1.092831 0.388532 8.430359
v 0.155528 0.388532 8.836212
v -1.088079 0.393249 8.415741
v -1.095208 0.375023 8.437669
v 0.153152 0.375023 8.843522
v -2.582861 0.388532 7.945939
v -2.578108 0.393249 7.931320
v -2.585237 0.375023 7.953247
v 0.152360 0.282377 8.845958
v -1.095999 0.342909 8.440104
v -1.095999 0.282377 8.440104
v 0.152360 0.342909 8.845958
v -2.586030 0.342909 7.955684
v -2.586029 0.282377 7.955685
v -5.324828 0.282377 7.065276
v -4.076161 0.342909 7.471229
v -5.324828 0.342909 7.065276
v -4.076161 0.282377 7.471229
v -4.075368 0.375023 7.468793
v -5.324035 0.375023 7.062840
v -4.072992 0.388532 7.461484
v -4.068239 0.393249 7.446865
v -5.321659 0.388532 7.055531
v 2.738775 1.864729 0.890417
v 1.477484 1.862874 0.524341
v 2.725843 1.862874 0.930194
v 1.490417 1.864729 0.484564
v 1.426549 1.836444 0.681016
v 2.674907 1.836444 1.086869
v -0.012542 1.862874 0.039919
v 0.000386 1.864729 0.000143
v -0.063480 1.836444 0.196594
v 2.307007 1.626380 2.218493
v 1.299603 1.764569 1.071483
v 1.058648 1.626380 1.812642
v 2.547961 1.764569 1.477336
v -0.190425 1.764569 0.587063
v -0.431382 1.626380 1.328221
v -3.170180 1.626380 0.437812
v -1.680557 1.764569 0.102607
v -2.929224 1.764569 -0.303346
v -1.921513 1.626380 0.843765
v -1.553611 1.836444 -0.287860
v -2.802280 1.836444 -0.693814
v -1.502675 1.862874 -0.444535
v -1.489743 1.864729 -0.484313
v -2.751342 1.862874 -0.850488
v 5.317274 0.393249 -7.040763
v 4.060993 0.398986 -7.422252
v 5.309351 0.398986 -7.016399
v 4.068914 0.393249 -7.446616
v 4.012675 0.427293 -7.273633
v 5.261034 0.427293 -6.867779
v 2.570962 0.398986 -7.906672
v 2.578885 0.393249 -7.931036
v 2.522645 0.427293 -7.758052
v 4.894297 0.637815 -5.739734
v 3.886734 0.499720 -6.886247
v 3.645938 0.637815 -6.145586
v 5.135092 0.499720 -6.480394
v 2.396703 0.499720 -7.370667
v 2.155907 0.637815 -6.630008
v -0.582893 0.637815 -7.520414
v 0.906574 0.499720 -7.855123
v -0.342097 0.499720 -8.261074
v 0.665778 0.637815 -7.114462
v 1.032516 0.427293 -8.242509
v -0.216154 0.427293 -8.648458
v -0.159916 0.393249 -8.821444
v 1.080833 0.398986 -8.391128
v 1.088751 0.393249 -8.415491
v -0.167838 0.398986 -8.797079
v -1.496042 0.394704 -9.240465
v -1.474559 0.389837 -9.255431
v -1.501141 0.392080 -9.249855
v -1.476743 0.393972 -9.241923
v -1.475443 0.376712 -9.262903
v -1.504915 0.379317 -9.256807
v -1.321299 0.388858 -9.212790
v -1.325412 0.393430 -9.198448
v -1.319739 0.375445 -9.220138
v -1.506175 0.286919 -9.259125
v -1.475741 0.344726 -9.265393
v -1.475741 0.284194 -9.265393
v -1.506175 0.347451 -9.259125
v -1.319217 0.343363 -9.222589
v -1.319217 0.282831 -9.222589
v -0.151994 0.282377 -8.845806
v -0.917630 0.342909 -9.094723
v -0.151994 0.342909 -8.845806
v -0.917630 0.282377 -9.094723
v -0.918425 0.375023 -9.092286
v -0.152784 0.375023 -8.843370
v -0.920801 0.388532 -9.084977
v -0.925552 0.393249 -9.070358
v -0.155160 0.388532 -8.836062
v -1.418312 -0.256854 -9.157175
v -1.447024 -0.255636 -9.211285
v -1.383850 -0.247637 -9.092245
v -1.264997 -0.258217 -9.115331
v -1.292105 -0.256998 -9.168962
v -1.232461 -0.249000 -9.050976
v -1.349393 -0.218359 -9.027314
v -1.320681 -0.159396 -8.973205
v -1.199924 -0.219722 -8.986622
v -1.172816 -0.160759 -8.932991
v -0.070621 -0.161213 -8.577278
v -0.816557 -0.220176 -8.864618
v -0.085690 -0.220176 -8.627005
v -0.793587 -0.161213 -8.812322
v -0.844124 -0.249454 -8.927373
v -0.103770 -0.249454 -8.686680
v -0.136925 -0.257453 -8.796080
v -0.871686 -0.258671 -8.990129
v -0.894661 -0.257453 -9.042427
v -0.121855 -0.258671 -8.746353
v -1.303450 -0.061125 -8.940740
v -1.265610 0.064210 -8.722516
v -1.156548 -0.062488 -8.900814
v -1.109762 0.066847 -8.643063
v -1.175062 0.204366 -8.111133
v -0.991087 0.219001 -7.912710
v -0.583876 0.202246 -7.931094
v 0.087064 0.186021 -7.860700
v -0.726228 0.062318 -8.558022
v -0.021404 0.058261 -8.365811
v -0.779804 -0.062942 -8.780943
v -0.061577 -0.062942 -8.547443
v 1.302006 -0.061125 8.940300
v 1.319240 -0.159396 8.972769
v 1.264161 0.064210 8.722076
v 1.155680 -0.062488 8.900564
v 1.171959 -0.160759 8.932745
v 1.108866 0.066847 8.642802
v 1.173611 0.204366 8.110692
v 0.990123 0.219001 7.912427
v 0.583427 0.202246 7.930980
v 0.725894 0.062318 8.557945
v 0.779514 -0.062942 8.780881
v 0.793311 -0.161213 8.812263
v 1.416907 -0.256854 9.156751
v 1.445632 -0.255636 9.210863
v 1.382437 -0.247637 9.091817
v 1.264196 -0.258217 9.115103
v 1.291326 -0.256998 9.168737
v 1.231641 -0.249000 9.050742
v 1.347967 -0.218359 9.026881
v 1.199087 -0.219722 8.986380
v 0.816306 -0.220176 8.864568
v 0.843899 -0.249454 8.927333
v 0.871494 -0.258671 8.990097
v 0.894489 -0.257453 9.042402
v 1.494441 0.394704 9.239976
v 1.473259 0.389837 9.255041
v 1.499392 0.392080 9.249318
v 1.475482 0.393972 9.241545
v 1.474084 0.376712 9.262492
v 1.503058 0.379317 9.256235
v 1.320557 0.388858 9.212579
v 1.324676 0.393430 9.198241
v 1.318980 0.375445 9.219923
v 1.504279 0.286919 9.258541
v 1.474359 0.344726 9.264977
v 1.474359 0.284194 9.264977
v 1.504279 0.347451 9.258541
v 1.318454 0.343363 9.222371
v 1.318454 0.282831 9.222372
v 0.917482 0.342909 9.094707
v 0.917482 0.282377 9.094707
v 0.918274 0.375023 9.092270
v 0.920650 0.388532 9.084962
v 0.925403 0.393249 9.070343
v 4.044676 1.862078 1.358957
v 4.069845 1.860883 1.367139
v 4.057608 1.863932 1.319179
v 3.993740 1.835647 1.515631
v 4.018909 1.834453 1.523814
v 3.891149 1.862675 1.309044
v 3.904081 1.864529 1.269265
v 3.840209 1.836244 1.465719
v 3.651005 1.624389 2.655441
v 3.866795 1.763772 1.906100
v 3.625836 1.625584 2.647258
v 3.891964 1.762578 1.914283
v 3.713267 1.764369 1.856186
v 3.472309 1.626181 2.597345
v 3.313088 1.764569 1.726084
v 3.072129 1.626380 2.467243
v 3.440029 1.836444 1.335617
v 3.490969 1.862874 1.178941
v 3.503897 1.864729 1.139165
v 6.642396 0.394704 -6.594586
v 6.623034 0.398985 -6.585116
v 6.644372 0.398287 -6.576086
v 6.627984 0.393972 -6.607004
v 6.578578 0.426695 -6.438386
v 6.602788 0.425625 -6.429990
v 6.473368 0.398986 -6.636918
v 6.480546 0.393430 -6.660663
v 6.426016 0.427144 -6.488771
v 6.238295 0.635824 -5.302786
v 6.453921 0.498923 -6.051630
v 6.213126 0.637019 -5.310969
v 6.479090 0.497729 -6.043447
v 6.300394 0.499520 -6.101544
v 6.059598 0.637616 -5.360882
v 5.900214 0.499720 -6.231645
v 5.659419 0.637815 -5.490984
v 6.026156 0.427293 -6.619030
v 6.074473 0.398986 -6.767651
v 6.082396 0.393249 -6.792014
v 1.093507 0.388532 -8.430109
v 1.095883 0.375023 -8.437418
v 2.583636 0.388532 -7.945654
v 2.586011 0.375023 -7.952963
v 1.096673 0.342909 -8.439854
v 1.096673 0.282377 -8.439854
v 2.586806 0.342909 -7.955400
v 2.586806 0.282377 -7.955400
v 5.325191 0.282377 -7.065125
v 4.076832 0.342909 -7.470977
v 5.325191 0.342909 -7.065125
v 4.076832 0.282377 -7.470977
v 4.076042 0.375023 -7.468542
v 5.324401 0.375023 -7.062689
v 4.073667 0.388532 -7.461234
v 5.322025 0.388532 -7.055381
v 1.101037 -0.258671 -8.348780
v 1.098857 -0.257453 -8.394319
v 1.103656 -0.249454 -8.294133
v 2.560409 -0.258671 -7.874324
v 2.573608 -0.257453 -7.914862
v 2.544573 -0.249454 -7.825677
v 1.106275 -0.220176 -8.239489
v 1.108455 -0.161213 -8.193950
v 2.528735 -0.220176 -7.777033
v 2.515541 -0.161213 -7.736496
v 3.951102 -0.220176 -7.314610
v 3.922525 -0.161213 -7.279073
v 3.985391 -0.249454 -7.357256
v 4.019684 -0.258671 -7.399902
v 4.048256 -0.257453 -7.435441
v 1.109764 -0.062942 -8.166628
v 1.098318 0.062318 -7.964847
v 2.507620 -0.062942 -7.712173
v 2.436297 0.066374 -7.492923
v 1.062220 0.202246 -7.395935
v 2.232885 0.218471 -6.867606
v 3.490359 0.202246 -6.606525
v 3.795909 0.062318 -7.087835
v 3.905379 -0.062942 -7.257749
v -5.977539 0.085905 5.185848
v -5.564640 0.409489 4.002352
v -5.945504 0.184176 5.173848
v -5.595475 0.311219 4.010656
v -5.419879 0.526598 3.894958
v -5.810206 0.307575 5.038908
v -5.110044 0.678421 2.604066
v -5.139447 0.580150 2.607962
v -4.958383 0.787788 2.532103
v -5.026709 0.642072 3.583853
v -5.447031 0.441922 4.650093
v -4.542602 0.880038 2.321409
v -4.235179 1.111317 1.149192
v -4.541036 1.047320 1.191733
v -4.655419 0.947372 1.205685
v -4.683386 0.849101 1.205169
v -6.212478 -0.010335 5.273853
v -5.770211 0.213760 4.057721
v -6.159083 -0.011554 5.253851
v -5.821602 0.214979 4.071564
v -5.708539 0.222978 4.041110
v -6.095008 -0.002336 5.229851
v -5.306056 0.482692 2.630033
v -5.355060 0.483911 2.636525
v -5.247253 0.491910 2.622243
v -5.646868 0.252256 4.024499
v -6.030934 0.026942 5.205848
v -5.188448 0.521188 2.614452
v -4.729999 0.790138 1.204309
v -4.785933 0.760860 1.203278
v -4.841870 0.751642 1.202247
v -4.888484 0.752862 1.201387
v -5.862722 0.859146 4.088745
v -6.255599 0.633833 5.297193
v -5.847314 0.861138 4.093756
v -5.870427 0.847000 4.086241
v -6.263303 0.621687 5.294688
v -5.393789 1.128079 2.646357
v -5.378380 1.130070 2.651367
v -5.401494 1.115932 2.643852
v -6.265873 0.529495 5.293853
v -5.872996 0.815341 4.085406
v -5.872996 0.754809 4.085406
v -6.265873 0.590027 5.293853
v -5.404061 1.084272 2.643017
v -5.404061 1.023740 2.643017
v -4.935095 1.353223 1.200527
v -4.935095 1.292691 1.200527
v -4.932527 1.384883 1.201363
v -4.924823 1.397029 1.203868
v -4.909414 1.399020 1.208878
v -4.071920 1.862078 -1.279819
v -3.917777 1.862675 -1.229706
v -4.122856 1.835647 -1.123145
v -3.968712 1.836244 -1.073031
v -3.516980 1.862874 -1.099403
v -3.567916 1.836444 -0.942729
v -3.694860 1.764569 -0.552261
v -3.935818 1.626380 0.188897
v -4.095656 1.764369 -0.682564
v -4.336613 1.626181 0.058594
v -4.249800 1.763772 -0.732677
v -4.490758 1.625584 0.008481
v 0.583256 0.637815 7.520565
v -0.272226 0.863129 5.906266
v -0.665102 0.637815 7.114712
v 0.976133 0.863129 6.312119
v -1.762254 0.863129 5.421844
v -2.155131 0.637815 6.630291
v 0.196707 1.132061 4.463876
v 1.445066 1.132061 4.869729
v -1.293322 1.132061 3.979454
v -3.252386 0.863129 4.937388
v -4.501055 0.863129 4.531436
v -3.645262 0.637815 6.145836
v -2.783453 1.132061 3.495000
v -4.032119 1.132061 3.089047
v -2.314486 1.401011 2.052511
v -3.563155 1.401011 1.646559
v -0.824355 1.401011 2.536965
v 0.665673 1.401011 3.021387
v 1.914032 1.401011 3.427240
v 1.927256 0.635824 7.957511
v 2.294966 0.862333 6.740881
v 1.902087 0.637019 7.949328
v 2.320131 0.861138 6.749065
v 2.141435 0.862930 6.690969
v 1.748560 0.637616 7.899415
v 2.763896 1.131264 5.298492
v 2.789066 1.130070 5.306675
v 2.610369 1.131862 5.248579
v 1.741257 0.863129 6.560866
v 1.348380 0.637815 7.769313
v 2.210190 1.132061 5.118477
v 2.679154 1.401011 3.675988
v 3.079334 1.400812 3.806090
v 3.232865 1.400214 3.856002
v 3.258034 1.399020 3.864185
v 4.084945 1.858892 1.372049
v 4.092496 1.846746 1.374504
v 4.034010 1.832462 1.528723
v 4.041560 1.820315 1.531178
v 4.095014 1.815086 1.375322
v 4.095014 1.754554 1.375322
v 4.044074 1.788655 1.531997
v 4.044074 1.728124 1.531997
v 3.676174 1.518060 2.663623
v 3.917132 1.716780 1.922464
v 3.676174 1.578592 2.663623
v 3.917132 1.656249 1.922464
v 3.914614 1.748440 1.921647
v 3.673655 1.610252 2.662805
v 3.907064 1.760586 1.919191
v 3.666105 1.622398 2.660351
v 4.010326 1.213505 1.347341
v 4.052668 1.214725 1.361332
v 3.959509 1.222723 1.330553
v 3.959908 1.187075 1.502419
v 4.001991 1.188294 1.517208
v 3.909406 1.196293 1.484672
v 3.908697 1.252001 1.313764
v 3.866355 1.310964 1.299773
v 3.858904 1.225571 1.466926
v 3.816821 1.284533 1.452137
v 3.459043 1.074470 2.552621
v 3.734805 1.153696 1.848638
v 3.499251 1.015507 2.573176
v 3.693370 1.212658 1.831858
v 3.784534 1.124418 1.868771
v 3.547506 0.986229 2.597844
v 3.635964 0.978231 2.643067
v 3.834258 1.115200 1.888906
v 3.875693 1.116419 1.905686
v 3.595755 0.977012 2.622511
v 3.840950 1.409235 1.291378
v 3.742029 1.501095 1.257822
v 3.791570 1.382804 1.443263
v 3.674823 1.471657 1.407896
v 3.479144 1.540823 1.168345
v 3.358251 1.502366 1.313623
v 3.283946 1.429429 1.768756
v 3.124290 1.304812 2.486415
v 3.564080 1.399517 1.805176
v 3.349217 1.264721 2.522707
v 3.668508 1.310929 1.821791
v 3.434918 1.172741 2.540287
v -3.843357 1.409235 -1.292131
v -3.868763 1.310964 -1.300524
v -3.744421 1.501095 -1.258569
v -3.793977 1.382804 -1.444015
v -3.819228 1.284533 -1.452888
v -3.677212 1.471657 -1.408641
v -3.481489 1.540823 -1.169077
v -3.360584 1.502366 -1.314351
v -3.286292 1.429429 -1.769488
v -3.126649 1.304812 -2.487150
v -3.566472 1.399517 -1.805923
v -3.351614 1.264721 -2.523454
v -3.461452 1.074470 -2.553371
v -3.670914 1.310929 -1.822544
v -3.695778 1.212658 -1.832610
v -3.437325 1.172741 -2.541038
v -4.012733 1.213505 -1.348093
v -4.055077 1.214725 -1.362084
v -3.961919 1.222723 -1.331304
v -3.962315 1.187075 -1.503170
v -4.004400 1.188294 -1.517960
v -3.911813 1.196293 -1.485424
v -3.911107 1.252001 -1.314515
v -3.861314 1.225571 -1.467677
v -3.737215 1.153696 -1.849389
v -3.501661 1.015507 -2.573928
v -3.786939 1.124418 -1.869524
v -3.549913 0.986229 -2.598595
v -3.638371 0.978231 -2.643819
v -3.836665 1.115200 -1.889658
v -3.878103 1.116419 -1.906437
v -3.598162 0.977012 -2.623262
v -4.087147 1.858892 -1.372734
v -4.094851 1.846746 -1.375239
v -4.036211 1.832462 -1.529408
v -4.043916 1.820315 -1.531913
v -4.097419 1.815086 -1.376074
v -4.097419 1.754554 -1.376074
v -4.046484 1.788655 -1.532749
v -4.046484 1.728124 -1.532749
v -3.678583 1.518060 -2.664374
v -3.919540 1.716780 -1.923216
v -3.678583 1.578592 -2.664374
v -3.919540 1.656249 -1.923216
v -3.916970 1.748440 -1.922381
v -3.676013 1.610252 -2.663539
v -3.909266 1.760586 -1.919876
v -3.668309 1.622398 -2.661034
v -1.929152 0.635824 -7.958095
v -2.296345 0.862333 -6.741298
v -1.903469 0.637019 -7.949747
v -2.322026 0.861138 -6.749649
v -2.142200 0.862930 -6.691186
v -1.749325 0.637616 -7.899632
v -2.765278 1.131264 -5.298910
v -2.790961 1.130070 -5.307260
v -2.611134 1.131862 -5.248795
v -1.741403 0.863129 -6.560883
v -0.975767 0.863129 -6.311968
v -1.348528 0.637815 -7.769329
v -2.210338 1.132061 -5.118494
v -1.444702 1.132061 -4.869578
v -2.679305 1.401011 -3.676005
v -1.913666 1.401011 -3.427089
v -3.080101 1.400812 -3.806307
v -3.234245 1.400214 -3.856420
v -3.259925 1.399020 -3.864770
v 1.503349 1.862874 0.444785
v 2.751708 1.862874 0.850638
v 0.013319 1.862874 -0.039635
v 1.554285 1.836444 0.288112
v 2.802644 1.836444 0.693964
v 0.064259 1.836444 -0.196311
v -1.476810 1.862874 -0.524091
v -1.425874 1.836444 -0.680765
v -1.298931 1.764569 -1.071233
v -1.057972 1.626380 -1.812391
v 0.191200 1.764569 -0.586778
v 0.432159 1.626380 -1.327937
v 3.170548 1.626380 -0.437663
v 1.681230 1.764569 -0.102357
v 2.929589 1.764569 0.303496
v 1.922185 1.626380 -0.843514
v 4.070541 1.862078 1.279402
v 3.917010 1.862675 1.229489
v 4.121477 1.835647 1.122727
v 3.967949 1.836244 1.072813
v 3.516830 1.862874 1.099388
v 3.567770 1.836444 0.942711
v 3.694711 1.764569 0.552244
v 3.935670 1.626380 -0.188914
v 4.094891 1.764369 0.682347
v 4.335850 1.626181 -0.058812
v 4.248418 1.763772 0.732261
v 4.489377 1.625584 -0.008899
v 5.860520 0.859146 -4.089431
v 6.253395 0.633833 -5.297877
v 5.845420 0.861138 -4.094340
v 5.868071 0.847000 -4.086976
v 6.260945 0.621687 -5.295422
v 5.391585 1.128079 -2.647041
v 5.376485 1.130070 -2.651951
v 5.399136 1.115932 -2.644586
v 6.263463 0.529495 -5.294604
v 5.870589 0.815341 -4.086158
v 5.870589 0.754809 -4.086158
v 6.263463 0.590027 -5.294604
v 5.401654 1.084272 -2.643768
v 5.401654 1.023740 -2.643768
v 4.932690 1.353223 -1.201279
v 4.932690 1.292691 -1.201279
v 4.930171 1.384883 -1.202097
v 4.922621 1.397029 -1.204552
v 4.907521 1.399020 -1.209462
v 6.210071 -0.010335 -5.274604
v 5.767801 0.213760 -4.058473
v 6.156674 -0.011554 -5.254601
v 5.819193 0.214979 -4.072314
v 5.706132 0.222978 -4.041862
v 6.092599 -0.002336 -5.230600
v 5.303647 0.482692 -2.630784
v 5.352653 0.483911 -2.637276
v 5.244846 0.491910 -2.622995
v 5.975132 0.085905 -5.186599
v 5.644458 0.252256 -4.025250
v 5.593067 0.311219 -4.011408
v 6.028525 0.026942 -5.206599
v 5.186041 0.521188 -2.615204
v 5.137040 0.580150 -2.608713
v 4.727590 0.790138 -1.205060
v 4.680978 0.849101 -1.205921
v 4.783526 0.760860 -1.204030
v 4.839463 0.751642 -1.202998
v 4.886074 0.752862 -1.202139
v 5.562230 0.409489 -4.003102
v 5.943094 0.184176 -5.174598
v 5.417488 0.526598 -3.895705
v 5.807811 0.307575 -5.039656
v 5.107637 0.678421 -2.604818
v 4.955995 0.787788 -2.532850
v 5.024365 0.642072 -3.584585
v 5.444670 0.441922 -4.650827
v 4.540268 0.880038 -2.322136
v 4.232836 1.111317 -1.149924
v 4.538642 1.047320 -1.192480
v 4.653009 0.947372 -1.206436
v -6.338231 -0.053857 6.414609
v -6.371473 -0.152128 6.430534
v -6.178370 0.071251 6.262028
v -6.298618 -0.026147 6.268185
v -6.331760 -0.124418 6.283639
v -6.110432 0.103705 6.084186
v -5.743120 0.210725 5.825519
v -5.590060 0.257411 5.552795
v -5.563089 0.324089 5.233697
v -6.014049 0.174545 5.722565
v -6.178936 0.046080 5.891861
v -6.211709 -0.052191 5.906126
v -6.559847 -0.249586 6.520775
v -6.615250 -0.248367 6.547317
v -6.493362 -0.240369 6.488925
v -6.519567 -0.221876 6.371217
v -6.574806 -0.220658 6.396976
v -6.453282 -0.212659 6.340307
v -6.426877 -0.211090 6.457076
v -6.386998 -0.183381 6.309397
v -6.266330 -0.111153 5.929901
v -6.331878 -0.140431 5.958432
v -6.397424 -0.149649 5.986962
v -6.452045 -0.148430 6.010738
v -6.660292 0.396197 6.573037
v -6.653646 0.392080 6.598694
v -6.668063 0.383753 6.573652
v -6.660785 0.379317 6.602097
v -6.619746 0.423609 6.425034
v -6.627467 0.411389 6.423309
v -6.663167 0.286919 6.603231
v -6.670654 0.351994 6.573857
v -6.670654 0.291462 6.573858
v -6.663167 0.347451 6.603231
v -6.630041 0.379704 6.422733
v -6.630041 0.319172 6.422734
v -6.506667 0.451931 6.034513
v -6.506667 0.391399 6.034513
v -6.504099 0.483591 6.035348
v -6.496395 0.495738 6.037853
v -4.883731 1.400215 1.217227
v -4.729588 1.400812 1.267340
v -5.352697 1.131264 2.659716
v -5.198554 1.131862 2.709829
v -4.328791 1.401011 1.397643
v -4.797758 1.132061 2.840132
v -5.266690 0.863129 4.282521
v -5.667487 0.862930 4.152219
v -5.821631 0.862333 4.102104
v -1.080158 0.398986 8.391376
v 0.168201 0.398986 8.797231
v -2.570186 0.398986 7.906956
v -1.031840 0.427293 8.242758
v 0.216518 0.427293 8.648610
v -2.521868 0.427293 7.758337
v -4.060319 0.398986 7.422502
v -4.012000 0.427293 7.273881
v -3.886058 0.499720 6.886496
v -2.395927 0.499720 7.370951
v -0.905898 0.499720 7.855373
v 0.342460 0.499720 8.261226
v 1.484349 0.398985 9.220931
v 1.506917 0.398287 9.226173
v 1.332833 0.398986 9.174814
v 1.534679 0.426695 9.076108
v 1.559198 0.425625 9.083555
v 1.381654 0.427144 9.027144
v 0.933323 0.398986 9.045979
v 0.981642 0.427293 8.897358
v 1.107584 0.499720 8.509974
v 1.507764 0.499520 8.640076
v 1.661291 0.498923 8.689989
v 1.686460 0.497729 8.698173
v 3.273134 1.397029 3.869095
v 3.280684 1.384883 3.871550
v 2.804166 1.128079 5.311584
v 2.811716 1.115932 5.314040
v 3.283198 1.353223 3.872369
v 3.283198 1.292691 3.872369
v 2.814234 1.084272 5.314857
v 2.814234 1.023741 5.314857
v 1.952425 0.529495 7.965693
v 2.345300 0.815341 6.757247
v 1.952425 0.590027 7.965693
v 2.345300 0.754809 6.757247
v 2.342786 0.847000 6.756428
v 1.949907 0.621687 7.964875
v 2.335235 0.859146 6.753973
v 1.942357 0.633833 7.962421
v 3.206786 0.751642 3.818937
v 3.244994 0.752862 3.845652
v 3.160941 0.760860 3.786876
v 2.742602 0.482692 5.246723
v 2.778420 0.483911 5.280789
v 2.699621 0.491910 5.205842
v 3.115092 0.790138 3.754817
v 3.076884 0.849101 3.728101
v 2.656641 0.521188 5.164961
v 2.620822 0.580150 5.130894
v 2.198223 0.252256 6.575006
v 2.164795 0.311219 6.533589
v 2.238335 0.222978 6.624708
v 2.278447 0.213760 6.674410
v 2.311875 0.214979 6.715828
v 3.053959 0.947372 3.712072
v 2.969664 1.047320 3.633529
v 2.599332 0.678421 5.110454
v 2.519004 0.787788 4.963069
v 2.747347 1.111317 3.419273
v 2.306670 0.880038 4.548169
v 1.955818 0.642072 5.853934
v 2.090822 0.526598 6.336754
v 2.144739 0.409489 6.508738
v -3.056367 0.947372 -3.712824
v -3.079291 0.849101 -3.728854
v -2.972058 1.047320 -3.634275
v -2.601742 0.678421 -5.111205
v -2.623232 0.580150 -5.131646
v -2.521394 0.787788 -4.963815
v -2.749693 1.111317 -3.420005
v -2.309005 0.880038 -4.548896
v -1.958163 0.642072 -5.854665
v -2.093217 0.526598 -6.337500
v -2.147146 0.409489 -6.509489
v -2.167202 0.311219 -6.534341
v -3.209195 0.751642 -3.819687
v -3.247402 0.752862 -3.846404
v -3.163346 0.760860 -3.787629
v -2.745009 0.482692 -5.247474
v -2.780825 0.483911 -5.281541
v -2.702029 0.491910 -5.206594
v -3.117497 0.790138 -3.755569
v -2.659048 0.521188 -5.165714
v -2.200630 0.252256 -6.575758
v -2.240743 0.222978 -6.625460
v -2.280855 0.213760 -6.675162
v -2.314281 0.214979 -6.716580
v -3.275336 1.397029 -3.869780
v -3.283041 1.384883 -3.872285
v -2.806370 1.128079 -5.312267
v -2.814075 1.115932 -5.314774
v -3.285608 1.353223 -3.873120
v -3.285608 1.292691 -3.873120
v -2.816642 1.084272 -5.315609
v -2.816642 1.023741 -5.315609
v -1.954830 0.529495 -7.966446
v -2.347709 0.815341 -6.757997
v -1.954830 0.590027 -7.966446
v -2.347709 0.754809 -6.757997
v -2.345141 0.847000 -6.757162
v -1.952264 0.621687 -7.965609
v -2.337435 0.859146 -6.754659
v -1.944560 0.633833 -7.963105
v -1.485651 0.398985 -9.221323
v -1.508668 0.398287 -9.226711
v -1.333577 0.398986 -9.175025
v -1.536039 0.426695 -9.076521
v -1.561055 0.425625 -9.084127
v -1.382415 0.427144 -9.027361
v -0.933473 0.398986 -9.045994
v -0.981791 0.427293 -8.897375
v -1.107733 0.499720 -8.509991
v -1.508529 0.499520 -8.640293
v -1.662673 0.498923 -8.690407
v -1.688356 0.497729 -8.698757
v 2.315160 1.401011 -2.052260
v 3.563519 1.401011 -1.646408
v 0.825134 1.401011 -2.536682
v 2.784124 1.132061 -3.494748
v 4.032487 1.132061 -3.088897
v 1.294098 1.132061 -3.979170
v -0.664999 1.401011 -3.021137
v -0.196035 1.132061 -4.463625
v 0.272900 0.863129 -5.906015
v 1.763033 0.863129 -5.421561
v 3.253059 0.863129 -4.937138
v 4.501418 0.863129 -4.531285
v 4.882352 1.400215 -1.217644
v 4.728825 1.400812 -1.267558
v 5.351316 1.131264 -2.660133
v 5.197789 1.131862 -2.710046
v 4.328645 1.401011 -1.397659
v 4.797609 1.132061 -2.840148
v 5.266544 0.863129 -4.282538
v 5.666724 0.862930 -4.152436
v 5.820251 0.862333 -4.102523
v 6.658271 0.396197 -6.573663
v 6.651894 0.392080 -6.599231
v 6.665905 0.383753 -6.574322
v 6.658928 0.379317 -6.602669
v 6.617588 0.423609 -6.425702
v 6.625162 0.411389 -6.424028
v 6.661272 0.286919 -6.603816
v 6.668450 0.351994 -6.574542
v 6.668450 0.291462 -6.574542
v 6.661272 0.347451 -6.603816
v 6.627683 0.379704 -6.423468
v 6.627687 0.319172 -6.423470
v 6.504259 0.451931 -6.035265
v 6.504259 0.391399 -6.035265
v 6.501741 0.483591 -6.036083
v 6.494191 0.495738 -6.038537
v 6.557638 -0.249586 -6.521460
v 6.613046 -0.248367 -6.548002
v 6.491153 -0.240369 -6.489612
v 6.517208 -0.221876 -6.371952
v 6.572445 -0.220658 -6.397710
v 6.450924 -0.212659 -6.341042
v 6.424663 -0.211090 -6.457763
v 6.369259 -0.152128 -6.431222
v 6.384639 -0.183381 -6.310133
v 6.329401 -0.124418 -6.284375
v 6.263925 -0.111153 -5.930654
v 6.209301 -0.052191 -5.906878
v 6.329471 -0.140431 -5.959183
v 6.395017 -0.149649 -5.987714
v 6.449636 -0.148430 -6.011489
v 6.336014 -0.053857 -6.415298
v 6.176179 0.071251 -6.262709
v 6.296259 -0.026147 -6.268921
v 6.108093 0.103705 -6.084915
v 5.740995 0.210725 -5.826177
v 5.587781 0.257411 -5.553505
v 5.560741 0.324089 -5.234428
v 6.011657 0.174545 -5.723311
v 6.176526 0.046080 -5.892612
v -4.080483 1.216756 -1.370478
v -4.093388 1.218610 -1.330780
v -4.029651 1.190326 -1.526833
v -4.093186 1.228952 -1.374675
v -4.106112 1.230806 -1.334918
v -4.042274 1.202521 -1.531270
v -3.902965 1.118451 -1.916504
v -3.662498 0.980263 -2.656152
v -3.915396 1.130645 -1.921539
v -3.674561 0.992457 -2.662319
v -3.678583 1.084739 -2.664374
v -3.919540 1.162354 -1.923216
v -3.919540 1.222927 -1.923216
v -3.678583 1.024166 -2.664374
v -4.046484 1.234230 -1.532749
v -4.046484 1.294802 -1.532749
v -4.110352 1.323087 -1.336296
v -4.097419 1.260660 -1.376074
v -4.110352 1.262514 -1.336296
v -4.097419 1.321233 -1.376074
v -3.270326 0.754893 -3.862433
v -2.802315 0.485943 -5.301981
v -3.281788 0.767088 -3.870448
v -2.813061 0.498138 -5.312202
v -2.334339 0.217011 -6.741432
v -2.344367 0.229206 -6.753856
v -2.347709 0.260914 -6.757997
v -2.347709 0.321487 -6.757997
v -2.816642 0.529846 -5.315609
v -2.816642 0.590419 -5.315609
v -3.285608 0.798797 -3.873120
v -3.285608 0.859370 -3.873120
v -1.529505 0.192699 -9.239770
v -1.529505 0.291462 -9.239770
v -1.506175 0.188157 -9.259125
v -1.585527 0.220410 -9.093656
v -1.585527 0.319172 -9.093656
v -1.529505 0.074817 -9.239770
v -1.506175 0.070275 -9.259125
v -1.585527 0.102527 -9.093656
v -1.714034 0.292637 -8.707107
v -1.954830 0.430733 -7.966446
v -1.714034 0.391400 -8.707107
v -1.714034 0.174755 -8.707107
v -1.954830 0.312850 -7.966446
v -1.714039 0.056865 -8.707105
v -1.954830 0.194961 -7.966446
v -1.585527 -0.015362 -9.093656
v -1.529505 -0.043073 -9.239770
v -1.506175 -0.047615 -9.259125
v -1.464255 -0.253604 -9.243749
v -1.308373 -0.254966 -9.201138
v -1.472868 -0.241409 -9.259983
v -1.316507 -0.242771 -9.217225
v -0.908444 -0.255421 -9.073804
v -0.145964 -0.255421 -8.825915
v -0.915336 -0.243226 -9.089493
v -0.150487 -0.243226 -8.840836
v -0.151994 -0.150945 -8.845806
v -0.917630 -0.211517 -9.094723
v -0.917630 -0.150945 -9.094723
v -0.151994 -0.211517 -8.845806
v -1.319217 -0.211063 -9.222589
v -1.319217 -0.150490 -9.222589
v -1.475741 -0.209700 -9.265393
v -1.475741 -0.149128 -9.265393
v 1.097547 -0.255421 -8.421640
v 2.581525 -0.255421 -7.939184
v 1.096891 -0.243226 -8.435299
v 2.585487 -0.243226 -7.951347
v 4.065403 -0.255421 -7.456763
v 4.073976 -0.243226 -7.467425
v 4.076832 -0.211517 -7.470977
v 4.076832 -0.150945 -7.470977
v 2.586806 -0.211517 -7.955400
v 2.586806 -0.150945 -7.955400
v 1.096673 -0.211517 -8.439854
v 1.096673 -0.150945 -8.439854
v 6.640854 0.185431 -6.626616
v 6.640854 0.284194 -6.626616
v 6.661272 0.188157 -6.603816
v 6.489702 0.184068 -6.683839
v 6.489702 0.282831 -6.683839
v 6.640854 0.067549 -6.626616
v 6.661272 0.070275 -6.603816
v 6.489703 0.066187 -6.683838
v 6.090317 0.183614 -6.816378
v 5.325191 0.183614 -7.065125
v 6.090317 0.282377 -6.816378
v 6.090317 0.065732 -6.816378
v 5.325195 0.065732 -7.065127
v 6.090317 -0.052158 -6.816378
v 5.325191 -0.052158 -7.065125
v 6.489702 -0.051704 -6.683839
v 6.640854 -0.050341 -6.626616
v 6.661272 -0.047615 -6.603816
v 6.646291 -0.246335 -6.563927
v 6.605588 -0.218626 -6.413165
v 6.662911 -0.234141 -6.571889
v 6.622161 -0.206431 -6.420893
v 6.482410 -0.146398 -6.025755
v 6.242108 -0.008303 -5.286605
v 6.498796 -0.134203 -6.032887
v 6.258122 0.003892 -5.292604
v 6.263463 0.096173 -5.294604
v 6.504259 -0.102494 -6.035265
v 6.504259 -0.041922 -6.035265
v 6.263463 0.035601 -5.294604
v 6.627687 -0.174722 -6.423470
v 6.627683 -0.114150 -6.423468
v 6.668450 -0.202432 -6.574542
v 6.668450 -0.141860 -6.574541
v 5.850029 0.217011 -4.080621
v 5.382051 0.485943 -2.641170
v 5.865448 0.229206 -4.084773
v 5.396754 0.498138 -2.643119
v 4.914043 0.754893 -1.201623
v 4.521872 0.980263 0.004658
v 4.928027 0.767088 -1.201365
v 4.535252 0.992458 0.006765
v 4.539715 1.084739 0.007467
v 4.932690 0.798797 -1.201279
v 4.932690 0.859370 -1.201279
v 4.539715 1.024166 0.007467
v 5.401654 0.529846 -2.643768
v 5.401654 0.590419 -2.643768
v 5.870589 0.260914 -4.086158
v 5.870589 0.321487 -4.086158
v 4.281406 1.118451 0.744305
v 4.154720 1.190326 1.133978
v 4.294419 1.130645 0.747544
v 4.167541 1.202521 1.137813
v 4.103888 1.216756 1.290333
v 4.090981 1.218610 1.330030
v 4.116627 1.228952 1.294408
v 4.103702 1.230806 1.334166
v 4.107942 1.323087 1.335545
v 4.120875 1.260660 1.295768
v 4.120875 1.321233 1.295768
v 4.107942 1.262514 1.335545
v 4.171814 1.234230 1.139091
v 4.171810 1.294802 1.139093
v 4.298756 1.162354 0.748625
v 4.298756 1.222927 0.748625
v 4.078074 1.216756 1.369726
v 4.027241 1.190326 1.526081
v 4.090776 1.228952 1.373924
v 4.039867 1.202521 1.530518
v 3.900555 1.118451 1.915753
v 3.660089 0.980263 2.655401
v 3.912988 1.130645 1.920787
v 3.672151 0.992457 2.661568
v 3.676174 1.084739 2.663623
v 3.917132 1.162354 1.922464
v 3.917132 1.222927 1.922464
v 3.676174 1.024166 2.663623
v 4.044074 1.234230 1.531997
v 4.044074 1.294802 1.531997
v 4.095014 1.260660 1.375322
v 4.095014 1.321233 1.375322
v 3.267919 0.754893 3.861681
v 2.799906 0.485943 5.301231
v 3.279381 0.767088 3.869696
v 2.810653 0.498138 5.311450
v 2.331932 0.217011 6.740679
v 2.341959 0.229206 6.753104
v 2.345300 0.260914 6.757247
v 2.345300 0.321487 6.757247
v 2.814234 0.529846 5.314857
v 2.814234 0.590419 5.314857
v 3.283198 0.798797 3.872369
v 3.283198 0.859370 3.872369
v 1.527302 0.192699 9.239086
v 1.527302 0.291462 9.239086
v 1.504279 0.188157 9.258541
v 1.583169 0.220410 9.092921
v 1.583169 0.319172 9.092921
v 1.527302 0.074817 9.239086
v 1.504279 0.070275 9.258541
v 1.583169 0.102527 9.092921
v 1.711629 0.292637 8.706354
v 1.952425 0.430733 7.965693
v 1.711629 0.391400 8.706354
v 1.711629 0.174755 8.706354
v 1.952425 0.312850 7.965693
v 1.711629 0.056865 8.706354
v 1.952425 0.194961 7.965693
v 1.583169 -0.015362 9.092921
v 1.527302 -0.043073 9.239086
v 1.504279 -0.047615 9.258541
v 1.462868 -0.253604 9.243332
v 1.307603 -0.254966 9.200918
v 1.471486 -0.241409 9.259564
v 1.315742 -0.242771 9.217009
v 0.908285 -0.255421 9.073785
v 0.146320 -0.255421 8.826063
v 0.915182 -0.243226 9.089477
v 0.150850 -0.243226 8.840984
v 0.152360 -0.150945 8.845958
v 0.917482 -0.211517 9.094707
v 0.917482 -0.150945 9.094707
v 0.152360 -0.211517 8.845958
v 1.318454 -0.211063 9.222371
v 1.318454 -0.150490 9.222372
v 1.474359 -0.209700 9.264977
v 1.474359 -0.149128 9.264977
v -1.096886 -0.255421 8.421886
v -2.580763 -0.255421 7.939465
v -1.096221 -0.243226 8.435551
v -2.584713 -0.243226 7.951629
v -4.064742 -0.255421 7.457010
v -4.073305 -0.243226 7.467674
v -4.076161 -0.211517 7.471229
v -4.076161 -0.150945 7.471229
v -2.586030 -0.211517 7.955684
v -2.586029 -0.150945 7.955685
v -1.095999 -0.211517 8.440104
v -1.095999 -0.150945 8.440104
v -6.642236 0.185431 6.626199
v -6.642236 0.284194 6.626199
v -6.663167 0.188157 6.603231
v -6.490470 0.184068 6.683622
v -6.490470 0.282831 6.683622
v -6.642236 0.067549 6.626199
v -6.663167 0.070275 6.603231
v -6.490468 0.066187 6.683621
v -6.090464 0.183614 6.816360
v -5.324828 0.183614 7.065276
v -6.090464 0.282377 6.816360
v -6.090464 0.065732 6.816360
v -5.324827 0.065732 7.065277
v -6.090464 -0.052158 6.816360
v -5.324828 -0.052158 7.065276
v -6.490470 -0.051704 6.683622
v -6.642236 -0.050341 6.626199
v -6.663167 -0.047615 6.603231
v -6.648493 -0.246335 6.563241
v -6.607946 -0.218626 6.412431
v -6.665113 -0.234141 6.571204
v -6.624517 -0.206431 6.420158
v -6.484818 -0.146398 6.025003
v -6.244514 -0.008303 5.285852
v -6.501205 -0.134203 6.032137
v -6.260532 0.003892 5.291853
v -6.265871 0.096173 5.293852
v -6.506667 -0.102494 6.034513
v -6.506667 -0.041922 6.034513
v -6.265873 0.035601 5.293853
v -6.630041 -0.174722 6.422734
v -6.630041 -0.114150 6.422733
v -6.670654 -0.202432 6.573858
v -6.670654 -0.141860 6.573857
v -5.852439 0.217011 4.079869
v -5.384460 0.485943 2.640420
v -5.867856 0.229206 4.084022
v -5.399162 0.498138 2.642367
v -4.916451 0.754893 1.200871
v -4.524278 0.980263 -0.005410
v -4.930435 0.767088 1.200613
v -4.537662 0.992458 -0.007516
v -4.542122 1.084739 -0.008218
v -4.935095 0.798797 1.200527
v -4.935095 0.859370 1.200527
v -4.542122 1.024166 -0.008218
v -5.404061 0.529846 2.643017
v -5.404061 0.590419 2.643017
v -5.872996 0.260914 4.085406
v -5.872996 0.321487 4.085406
v -4.283812 1.118451 -0.745057
v -4.157127 1.190326 -1.134729
v -4.296827 1.130645 -0.748296
v -4.169946 1.202521 -1.138566
v -4.106293 1.216756 -1.291085
v -4.119036 1.228952 -1.295160
v -4.123284 1.260660 -1.296518
v -4.123284 1.321233 -1.296518
v -4.174220 1.234230 -1.139844
v -4.174220 1.294802 -1.139844
v -4.301165 1.162354 -0.749376
v -4.301165 1.222927 -0.749376
v -3.285608 0.958156 -3.873120
v -3.678583 1.183525 -2.664374
v -2.816642 0.689206 -5.315609
v -3.285608 1.076047 -3.873120
v -3.678581 1.301416 -2.664375
v -2.816642 0.807096 -5.315609
v -2.347709 0.420274 -6.757997
v -2.347709 0.538164 -6.757997
v -2.347709 0.656046 -6.757997
v -2.816642 0.924978 -5.315609
v -3.285608 1.193928 -3.873120
v -3.678583 1.419297 -2.664374
v -1.521604 0.396197 -9.233012
v -1.575845 0.423609 -9.089463
v -1.527528 0.383753 -9.238081
v -1.583108 0.411389 -9.092607
v -1.703765 0.495738 -8.703767
v -1.711469 0.483591 -8.706270
v -1.714039 0.451931 -8.707105
v -1.585527 0.379704 -9.093656
v -1.529505 0.351994 -9.239770
v -1.475741 -0.050341 -9.265393
v -1.319217 -0.051704 -9.222589
v -1.475741 0.067549 -9.265393
v -1.319221 0.066187 -9.222589
v -0.917630 -0.052158 -9.094723
v -0.151994 -0.052158 -8.845806
v -0.917630 0.065732 -9.094723
v -0.151994 0.065732 -8.845808
v -0.917630 0.183614 -9.094723
v -0.151994 0.183614 -8.845806
v -1.319217 0.184068 -9.222589
v -1.475741 0.185431 -9.265393
v 1.096673 -0.052158 -8.439854
v 2.586806 -0.052158 -7.955400
v 1.096673 0.065732 -8.439854
v 2.586806 0.065732 -7.955400
v 4.076832 -0.052158 -7.470977
v 4.076832 0.065732 -7.470977
v 4.076832 0.183614 -7.470977
v 2.586806 0.183614 -7.955400
v 1.096673 0.183614 -8.439854
v 6.634126 0.389837 -6.619227
v 6.485646 0.388858 -6.674683
v 6.639173 0.376712 -6.624769
v 6.488690 0.375445 -6.681550
v 6.087147 0.388532 -6.806632
v 6.089522 0.375023 -6.813941
v 6.090317 0.342909 -6.816378
v 6.489702 0.343363 -6.683839
v 6.640854 0.344726 -6.626616
v 6.668450 -0.043073 -6.574542
v 6.627687 -0.015362 -6.423470
v 6.668450 0.074817 -6.574542
v 6.627683 0.102527 -6.423469
v 6.504259 0.056865 -6.035265
v 6.263463 0.194961 -5.294604
v 6.504259 0.174755 -6.035265
v 6.263463 0.312850 -5.294604
v 6.504259 0.292637 -6.035265
v 6.263463 0.430733 -5.294604
v 6.627687 0.220410 -6.423470
v 6.668450 0.192699 -6.574542
v 5.870589 0.420274 -4.086158
v 5.401654 0.689206 -2.643768
v 5.870589 0.538164 -4.086158
v 5.401654 0.807096 -2.643768
v 4.932690 0.958157 -1.201279
v 4.539715 1.183525 0.007467
v 4.932690 1.076047 -1.201279
v 4.539714 1.301416 0.007466
v 4.932690 1.193928 -1.201279
v 4.539715 1.419297 0.007467
v 5.401654 0.924978 -2.643768
v 5.870589 0.656046 -4.086158
v 4.298756 1.321714 0.748625
v 4.171814 1.393589 1.139091
v 4.298756 1.439604 0.748625
v 4.171814 1.511479 1.139091
v 4.120875 1.420020 1.295768
v 4.107942 1.421874 1.335545
v 4.120875 1.537910 1.295768
v 4.107942 1.539764 1.335545
v 4.120875 1.655792 1.295768
v 4.107942 1.657646 1.335545
v 4.171814 1.629361 1.139091
v 4.298756 1.557486 0.748625
v 4.095014 1.420020 1.375322
v 4.044074 1.393589 1.531997
v 4.095014 1.537910 1.375322
v 4.044074 1.511479 1.531997
v 3.917132 1.321714 1.922464
v 3.676174 1.183525 2.663623
v 3.917132 1.439604 1.922464
v 3.676174 1.301416 2.663623
v 3.917132 1.557486 1.922464
v 3.676174 1.419297 2.663623
v 4.044074 1.629361 1.531997
v 4.095014 1.655791 1.375322
v 3.283198 0.958156 3.872369
v 2.814234 0.689206 5.314857
v 3.283198 1.076047 3.872369
v 2.814234 0.807096 5.314857
v 2.345300 0.420274 6.757247
v 2.345300 0.538164 6.757247
v 2.345300 0.656046 6.757247
v 2.814234 0.924978 5.314857
v 3.283198 1.193928 3.872369
v 1.519584 0.396197 9.232387
v 1.573689 0.423609 9.088792
v 1.525372 0.383753 9.237411
v 1.580799 0.411389 9.091889
v 1.701561 0.495738 8.703081
v 1.709111 0.483591 8.705537
v 1.711629 0.451931 8.706354
v 1.583169 0.379704 9.092921
v 1.527302 0.351994 9.239086
v 1.474359 -0.050341 9.264977
v 1.318454 -0.051704 9.222371
v 1.474359 0.067549 9.264977
v 1.318454 0.066187 9.222371
v 0.917482 -0.052158 9.094707
v 0.152360 -0.052158 8.845958
v 0.917482 0.065732 9.094707
v 0.152358 0.065732 8.845960
v 0.917482 0.183614 9.094707
v 0.152360 0.183614 8.845958
v 1.318454 0.184068 9.222371
v 1.474359 0.185431 9.264977
v -1.095999 -0.052158 8.440104
v -2.586030 -0.052158 7.955684
v -1.095999 0.065732 8.440104
v -2.586030 0.065732 7.955684
v -4.076161 -0.052158 7.471229
v -4.076161 0.065732 7.471229
v -4.076161 0.183614 7.471229
v -2.586030 0.183614 7.955684
v -1.095999 0.183614 8.440104
v -6.635426 0.389837 6.618835
v -6.486388 0.388858 6.674472
v -6.640534 0.376712 6.624358
v -6.489448 0.375445 6.681334
v -6.087296 0.388532 6.806615
v -6.089673 0.375023 6.813925
v -6.090464 0.342909 6.816360
v -6.490470 0.343363 6.683622
v -6.642236 0.344726 6.626199
v -6.670654 -0.043073 6.573857
v -6.630041 -0.015362 6.422734
v -6.670654 0.074817 6.573858
v -6.630041 0.102527 6.422734
v -6.506667 0.056865 6.034513
v -6.265873 0.194961 5.293853
v -6.506668 0.174755 6.034514
v -6.265871 0.312850 5.293853
v -6.506667 0.292637 6.034513
v -6.265873 0.430733 5.293853
v -6.630041 0.220410 6.422734
v -6.670654 0.192699 6.573858
v -5.872996 0.420274 4.085406
v -5.404061 0.689206 2.643017
v -5.872996 0.538164 4.085406
v -5.404061 0.807096 2.643017
v -4.935095 0.958157 1.200527
v -4.542122 1.183525 -0.008218
v -4.935095 1.076047 1.200527
v -4.542122 1.301416 -0.008218
v -4.935095 1.193928 1.200527
v -4.542122 1.419297 -0.008218
v -5.404061 0.924978 2.643017
v -5.872996 0.656046 4.085406
v -4.301165 1.321714 -0.749376
v -4.174220 1.393589 -1.139844
v -4.301165 1.439604 -0.749376
v -4.174220 1.511479 -1.139844
v -4.123284 1.420020 -1.296518
v -4.110352 1.421874 -1.336296
v -4.123284 1.537910 -1.296518
v -4.110352 1.539764 -1.336296
v -4.123284 1.655792 -1.296518
v -4.110352 1.657646 -1.336296
v -4.174220 1.629361 -1.139844
v -4.301165 1.557486 -0.749376
v -4.097419 1.420020 -1.376074
v -4.046484 1.393589 -1.532749
v -4.097419 1.537910 -1.376074
v -4.046484 1.511479 -1.532749
v -3.919540 1.321714 -1.923216
v -3.919540 1.439604 -1.923216
v -3.919540 1.557486 -1.923216
v -4.046484 1.629361 -1.532749
v -4.097419 1.655791 -1.376074
v -2.569898 -5.480034 -0.835481
v -2.489368 -5.480034 -0.841804
v -2.493078 -5.480034 -0.810506
v -2.489368 -3.664359 -0.841804
v -2.493078 -3.664359 -0.810506
v -2.489368 -1.848683 -0.841804
v -2.493078 -1.848683 -0.810506
v -2.489368 -0.033007 -0.841804
v -2.493078 -0.033007 -0.810506
v -2.489368 1.782668 -0.841804
v -2.493078 1.782668 -0.810506
v -2.569898 1.782668 -0.835481
v -2.497920 -5.480034 -0.872140
v -2.497920 -3.664359 -0.872140
v -2.497920 -1.848683 -0.872140
v -2.497920 -0.033007 -0.872140
v -2.497920 1.782668 -0.872140
v -2.517426 -5.480034 -0.896894
v -2.517426 -3.664359 -0.896894
v -2.517426 -1.848683 -0.896894
v -2.517426 -0.033007 -0.896894
v -2.517426 1.782668 -0.896894
v -2.544923 -5.480034 -0.912299
v -2.544923 -3.664359 -0.912299
v -2.544923 -1.848683 -0.912299
v -2.544923 -0.033007 -0.912299
v -2.544923 1.782668 -0.912299
v -2.576221 -5.480034 -0.916009
v -2.576221 -3.664359 -0.916009
v -2.576221 -1.848683 -0.916009
v -2.576221 -0.033007 -0.916009
v -2.576221 1.782668 -0.916009
v -2.606557 -5.480034 -0.907459
v -2.606557 -3.664359 -0.907459
v -2.606557 -1.848683 -0.907459
v -2.606557 -0.033007 -0.907459
v -2.606557 1.782668 -0.907459
v -2.631310 -5.480034 -0.887951
v -2.631310 -3.664359 -0.887951
v -2.631310 -1.848683 -0.887951
v -2.631310 -0.033007 -0.887951
v -2.631310 1.782668 -0.887951
v -2.646716 -5.480034 -0.860456
v -2.646716 -3.664359 -0.860456
v -2.646716 -1.848683 -0.860456
v -2.646716 -0.033007 -0.860456
v -2.646716 1.782668 -0.860456
v -2.650425 -5.480034 -0.829157
v -2.650425 -3.664359 -0.829157
v -2.650425 -1.848683 -0.829157
v -2.650425 -0.033007 -0.829157
v -2.650425 1.782668 -0.829157
v -2.641876 -5.480034 -0.798822
v -2.641876 -3.664359 -0.798822
v -2.641876 -1.848683 -0.798822
v -2.641876 -0.033007 -0.798822
v -2.641876 1.782668 -0.798822
v -2.622367 -5.480034 -0.774067
v -2.622367 -3.664359 -0.774067
v -2.622367 -1.848683 -0.774067
v -2.622367 -0.033007 -0.774067
v -2.622367 1.782668 -0.774067
v -2.594873 -5.480034 -0.758662
v -2.594873 -3.664359 -0.758662
v -2.594873 -1.848683 -0.758662
v -2.594873 -0.033007 -0.758662
v -2.594873 1.782668 -0.758662
v -2.563574 -5.480034 -0.754952
v -2.563574 -3.664359 -0.754952
v -2.563574 -1.848683 -0.754952
v -2.563574 -0.033007 -0.754952
v -2.563574 1.782668 -0.754952
v -2.533239 -5.480034 -0.763502
v -2.533239 -3.664359 -0.763502
v -2.533239 -1.848683 -0.763502
v -2.533239 -0.033007 -0.763502
v -2.533239 1.782668 -0.763502
v -2.508483 -5.480034 -0.783010
v -2.508483 -3.664359 -0.783010
v -2.508483 -1.848683 -0.783010
v -2.508483 -0.033007 -0.783010
v -2.508483 1.782668 -0.783010
v 2.590100 -5.480034 0.842080
v 2.670628 -5.480034 0.835757
v 2.666918 -5.480034 0.867055
v 2.670628 -3.664359 0.835757
v 2.666918 -3.664359 0.867055
v 2.670628 -1.848683 0.835757
v 2.666918 -1.848683 0.867055
v 2.670628 -0.033007 0.835757
v 2.666918 -0.033007 0.867055
v 2.670628 1.782668 0.835757
v 2.666918 1.782668 0.867055
v 2.590100 1.782668 0.842080
v 2.662078 -5.480034 0.805421
v 2.662078 -3.664359 0.805421
v 2.662078 -1.848683 0.805421
v 2.662078 -0.033007 0.805421
v 2.662078 1.782668 0.805421
v 2.642570 -5.480034 0.780667
v 2.642570 -3.664359 0.780667
v 2.642570 -1.848683 0.780667
v 2.642570 -0.033007 0.780667
v 2.642570 1.782668 0.780667
v 2.615075 -5.480034 0.765261
v 2.615075 -3.664359 0.765261
v 2.615075 -1.848683 0.765261
v 2.615075 -0.033007 0.765261
v 2.615075 1.782668 0.765261
v 2.583776 -5.480034 0.761551
v 2.583776 -3.664359 0.761551
v 2.583776 -1.848683 0.761551
v 2.583776 -0.033007 0.761551
v 2.583776 1.782668 0.761551
v 2.553441 -5.480034 0.770102
v 2.553441 -3.664359 0.770102
v 2.553441 -1.848683 0.770102
v 2.553441 -0.033007 0.770102
v 2.553441 1.782668 0.770102
v 2.528685 -5.480034 0.789610
v 2.528685 -3.664359 0.789610
v 2.528685 -1.848683 0.789610
v 2.528685 -0.033007 0.789610
v 2.528685 1.782668 0.789610
v 2.513283 -5.480034 0.817106
v 2.513283 -3.664359 0.817106
v 2.513283 -1.848683 0.817106
v 2.513283 -0.033007 0.817106
v 2.513283 1.782668 0.817106
v 2.509573 -5.480034 0.848404
v 2.509573 -3.664359 0.848404
v 2.509573 -1.848683 0.848404
v 2.509573 -0.033007 0.848404
v 2.509573 1.782668 0.848404
v 2.518122 -5.480034 0.878740
v 2.518122 -3.664359 0.878740
v 2.518122 -1.848683 0.878740
v 2.518122 -0.033007 0.878740
v 2.518122 1.782668 0.878740
v 2.537631 -5.480034 0.903493
v 2.537631 -3.664359 0.903493
v 2.537631 -1.848683 0.903493
v 2.537631 -0.033007 0.903493
v 2.537631 1.782668 0.903493
v 2.565125 -5.480034 0.918899
v 2.565125 -3.664359 0.918899
v 2.565125 -1.848683 0.918899
v 2.565125 -0.033007 0.918899
v 2.565125 1.782668 0.918899
v 2.596424 -5.480034 0.922609
v 2.596424 -3.664359 0.922609
v 2.596424 -1.848683 0.922609
v 2.596424 -0.033007 0.922609
v 2.596424 1.782668 0.922609
v 2.626759 -5.480034 0.914059
v 2.626759 -3.664359 0.914059
v 2.626759 -1.848683 0.914059
v 2.626759 -0.033007 0.914059
v 2.626759 1.782668 0.914059
v 2.651515 -5.480034 0.894550
v 2.651515 -3.664359 0.894550
v 2.651515 -1.848683 0.894550
v 2.651515 -0.033007 0.894550
v 2.651515 1.782668 0.894550
v -6.352315 -5.246538 6.471949
v -6.271787 -5.246538 6.465625
v -6.275497 -5.246538 6.496923
v -6.271787 -3.832951 6.465625
v -6.275497 -3.832951 6.496923
v -6.271787 -2.419364 6.465625
v -6.275497 -2.419364 6.496923
v -6.271787 -1.005778 6.465625
v -6.275497 -1.005778 6.496923
v -6.271787 0.407809 6.465625
v -6.275497 0.407809 6.496923
v -6.352315 0.407809 6.471949
v -6.280336 -5.246538 6.435289
v -6.280336 -3.832951 6.435289
v -6.280336 -2.419364 6.435289
v -6.280336 -1.005778 6.435289
v -6.280336 0.407809 6.435289
v -6.299845 -5.246538 6.410535
v -6.299845 -3.832951 6.410535
v -6.299845 -2.419364 6.410535
v -6.299845 -1.005778 6.410535
v -6.299845 0.407809 6.410535
v -6.327340 -5.246538 6.395130
v -6.327340 -3.832951 6.395130
v -6.327340 -2.419364 6.395130
v -6.327340 -1.005778 6.395130
v -6.327340 0.407809 6.395130
v -6.358638 -5.246538 6.391420
v -6.358638 -3.832951 6.391420
v -6.358638 -2.419364 6.391420
v -6.358638 -1.005778 6.391420
v -6.358638 0.407809 6.391420
v -6.388974 -5.246538 6.399970
v -6.388974 -3.832951 6.399970
v -6.388974 -2.419364 6.399970
v -6.388974 -1.005778 6.399970
v -6.388974 0.407809 6.399970
v -6.413730 -5.246538 6.419478
v -6.413730 -3.832951 6.419478
v -6.413730 -2.419364 6.419478
v -6.413730 -1.005778 6.419478
v -6.413730 0.407809 6.419478
v -6.429134 -5.246538 6.446975
v -6.429134 -3.832951 6.446975
v -6.429134 -2.419364 6.446975
v -6.429134 -1.005778 6.446975
v -6.429134 0.407809 6.446975
v -6.432844 -5.246538 6.478272
v -6.432844 -3.832951 6.478272
v -6.432844 -2.419364 6.478272
v -6.432844 -1.005778 6.478272
v -6.432844 0.407809 6.478272
v -6.424293 -5.246538 6.508608
v -6.424293 -3.832951 6.508608
v -6.424293 -2.419364 6.508608
v -6.424293 -1.005778 6.508608
v -6.424293 0.407809 6.508608
v -6.404786 -5.246538 6.533363
v -6.404786 -3.832951 6.533363
v -6.404786 -2.419364 6.533363
v -6.404786 -1.005778 6.533363
v -6.404786 0.407809 6.533363
v -6.377289 -5.246538 6.548768
v -6.377289 -3.832951 6.548768
v -6.377289 -2.419364 6.548768
v -6.377289 -1.005778 6.548768
v -6.377289 0.407809 6.548768
v -6.345992 -5.246538 6.552477
v -6.345992 -3.832951 6.552477
v -6.345992 -2.419364 6.552477
v -6.345992 -1.005778 6.552477
v -6.345992 0.407809 6.552477
v -6.315656 -5.246538 6.543927
v -6.315656 -3.832951 6.543927
v -6.315656 -2.419364 6.543927
v -6.315656 -1.005778 6.543927
v -6.315656 0.407809 6.543927
v -6.290902 -5.246538 6.524419
v -6.290902 -3.832951 6.524419
v -6.290902 -2.419364 6.524419
v -6.290902 -1.005778 6.524419
v -6.290902 0.407809 6.524419
v -1.331956 -5.246538 -8.970141
v -1.251428 -5.246538 -8.976464
v -1.255138 -5.246538 -8.945167
v -1.251428 -3.832951 -8.976464
v -1.255138 -3.832951 -8.945167
v -1.251428 -2.419364 -8.976464
v -1.255138 -2.419364 -8.945167
v -1.251428 -1.005778 -8.976464
v -1.255138 -1.005778 -8.945167
v -1.251428 0.407809 -8.976464
v -1.255138 0.407809 -8.945167
v -1.331956 0.407809 -8.970141
v -1.259978 -5.246538 -9.006801
v -1.259978 -3.832951 -9.006801
v -1.259978 -2.419364 -9.006801
v -1.259978 -1.005778 -9.006801
v -1.259978 0.407809 -9.006801
v -1.279486 -5.246538 -9.031554
v -1.279486 -3.832951 -9.031554
v -1.279486 -2.419364 -9.031554
v -1.279486 -1.005778 -9.031554
v -1.279486 0.407809 -9.031554
v -1.306981 -5.246538 -9.046959
v -1.306981 -3.832951 -9.046959
v -1.306981 -2.419364 -9.046959
v -1.306981 -1.005778 -9.046959
v -1.306981 0.407809 -9.046959
v -1.338279 -5.246538 -9.050670
v -1.338279 -3.832951 -9.050670
v -1.338279 -2.419364 -9.050670
v -1.338279 -1.005778 -9.050670
v -1.338279 0.407809 -9.050670
v -1.368615 -5.246538 -9.042120
v -1.368615 -3.832951 -9.042120
v -1.368615 -2.419364 -9.042120
v -1.368615 -1.005778 -9.042120
v -1.368615 0.407809 -9.042120
v -1.393370 -5.246538 -9.022611
v -1.393370 -3.832951 -9.022611
v -1.393370 -2.419364 -9.022611
v -1.393370 -1.005778 -9.022611
v -1.393370 0.407809 -9.022611
v -1.408774 -5.246538 -8.995116
v -1.408774 -3.832951 -8.995116
v -1.408774 -2.419364 -8.995116
v -1.408774 -1.005778 -8.995116
v -1.408774 0.407809 -8.995116
v -1.412484 -5.246538 -8.963819
v -1.412484 -3.832951 -8.963819
v -1.412484 -2.419364 -8.963819
v -1.412484 -1.005778 -8.963819
v -1.412484 0.407809 -8.963819
v -1.403934 -5.246538 -8.933483
v -1.403934 -3.832951 -8.933483
v -1.403934 -2.419364 -8.933483
v -1.403934 -1.005778 -8.933483
v -1.403934 0.407809 -8.933483
v -1.384425 -5.246538 -8.908728
v -1.384425 -3.832951 -8.908728
v -1.384425 -2.419364 -8.908728
v -1.384425 -1.005778 -8.908728
v -1.384425 0.407809 -8.908728
v -1.356930 -5.246538 -8.893322
v -1.356930 -3.832951 -8.893322
v -1.356930 -2.419364 -8.893322
v -1.356930 -1.005778 -8.893322
v -1.356930 0.407809 -8.893322
v -1.325632 -5.246538 -8.889611
v -1.325632 -3.832951 -8.889611
v -1.325632 -2.419364 -8.889611
v -1.325632 -1.005778 -8.889611
v -1.325632 0.407809 -8.889611
v -1.295297 -5.246538 -8.898164
v -1.295297 -3.832951 -8.898164
v -1.295297 -2.419364 -8.898164
v -1.295297 -1.005778 -8.898164
v -1.295297 0.407809 -8.898164
v -1.270541 -5.246538 -8.917670
v -1.270541 -3.832951 -8.917670
v -1.270541 -2.419364 -8.917670
v -1.270541 -1.005778 -8.917670
v -1.270541 0.407809 -8.917670
v 6.349905 -5.246538 -6.472699
v 6.430437 -5.246538 -6.479024
v 6.426727 -5.246538 -6.447725
v 6.430437 -3.832951 -6.479024
v 6.426727 -3.832951 -6.447725
v 6.430437 -2.419364 -6.479024
v 6.426727 -2.419364 -6.447725
v 6.430437 -1.005778 -6.479024
v 6.426727 -1.005778 -6.447725
v 6.430437 0.407809 -6.479024
v 6.426727 0.407809 -6.447725
v 6.349905 0.407809 -6.472699
v 6.421888 -5.246538 -6.509360
v 6.421888 -3.832951 -6.509360
v 6.421888 -2.419364 -6.509360
v 6.421888 -1.005778 -6.509360
v 6.421888 0.407809 -6.509360
v 6.402379 -5.246538 -6.534114
v 6.402379 -3.832951 -6.534114
v 6.402379 -2.419364 -6.534114
v 6.402379 -1.005778 -6.534114
v 6.402379 0.407809 -6.534114
v 6.374880 -5.246538 -6.549518
v 6.374880 -3.832951 -6.549518
v 6.374880 -2.419364 -6.549518
v 6.374880 -1.005778 -6.549518
v 6.374880 0.407809 -6.549518
v 6.343582 -5.246538 -6.553228
v 6.343582 -3.832951 -6.553228
v 6.343582 -2.419364 -6.553228
v 6.343582 -1.005778 -6.553228
v 6.343582 0.407809 -6.553228
v 6.313246 -5.246538 -6.544679
v 6.313246 -3.832951 -6.544679
v 6.313246 -2.419364 -6.544679
v 6.313246 -1.005778 -6.544679
v 6.313246 0.407809 -6.544679
v 6.288495 -5.246538 -6.525171
v 6.288495 -3.832951 -6.525171
v 6.288495 -2.419364 -6.525171
v 6.288495 -1.005778 -6.525171
v 6.288495 0.407809 -6.525171
v 6.273088 -5.246538 -6.497674
v 6.273088 -3.832951 -6.497674
v 6.273088 -2.419364 -6.497674
v 6.273088 -1.005778 -6.497674
v 6.273088 0.407809 -6.497674
v 6.269378 -5.246538 -6.466376
v 6.269378 -3.832951 -6.466376
v 6.269378 -2.419364 -6.466376
v 6.269378 -1.005778 -6.466376
v 6.269378 0.407809 -6.466376
v 6.277927 -5.246538 -6.436040
v 6.277927 -3.832951 -6.436040
v 6.277927 -2.419364 -6.436040
v 6.277927 -1.005778 -6.436040
v 6.277927 0.407809 -6.436040
v 6.297436 -5.246538 -6.411286
v 6.297436 -3.832951 -6.411286
v 6.297436 -2.419364 -6.411286
v 6.297436 -1.005778 -6.411286
v 6.297436 0.407809 -6.411286
v 6.324934 -5.246538 -6.395882
v 6.324934 -3.832951 -6.395882
v 6.324934 -2.419364 -6.395882
v 6.324934 -1.005778 -6.395882
v 6.324934 0.407809 -6.395882
v 6.356233 -5.246538 -6.392172
v 6.356233 -3.832951 -6.392172
v 6.356233 -2.419364 -6.392172
v 6.356233 -1.005778 -6.392172
v 6.356233 0.407809 -6.392172
v 6.386569 -5.246538 -6.400723
v 6.386569 -3.832951 -6.400723
v 6.386569 -2.419364 -6.400723
v 6.386569 -1.005778 -6.400723
v 6.386569 0.407809 -6.400723
v 6.411320 -5.246538 -6.420229
v 6.411320 -3.832951 -6.420229
v 6.411320 -2.419364 -6.420229
v 6.411320 -1.005778 -6.420229
v 6.411320 0.407809 -6.420229
v 1.329544 -5.246538 8.969392
v 1.410074 -5.246538 8.963067
v 1.406364 -5.246538 8.994365
v 1.410074 -3.832951 8.963067
v 1.406364 -3.832951 8.994365
v 1.410074 -2.419365 8.963067
v 1.406364 -2.419365 8.994365
v 1.410074 -1.005778 8.963067
v 1.406364 -1.005778 8.994365
v 1.410074 0.407808 8.963067
v 1.406364 0.407808 8.994365
v 1.329544 0.407808 8.969392
v 1.401524 -5.246538 8.932732
v 1.401524 -3.832951 8.932732
v 1.401524 -2.419365 8.932732
v 1.401524 -1.005778 8.932732
v 1.401524 0.407808 8.932732
v 1.382016 -5.246538 8.907977
v 1.382016 -3.832951 8.907977
v 1.382016 -2.419365 8.907977
v 1.382016 -1.005778 8.907977
v 1.382016 0.407808 8.907977
v 1.354519 -5.246538 8.892572
v 1.354519 -3.832951 8.892572
v 1.354519 -2.419365 8.892572
v 1.354519 -1.005778 8.892572
v 1.354519 0.407808 8.892572
v 1.323221 -5.246538 8.888863
v 1.323221 -3.832951 8.888863
v 1.323221 -2.419365 8.888863
v 1.323221 -1.005778 8.888863
v 1.323221 0.407808 8.888863
v 1.292885 -5.246538 8.897412
v 1.292885 -3.832951 8.897412
v 1.292885 -2.419365 8.897412
v 1.292885 -1.005778 8.897412
v 1.292885 0.407808 8.897412
v 1.268131 -5.246538 8.916920
v 1.268131 -3.832951 8.916920
v 1.268131 -2.419365 8.916920
v 1.268131 -1.005778 8.916920
v 1.268131 0.407808 8.916920
v 1.252727 -5.246538 8.944417
v 1.252727 -3.832951 8.944417
v 1.252727 -2.419365 8.944417
v 1.252727 -1.005778 8.944417
v 1.252727 0.407808 8.944417
v 1.249017 -5.246538 8.975716
v 1.249017 -3.832951 8.975716
v 1.249017 -2.419365 8.975716
v 1.249017 -1.005778 8.975716
v 1.249017 0.407808 8.975716
v 1.257566 -5.246538 9.006051
v 1.257566 -3.832951 9.006051
v 1.257566 -2.419365 9.006051
v 1.257566 -1.005778 9.006051
v 1.257566 0.407808 9.006051
v 1.277075 -5.246538 9.030806
v 1.277075 -3.832951 9.030806
v 1.277075 -2.419365 9.030806
v 1.277075 -1.005778 9.030806
v 1.277075 0.407808 9.030806
v 1.304572 -5.246538 9.046209
v 1.304572 -3.832951 9.046209
v 1.304572 -2.419365 9.046209
v 1.304572 -1.005778 9.046209
v 1.304572 0.407808 9.046209
v 1.335870 -5.246538 9.049919
v 1.335870 -3.832951 9.049919
v 1.335870 -2.419365 9.049919
v 1.335870 -1.005778 9.049919
v 1.335870 0.407808 9.049919
v 1.366206 -5.246538 9.041369
v 1.366206 -3.832951 9.041369
v 1.366206 -2.419365 9.041369
v 1.366206 -1.005778 9.041369
v 1.366206 0.407808 9.041369
v 1.390959 -5.246538 9.021861
v 1.390959 -3.832951 9.021861
v 1.390959 -2.419365 9.021861
v 1.390959 -1.005778 9.021861
v 1.390959 0.407808 9.021861
vn -0.6190 -0.0000 -0.7854
vn -0.9625 -0.0000 0.2713
vn -0.4887 -0.0000 0.8724
vn 0.2713 -0.0000 0.9625
vn 0.8724 -0.0000 0.4888
vn 0.8724 -0.0000 0.4887
vn 0.1177 -0.0000 -0.9930
vn 0.7854 -0.0000 -0.6190
vn -0.1177 -0.0000 0.9930
vn 0.0962 0.9837 -0.1521
vn -0.3082 0.0795 0.9480
vn 0.4888 -0.0000 -0.8724
vn -0.0614 0.9779 -0.2000
vn -0.9930 -0.0000 -0.1177
vn 0.0126 0.9837 -0.1793
vn -0.9931 -0.0000 -0.1177
vn -0.0671 0.9758 0.2080
vn -0.0907 0.9560 0.2790
vn -0.7854 -0.0000 0.6190
vn -0.8724 -0.0000 -0.4888
vn 0.9138 -0.2627 0.3097
vn -0.2651 0.4907 0.8300
vn 0.0907 0.9560 -0.2790
vn -0.2713 -0.0000 -0.9625
vn -0.1678 0.9775 0.1277
vn -0.2636 -0.0000 0.9646
vn 0.0583 -0.9961 0.0656
vn -0.3034 -0.0000 0.9529
vn 0.0505 0.9846 -0.1672
vn -0.0535 0.9846 0.1662
vn 0.1720 -0.3362 0.9259
vn 0.0119 0.9841 -0.1773
vn 0.0125 0.9837 -0.1793
vn 0.9930 -0.0000 0.1177
vn -0.0253 -0.9815 -0.1895
vn -0.6505 -0.7386 -0.1770
vn -0.0555 0.9840 0.1693
vn 0.3541 -0.0000 -0.9352
vn -0.2640 0.0751 0.9616
vn -0.1748 -0.9845 -0.0103
vn -0.0283 0.9980 -0.0557
vn -0.0507 0.9846 0.1676
vn 0.0551 0.9840 -0.1695
vn -0.0066 0.9864 0.1643
vn 0.3034 -0.0000 -0.9529
vn 0.0637 0.9776 0.2007
vn -0.0117 0.9837 0.1796
vn 0.6189 -0.0000 0.7854
vn -0.4888 -0.0000 0.8724
vn 0.0913 0.9864 -0.1367
vn 0.3092 -0.0000 -0.9510
vn -0.4683 -0.8766 -0.1106
vn 0.2642 0.0751 -0.9616
vn 0.0682 0.9799 0.1875
vn 0.0630 0.9772 0.2027
vn 0.0584 0.9840 -0.1683
vn -0.2737 0.4907 0.8272
vn 0.0455 0.9874 -0.1518
vn -0.0455 0.9874 0.1518
vn 0.0490 0.9874 -0.1506
vn 0.0899 0.9560 -0.2791
vn -0.0676 0.9758 0.2078
vn 0.9212 -0.2627 0.2869
vn -0.9510 -0.0000 -0.3092
vn 0.3082 0.0795 -0.9480
vn -0.7833 0.5547 -0.2805
vn 0.9364 -0.1370 0.3232
vn -0.9343 -0.1364 -0.3292
vn -0.3539 -0.0000 0.9353
vn 0.0565 0.9980 -0.0281
vn 0.6836 -0.3362 -0.6478
vn -0.0607 0.9775 -0.2020
vn -0.5896 -0.8077 -0.0082
vn 0.8982 -0.2730 0.3444
vn -0.9291 -0.2730 -0.2496
vn -0.8982 -0.2730 -0.3444
vn -0.7032 -0.6204 -0.3473
vn -0.2018 -0.0000 -0.9794
vn -0.7391 -0.0000 0.6736
vn 0.0310 -0.9959 -0.0853
vn -0.0348 -0.9903 0.1347
vn 0.9474 -0.1370 0.2892
vn -0.1687 -0.9852 0.0291
vn 0.6427 -0.6878 0.3374
vn -0.1832 -0.8305 -0.5261
vn -0.3123 -0.1340 0.9405
vn -0.0533 0.9850 0.1640
vn -0.9308 -0.2653 -0.2517
vn 0.8412 0.5242 0.1329
vn 0.0936 -0.9683 -0.2316
vn 0.2505 -0.5859 -0.7707
vn 0.6454 -0.0000 0.7638
vn -0.0602 0.9774 -0.2028
vn -0.2134 -0.7237 0.6563
vn 0.1366 -0.8633 -0.4858
vn -0.1701 -0.8206 0.5455
vn 0.1987 -0.9729 -0.1182
vn -0.7182 -0.6879 -0.1051
vn 0.0231 0.9637 0.2659
vn -0.0925 -0.9956 -0.0130
vn -0.5732 -0.3470 -0.7423
vn -0.0152 -0.9834 0.1809
vn -0.2460 -0.5878 0.7707
vn 0.3538 -0.8910 0.2844
vn -0.1852 -0.8251 0.5338
vn 0.2134 -0.7237 -0.6563
vn -0.1216 -0.9656 -0.2297
vn 0.1346 -0.8514 -0.5070
vn -0.0245 -0.9969 0.0753
vn -0.6873 -0.6388 -0.3456
vn -0.2079 -0.7260 0.6555
vn 0.1536 -0.8679 -0.4724
vn -0.3311 -0.9014 -0.2790
vn 0.0548 -0.9842 -0.1686
vn 0.5990 -0.7299 0.3293
vn 0.0544 0.9846 -0.1659
vn -0.8176 0.5522 -0.1629
vn -0.4726 -0.8812 0.0139
vn -0.8370 0.5316 -0.1296
vn 0.0088 -0.9996 -0.0272
vn 0.2459 -0.5878 -0.7707
vn 0.5859 -0.7033 0.4025
vn 0.1448 -0.9799 -0.1370
vn 0.0553 -0.9780 0.2010
vn 0.9033 -0.2626 0.3393
vn -0.6996 -0.7082 -0.0952
vn -0.0316 -0.9961 0.0824
vn 0.4534 -0.8910 -0.0220
vn -0.7730 -0.6204 -0.1327
vn 0.0405 -0.9793 0.1982
vn -0.7189 -0.6021 -0.3474
vn -0.0126 0.9829 0.1837
vn 0.0034 -0.9123 0.4095
vn 0.2051 -0.9734 -0.1025
vn -0.2161 -0.9700 0.1112
vn 0.1731 -0.9767 -0.1272
vn 0.2231 -0.9696 -0.1000
vn -0.9301 -0.2752 -0.2432
vn -0.0546 0.9846 0.1663
vn 0.0540 0.9846 -0.1660
vn -0.4113 -0.9106 0.0394
vn -0.2687 0.4945 0.8266
vn 0.0535 0.9846 -0.1662
vn -0.0137 0.9990 0.0421
vn 0.0676 0.9758 -0.2078
vn -0.0548 -0.9842 0.1686
vn 0.8758 -0.2848 0.3898
vn -0.0132 0.9990 0.0423
vn 0.0494 0.9874 -0.1505
vn -0.0490 0.9874 0.1506
vn -0.0544 0.9846 0.1659
vn -0.0538 0.9850 0.1638
vn -0.0141 0.9990 0.0420
vn -0.0172 0.9990 0.0410
vn -0.0540 0.9846 0.1660
vn 0.0538 0.9850 -0.1638
vn 0.2622 -0.9615 -0.0828
vn 0.0605 -0.9683 -0.2424
vn -0.0529 0.9850 0.1641
vn 0.0172 0.9990 -0.0410
vn -0.0102 0.9990 0.0433
vn 0.0102 0.9990 -0.0432
vn -0.6951 -0.6299 -0.3464
vn -0.9341 -0.1379 -0.3294
vn 0.3064 -0.1332 -0.9425
vn 0.7237 -0.6010 0.3393
vn 0.9308 -0.2652 0.2517
vn -0.7154 -0.6056 -0.3484
vn -0.1206 -0.9819 0.1463
vn 0.2432 -0.7420 -0.6247
vn -0.2173 -0.7260 0.6524
vn -0.3092 -0.0000 0.9510
vn -0.0485 0.9874 0.1508
vn 0.0529 0.9850 -0.1641
vn 0.3885 -0.8738 0.2924
vn -0.1772 -0.9681 0.1771
vn -0.2506 -0.5859 0.7707
vn -0.0310 -0.9959 0.0853
vn -0.0509 -0.9848 0.1658
vn 0.0245 -0.9969 -0.0753
vn -0.2505 -0.5859 0.7707
vn -0.0578 -0.9916 0.1154
vn 0.0637 0.9757 -0.2095
vn 0.7854 -0.0000 -0.6189
vn -0.0541 0.9846 0.1665
vn -0.4576 -0.8304 0.3178
vn 0.6496 -0.6808 0.3383
vn -0.2411 -0.9651 0.1022
vn -0.1641 -0.8251 0.5407
vn -0.9398 -0.1393 -0.3120
vn 0.7835 -0.6056 0.1389
vn -0.2371 0.4782 0.8457
vn -0.9364 -0.1370 -0.3231
vn -0.0365 -0.9799 -0.1960
vn -0.0263 -0.9964 0.0808
vn 0.1197 -0.9820 -0.1461
vn -0.2183 -0.9690 0.1159
vn -0.0954 -0.9669 -0.2365
vn -0.1187 -0.9677 -0.2225
vn -0.1442 -0.9630 -0.2275
vn -0.1452 -0.9605 -0.2376
vn -0.0728 -0.9785 -0.1928
vn -0.1154 -0.9642 -0.2387
vn -0.1038 -0.9719 -0.2112
vn -0.1217 -0.9660 -0.2283
vn -0.1339 -0.9664 -0.2193
vn -0.1499 -0.9595 -0.2387
vn 0.3744 -0.8918 0.2541
vn -0.3803 -0.7942 -0.4739
vn 0.0349 -0.9965 -0.0760
vn -0.0099 -0.9918 -0.1275
vn -0.0317 -0.9884 -0.1487
vn -0.1254 -0.9650 -0.2304
vn 0.0336 -0.9976 -0.0599
vn -0.1583 -0.9567 -0.2441
vn 0.0439 -0.9953 -0.0862
vn 0.0154 -0.9940 -0.1081
vn 0.0274 -0.9973 -0.0680
vn 0.0148 -0.9970 -0.0761
vn 0.0511 -0.9940 -0.0965
vn 0.0152 -0.9953 -0.0955
vn 0.0328 -0.9970 -0.0703
vn 0.0179 -0.9973 -0.0711
vn 0.5908 -0.7908 -0.1600
vn -0.4578 -0.8889 -0.0135
vn 0.2374 -0.9649 -0.1126
vn 0.1133 -0.9883 -0.1016
vn 0.0831 -0.9918 -0.0974
vn 0.0165 -0.9965 -0.0820
vn 0.2720 -0.9566 -0.1044
vn 0.0080 -0.9976 -0.0682
vn 0.2337 -0.9642 -0.1252
vn 0.1723 -0.9785 -0.1132
vn 0.2327 -0.9660 -0.1131
vn 0.2082 -0.9719 -0.1098
vn 0.1216 -0.9656 0.2297
vn 0.2616 -0.9595 -0.1049
vn 0.2373 -0.9664 -0.0987
vn 0.2163 -0.9669 -0.1352
vn 0.0184 0.9583 -0.2852
vn 0.2269 -0.9677 -0.1102
vn 0.2571 -0.9605 -0.1068
vn 0.2504 -0.9630 -0.0991
vn 0.2534 -0.9210 -0.2960
vn 0.0309 -0.9210 0.3884
vn 0.1342 -0.9718 0.1941
vn 0.1061 -0.9653 0.2385
vn 0.2261 -0.9653 -0.1305
vn 0.2227 -0.9718 -0.0781
vn 0.1523 -0.9674 0.2025
vn 0.2423 -0.9674 -0.0742
vn 0.0954 -0.9669 0.2366
vn 0.1188 -0.9677 0.2226
vn 0.2246 -0.9686 -0.1065
vn 0.1443 -0.9630 0.2275
vn 0.1452 -0.9605 0.2376
vn 0.0728 -0.9785 0.1928
vn 0.1154 -0.9642 0.2387
vn 0.1038 -0.9719 0.2112
vn 0.1217 -0.9660 0.2283
vn 0.1340 -0.9664 0.2194
vn 0.1499 -0.9595 0.2387
vn -0.3783 -0.8889 -0.2583
vn 0.3837 -0.7908 0.4768
vn -0.0349 -0.9965 0.0760
vn 0.0099 -0.9918 0.1276
vn 0.0319 -0.9883 0.1488
vn 0.1258 -0.9649 0.2307
vn -0.0336 -0.9976 0.0599
vn 0.1586 -0.9566 0.2444
vn -0.0439 -0.9953 0.0861
vn -0.0154 -0.9940 0.1081
vn -0.0274 -0.9973 0.0680
vn -0.0148 -0.9970 0.0761
vn -0.0511 -0.9940 0.0965
vn -0.0152 -0.9953 0.0955
vn 0.0316 -0.9961 -0.0824
vn -0.0328 -0.9970 0.0703
vn -0.0179 -0.9973 0.0711
vn -0.5862 -0.7943 0.1597
vn 0.4523 -0.8918 0.0146
vn -0.2370 -0.9650 0.1126
vn -0.1131 -0.9884 0.1016
vn -0.0830 -0.9918 0.0973
vn -0.0165 -0.9965 0.0820
vn -0.2716 -0.9567 0.1043
vn -0.0080 -0.9976 0.0682
vn -0.2337 -0.9642 0.1252
vn -0.1723 -0.9785 0.1132
vn -0.2327 -0.9660 0.1131
vn -0.2082 -0.9719 0.1098
vn -0.2616 -0.9595 0.1049
vn -0.2373 -0.9664 0.0986
vn -0.2163 -0.9669 0.1352
vn -0.1190 -0.9686 -0.2182
vn -0.2269 -0.9677 0.1102
vn -0.2571 -0.9605 0.1068
vn -0.2504 -0.9630 0.0992
vn -0.2534 -0.9210 0.2960
vn -0.0309 -0.9210 -0.3884
vn -0.1341 -0.9718 -0.1941
vn -0.1061 -0.9653 -0.2385
vn -0.2261 -0.9653 0.1305
vn -0.2226 -0.9718 0.0781
vn -0.1523 -0.9674 -0.2025
vn -0.2423 -0.9674 0.0742
vn 0.9510 -0.0000 0.3092
vn -0.0255 -0.9970 0.0734
vn -0.0255 -0.9970 0.0735
vn 0.2079 -0.7260 -0.6556
vn -0.0319 -0.9977 0.0604
vn -0.0320 -0.9976 0.0607
vn 0.9712 -0.0000 -0.2382
vn -0.1534 -0.9611 -0.2297
vn 0.2718 -0.9582 -0.0896
vn 0.2641 -0.9601 -0.0920
vn 0.6532 -0.6936 0.3037
vn 0.0255 -0.9970 -0.0734
vn 0.0255 -0.9970 -0.0735
vn 0.0319 -0.9977 -0.0604
vn 0.0321 -0.9976 -0.0607
vn -0.9690 -0.0000 0.2470
vn -0.9657 -0.0000 -0.2595
vn -0.9489 -0.0000 -0.3155
vn -0.2619 -0.9615 0.0826
vn -0.2717 -0.9582 0.0896
vn -0.2641 -0.9601 0.0920
vn 0.6534 -0.6792 0.3343
vn -0.1633 -0.9615 -0.2209
vn -0.1159 0.9727 0.2012
vn -0.1184 0.9734 0.1963
vn -0.0149 -0.9998 0.0154
vn -0.0148 -0.9998 0.0149
vn 0.0549 -0.9842 -0.1686
vn 0.0549 -0.9841 -0.1688
vn -0.0088 -0.9996 0.0272
vn -0.0097 -0.9996 0.0256
vn 0.1551 -0.8688 -0.4703
vn 0.1551 -0.8687 -0.4704
vn 0.2788 -0.6012 -0.7489
vn 0.1649 -0.8745 -0.4561
vn 0.0499 -0.9843 -0.1694
vn 0.0540 -0.9841 -0.1690
vn 0.2240 -0.9685 -0.1087
vn 0.0280 -0.9837 -0.1773
vn 0.0216 -0.9813 0.1913
vn 0.2300 -0.9675 -0.1053
vn 0.0431 -0.9841 -0.1726
vn -0.2864 -0.9197 -0.2685
vn -0.3000 -0.9147 -0.2709
vn -0.2775 -0.9225 -0.2685
vn -0.2851 -0.9199 -0.2694
vn -0.6470 -0.6636 -0.3755
vn -0.2597 -0.9250 -0.2772
vn 0.0095 -0.9833 -0.1817
vn 0.0862 -0.9735 0.2120
vn 0.0149 -0.9998 -0.0153
vn 0.0149 -0.9998 -0.0149
vn -0.0549 -0.9841 0.1686
vn -0.0549 -0.9841 0.1688
vn 0.0097 -0.9996 -0.0256
vn -0.1551 -0.8688 0.4703
vn -0.1551 -0.8687 0.4704
vn 0.1826 -0.7409 -0.6463
vn -0.2789 -0.6013 0.7487
vn -0.1649 -0.8745 0.4561
vn -0.0499 -0.9843 0.1694
vn -0.0540 -0.9841 0.1690
vn -0.2240 -0.9685 0.1087
vn -0.0280 -0.9837 0.1773
vn -0.2300 -0.9675 0.1053
vn -0.0431 -0.9841 0.1726
vn -0.7504 -0.6510 -0.1145
vn 0.2864 -0.9197 0.2685
vn 0.3000 -0.9147 0.2709
vn 0.2774 -0.9225 0.2685
vn 0.2850 -0.9199 0.2694
vn 0.6464 -0.6638 0.3761
vn 0.2593 -0.9251 0.2775
vn -0.5340 -0.7703 -0.3487
vn -0.9018 -0.2630 -0.3430
vn 0.1056 -0.9734 0.2035
vn 0.0603 -0.9818 0.1802
vn 0.0074 -0.9807 -0.1955
vn 0.0405 -0.9301 -0.3649
vn 0.2461 -0.9621 -0.1172
vn 0.2626 -0.8638 -0.4299
vn -0.0130 -0.9799 -0.1990
vn -0.0178 -0.9687 -0.2476
vn 0.2552 -0.2626 -0.9305
vn 0.3123 -0.8688 -0.3842
vn -0.0844 -0.6714 -0.7363
vn -0.1366 -0.8633 0.4858
vn -0.0212 -0.9916 0.1273
vn -0.0605 -0.9683 0.2424
vn -0.1206 -0.9450 -0.3042
vn -0.3036 -0.8406 -0.4486
vn -0.0232 -0.9332 -0.3585
vn -0.3343 -0.7529 -0.5670
vn 0.0230 -0.9870 -0.1593
vn -0.0213 -0.9818 -0.1885
vn 0.0548 -0.9659 -0.2530
vn -0.0029 -0.9591 -0.2830
vn -0.9374 -0.2846 -0.2007
vn -0.2181 -0.8625 -0.4567
vn -0.7217 -0.6283 -0.2905
vn -0.4570 -0.8240 -0.3349
vn -0.6327 -0.7154 -0.2966
vn -0.6216 -0.6973 -0.3570
vn -0.5712 -0.7515 -0.3302
vn -0.5112 -0.7823 -0.3558
vn -0.4954 -0.8075 -0.3201
vn 0.1630 -0.9749 -0.1518
vn 0.1230 -0.9799 -0.1569
vn 0.2010 -0.9685 -0.1472
vn 0.1446 -0.9780 -0.1505
vn -0.0140 -0.9756 -0.2192
vn -0.1152 -0.9660 -0.2316
vn 0.0447 -0.9765 -0.2106
vn -0.0456 -0.9754 -0.2155
vn -0.1815 -0.9771 -0.1111
vn -0.4453 -0.8940 -0.0493
vn -0.2440 -0.9475 -0.2069
vn -0.6288 -0.7736 -0.0788
vn 0.0645 -0.9879 -0.1409
vn -0.0216 -0.9927 -0.1188
vn -0.1198 -0.9717 -0.2038
vn -0.2132 -0.9622 -0.1696
vn 0.6369 -0.7703 0.0320
vn -0.0074 -0.9807 0.1955
vn -0.0405 -0.9301 0.3649
vn -0.2461 -0.9621 0.1172
vn -0.2627 -0.8638 0.4299
vn 0.0130 -0.9799 0.1990
vn 0.0178 -0.9687 0.2476
vn -0.0392 -0.9681 -0.2475
vn -0.3145 -0.8690 0.3820
vn 0.0880 -0.6692 0.7379
vn 0.1230 -0.9440 0.3063
vn 0.3074 -0.8375 0.4517
vn 0.0249 -0.9326 0.3599
vn 0.3385 -0.7488 0.5698
vn -0.0230 -0.9870 0.1593
vn 0.0214 -0.9818 0.1887
vn -0.0548 -0.9659 0.2531
vn 0.0031 -0.9590 0.2833
vn 0.2140 -0.8630 0.4576
vn 0.7171 -0.6320 0.2938
vn 0.4561 -0.8244 0.3352
vn 0.6318 -0.7160 0.2970
vn 0.6215 -0.6974 0.3570
vn 0.5711 -0.7515 0.3302
vn 0.5110 -0.7824 0.3559
vn 0.4952 -0.8076 0.3202
vn -0.1630 -0.9749 0.1518
vn -0.1230 -0.9799 0.1569
vn -0.2010 -0.9685 0.1472
vn -0.1446 -0.9780 0.1505
vn 0.0140 -0.9756 0.2192
vn 0.1151 -0.9660 0.2316
vn -0.0448 -0.9765 0.2106
vn 0.0456 -0.9754 0.2155
vn 0.1788 -0.9775 0.1116
vn 0.4403 -0.8964 0.0503
vn 0.2405 -0.9482 0.2076
vn 0.6239 -0.7774 0.0804
vn -0.0645 -0.9879 0.1409
vn 0.0214 -0.9927 0.1189
vn 0.1195 -0.9717 0.2038
vn 0.2127 -0.9623 0.1697
vn 0.0585 -0.9891 -0.1352
vn -0.0510 -0.9797 0.1939
vn 0.0905 -0.9607 -0.2624
vn -0.0727 -0.9797 0.1868
vn 0.0322 -0.9891 -0.1438
vn 0.0811 -0.9607 -0.2655
vn -0.1536 -0.8679 0.4724
vn 0.9625 -0.0000 -0.2713
vn 0.4887 -0.0000 -0.8724
vn 0.0533 0.9850 -0.1640
vn 0.0923 -0.9748 -0.2029
vn -0.0032 -0.9998 -0.0208
vn -0.0030 -0.9998 -0.0212
vn -0.0548 -0.9842 0.1687
vn 0.4909 -0.6969 -0.5228
vn -0.2149 -0.6013 0.7696
vn -0.1349 -0.8745 0.4659
vn 0.2543 -0.5878 -0.7680
vn -0.1512 -0.8687 0.4717
vn -0.1511 -0.8687 0.4716
vn 0.0073 -0.9996 -0.0264
vn -0.5013 -0.6714 0.5459
vn 0.0267 -0.8688 0.4944
vn -0.5094 -0.8406 0.1843
vn -0.2764 -0.9450 0.1751
vn -0.1281 -0.9818 0.1400
vn -0.0750 -0.9870 0.1424
vn -0.6038 -0.7529 0.2620
vn -0.2297 -0.9332 0.2763
vn -0.1688 -0.9591 0.2272
vn -0.1044 -0.9659 0.2369
vn 0.5051 -0.6691 -0.5451
vn -0.0298 -0.8690 -0.4939
vn -0.1345 -0.8514 0.5071
vn 0.5143 -0.8375 -0.1846
vn 0.2796 -0.9440 -0.1754
vn 0.1283 -0.9818 -0.1400
vn 0.0751 -0.9870 -0.1424
vn 0.6089 -0.7488 -0.2618
vn 0.2318 -0.9326 -0.2765
vn 0.1691 -0.9590 -0.2273
vn 0.1045 -0.9659 -0.2369
vn 0.0033 -0.9998 0.0208
vn 0.0030 -0.9998 0.0212
vn 0.0548 -0.9842 -0.1687
vn 0.2147 -0.6013 -0.7696
vn 0.1348 -0.8745 -0.4659
vn 0.1511 -0.8687 -0.4717
vn 0.1511 -0.8688 -0.4716
vn -0.0073 -0.9996 0.0264
vn -0.0270 -0.9963 0.0812
vn 0.2103 -0.0000 0.9776
vn -0.0505 0.9846 0.1672
vn 0.1168 0.9726 -0.2009
vn 0.1194 0.9733 -0.1959
vn 0.1701 -0.8207 -0.5455
vn 0.0358 -0.9833 0.1786
vn -0.0585 -0.9891 0.1352
vn -0.0905 -0.9607 0.2624
vn 0.0652 -0.9718 -0.2265
vn -0.0322 -0.9891 0.1438
vn -0.0811 -0.9607 0.2655
vn 0.0511 -0.9903 -0.1294
vn 0.7323 -0.6700 0.1216
vn 0.6582 -0.7496 0.0698
vn 0.6628 -0.7443 0.0818
vn 0.5968 -0.8014 0.0399
vn -0.0011 -0.9845 -0.1756
vn 0.0143 -0.9837 -0.1790
vn -0.0280 -0.9823 -0.1851
vn -0.0563 -0.9848 0.1640
vn 0.2054 -0.9734 -0.1018
vn 0.2503 -0.9631 -0.0990
vn 0.1891 -0.9743 -0.1227
vn -0.1237 -0.9795 0.1590
vn 0.0963 -0.9683 0.2303
vn -0.0139 -0.9803 -0.1971
vn -0.0441 -0.9755 -0.2156
vn 0.1856 -0.9739 -0.1308
vn 0.1375 -0.9780 -0.1569
vn 0.9008 -0.2653 0.3438
vn 0.6610 -0.7479 0.0610
vn -0.1987 -0.9729 0.1182
vn 0.0115 -0.9819 0.1893
vn 0.6874 -0.6388 0.3456
vn -0.3095 -0.9106 -0.2738
vn 0.3311 -0.9014 0.2790
vn -0.7103 -0.6118 -0.3479
vn -0.1448 -0.9799 0.1370
vn -0.0405 -0.9793 -0.1982
vn 0.9522 0.0833 0.2940
vn -0.9521 0.0850 -0.2937
vn -0.9428 0.0850 -0.3224
vn 0.0546 0.9846 -0.1663
vn 0.0541 0.9846 -0.1665
vn -0.0574 0.9846 0.1649
vn 0.9510 -0.0000 0.3091
vn -0.0399 -0.9986 0.0340
vn 0.4064 -0.8692 0.2816
vn -0.0095 -0.9833 0.1817
vn 0.1819 -0.9301 -0.3190
vn 0.1090 -0.9807 -0.1624
vn 0.1600 -0.9687 -0.1897
vn 0.1275 -0.9799 -0.1533
vn 0.0404 -0.8638 -0.5022
vn -0.1302 -0.9621 -0.2395
vn -0.2051 -0.9734 0.1025
vn -0.1635 -0.8581 0.4867
vn 0.9018 -0.2630 0.3430
vn -0.9301 -0.2626 -0.2568
vn -0.1818 -0.9302 0.3190
vn -0.1090 -0.9807 0.1624
vn -0.1600 -0.9687 0.1898
vn -0.1275 -0.9799 0.1533
vn -0.0404 -0.8638 0.5022
vn 0.1301 -0.9621 0.2395
vn -0.0357 -0.9833 -0.1786
vn -0.2063 -0.9734 0.0994
vn -0.0606 0.9775 -0.2020
vn 0.0574 0.9846 -0.1649
vn 0.8222 0.5446 0.1658
vn 0.7592 -0.6388 0.1247
vn 0.7659 -0.6299 0.1286
vn 0.3095 -0.9106 0.2738
vn -0.0100 -0.9822 -0.1878
vn 0.0669 -0.9762 0.2062
vn -0.7324 -0.6699 -0.1216
vn -0.6583 -0.7495 -0.0698
vn -0.8994 -0.2694 -0.3441
vn -0.6629 -0.7442 -0.0818
vn -0.5969 -0.8013 -0.0399
vn 0.0011 -0.9845 0.1756
vn -0.0143 -0.9837 0.1790
vn 0.0280 -0.9823 0.1851
vn -0.2054 -0.9734 0.1018
vn -0.2503 -0.9631 0.0990
vn -0.1891 -0.9743 0.1227
vn 0.0139 -0.9803 0.1971
vn 0.0441 -0.9755 0.2156
vn -0.1856 -0.9739 0.1308
vn -0.1375 -0.9780 0.1569
vn -0.9008 -0.2652 -0.3438
vn -0.6610 -0.7479 -0.0610
vn 0.7528 -0.6320 0.1841
vn 0.4422 -0.8630 -0.2442
vn 0.6856 -0.7160 0.1313
vn 0.5660 -0.8244 -0.0029
vn 0.3857 -0.8964 0.2182
vn 0.2102 -0.9775 0.0149
vn 0.0872 -0.9927 -0.0835
vn 0.0307 -0.9879 -0.1519
vn 0.5519 -0.7774 0.3019
vn 0.3166 -0.9482 -0.0264
vn 0.2718 -0.9623 -0.0122
vn 0.2165 -0.9717 -0.0946
vn -0.0072 -0.9799 -0.1993
vn -0.0425 -0.9749 -0.2186
vn 0.2293 -0.9660 -0.1196
vn 0.1402 -0.9756 -0.1691
vn -0.0284 -0.9780 -0.2068
vn -0.0760 -0.9685 -0.2373
vn 0.1636 -0.9754 -0.1475
vn 0.0876 -0.9765 -0.1967
vn 0.6561 -0.7515 0.0688
vn 0.7126 -0.6974 0.0768
vn 0.5888 -0.8076 0.0323
vn 0.6226 -0.7824 0.0127
vn -0.2229 -0.9697 0.0999
vn 0.0557 -0.9841 -0.1685
vn 0.0593 -0.9843 -0.1664
vn 0.7440 -0.6638 0.0759
vn 0.3729 -0.9251 -0.0719
vn 0.4020 -0.9147 -0.0427
vn 0.3896 -0.9197 -0.0488
vn 0.3890 -0.9199 -0.0503
vn 0.3823 -0.9225 -0.0540
vn -0.1172 -0.9685 -0.2196
vn 0.0109 -0.9820 0.1885
vn -0.1241 -0.9675 -0.2204
vn -0.1300 -0.9813 0.1420
vn 0.0816 -0.9837 -0.1599
vn 0.0666 -0.9841 -0.1650
vn -0.9530 -0.0000 -0.3029
vn -0.9540 0.0850 -0.2876
vn -0.0953 0.9837 0.1524
vn -0.0187 0.9733 0.2287
vn -0.0236 0.9726 0.2311
vn 0.0717 0.9757 -0.2069
vn 0.7625 0.5446 0.3494
vn 0.9430 0.0833 0.3221
vn 0.7730 -0.6204 0.1327
vn -0.7592 -0.6388 -0.1247
vn 0.4318 -0.9014 -0.0310
vn 0.0940 -0.9834 -0.1552
vn -0.5705 -0.7479 -0.3394
vn -0.5063 -0.8013 -0.3187
vn 0.1625 -0.9755 -0.1484
vn 0.1271 -0.9803 -0.1512
vn -0.2134 -0.9683 0.1297
vn -0.0189 -0.9780 -0.2078
vn -0.0732 -0.9739 -0.2149
vn 0.0937 -0.9837 -0.1532
vn 0.1042 -0.9845 -0.1414
vn -0.1443 -0.9631 -0.2273
vn -0.1063 -0.9734 -0.2031
vn 0.1315 -0.9823 -0.1332
vn -0.0808 -0.9743 -0.2104
vn -0.9294 -0.2715 -0.2500
vn 0.8994 -0.2694 0.3442
vn -0.5735 -0.7495 -0.3306
vn -0.6639 -0.6699 -0.3323
vn -0.5842 -0.7443 -0.3236
vn 0.5705 -0.7479 0.3394
vn 0.5062 -0.8014 0.3187
vn 0.1237 -0.9795 -0.1589
vn -0.1625 -0.9755 0.1485
vn -0.1271 -0.9803 0.1512
vn 0.0189 -0.9780 0.2078
vn 0.0732 -0.9739 0.2149
vn -0.0937 -0.9837 0.1532
vn -0.1041 -0.9845 0.1414
vn 0.1442 -0.9631 0.2273
vn 0.1063 -0.9734 0.2031
vn -0.1315 -0.9823 0.1332
vn 0.0808 -0.9743 0.2104
vn 0.5734 -0.7496 0.3306
vn 0.6638 -0.6700 0.3323
vn 0.5842 -0.7443 0.3236
vn -0.1493 -0.9793 0.1365
vn -0.3538 -0.8910 -0.2844
vn -0.7660 -0.6299 -0.1286
vn -0.0652 -0.9767 -0.2047
vn 0.0152 -0.9834 -0.1809
vn -0.0115 -0.9819 -0.1893
vn -0.9428 0.0849 -0.3224
vn 0.0197 0.9734 -0.2283
vn 0.0246 0.9727 -0.2309
vn -0.0551 0.9840 0.1695
vn 0.9655 -0.0000 0.2605
vn 0.9530 -0.0000 0.3030
vn 0.9540 0.0833 0.2880
vn -0.0558 -0.9841 0.1685
vn -0.0593 -0.9843 0.1664
vn -0.7441 -0.6636 -0.0768
vn -0.3731 -0.9250 0.0715
vn 0.6814 -0.6455 0.3450
vn -0.4020 -0.9147 0.0427
vn -0.3896 -0.9197 0.0487
vn -0.6743 -0.6510 -0.3487
vn -0.3890 -0.9199 0.0503
vn -0.3823 -0.9225 0.0540
vn 0.1172 -0.9685 0.2196
vn -0.1197 -0.9820 0.1461
vn 0.1241 -0.9675 0.2204
vn 0.2591 -0.9611 -0.0956
vn -0.0816 -0.9837 0.1599
vn -0.0666 -0.9841 0.1650
vn -0.7546 -0.6282 -0.1895
vn -0.4450 -0.8625 0.2410
vn -0.6861 -0.7154 -0.1322
vn -0.5666 -0.8240 0.0021
vn -0.3892 -0.8940 -0.2220
vn -0.2121 -0.9771 -0.0169
vn -0.0874 -0.9927 0.0834
vn -0.0307 -0.9879 0.1519
vn -0.5549 -0.7736 -0.3060
vn -0.3190 -0.9475 0.0238
vn -0.2722 -0.9622 0.0118
vn -0.2168 -0.9717 0.0944
vn 0.0072 -0.9799 0.1993
vn 0.0426 -0.9749 0.2186
vn -0.2293 -0.9660 0.1196
vn -0.1402 -0.9756 0.1691
vn 0.0285 -0.9780 0.2068
vn 0.0760 -0.9685 0.2373
vn -0.1636 -0.9754 0.1475
vn -0.0876 -0.9765 0.1966
vn -0.6562 -0.7515 -0.0688
vn -0.7127 -0.6973 -0.0768
vn -0.5889 -0.8075 -0.0324
vn -0.6227 -0.7823 -0.0128
vn 0.1222 -0.9844 -0.1269
vn 0.9491 -0.1389 0.2827
vn -0.9490 -0.1390 -0.2829
vn -0.0553 -0.9780 -0.2010
vn -0.0813 -0.9746 -0.2088
vn 0.6218 -0.7082 0.3344
vn -0.1349 -0.9651 -0.2244
vn -0.6427 -0.6879 -0.3374
vn -0.1094 -0.9700 -0.2171
vn -0.9337 -0.0000 -0.3580
vn -0.6385 -0.0000 -0.7696
vn -0.0824 -0.9956 -0.0439
vn 0.0098 -0.9976 -0.0679
vn 0.0098 -0.9977 -0.0676
vn 0.0226 -0.9970 -0.0745
vn 0.0225 -0.9970 -0.0743
vn -0.3150 -0.0000 0.9491
vn 0.2638 -0.0000 -0.9646
vn -0.3515 -0.1394 0.9257
vn 0.7449 -0.0000 -0.6671
vn 0.7450 -0.0000 -0.6671
vn 0.1595 -0.9601 0.2297
vn 0.1671 -0.9582 0.2323
vn 0.7250 -0.6792 0.1139
vn 0.7540 -0.6455 0.1217
vn 0.7182 -0.6879 0.1051
vn -0.9525 -0.0483 -0.3008
vn 0.9510 0.0001 0.3092
vn 0.9340 -0.1390 0.3292
vn -0.1319 -0.9815 0.1384
vn 0.9490 -0.1390 0.2829
vn 0.9490 -0.0000 0.3154
vn 0.9341 -0.0000 0.3570
vn -0.0097 -0.9976 0.0679
vn -0.0097 -0.9977 0.0676
vn -0.0226 -0.9970 0.0745
vn -0.0225 -0.9970 0.0743
vn -0.7065 -0.6939 -0.1391
vn -0.1595 -0.9601 -0.2297
vn -0.1671 -0.9582 -0.2323
vn 0.0813 -0.9746 0.2088
vn 0.9473 -0.0483 0.3168
vn -0.9340 -0.1390 -0.3292
vn -0.9510 -0.0001 -0.3092
vn -0.9428 0.0850 -0.3223
vn -0.9407 0.0850 -0.3284
vn -0.2017 -0.0000 -0.9794
vn 0.3150 -0.0000 -0.9491
vn 0.9410 0.0833 0.3281
vn -0.0000 -1.0000 -0.0000
vn -0.0000 1.0000 -0.0000
vn 0.7855 -0.0000 -0.6189
vn -0.6189 -0.0000 -0.7854
vn -0.8724 -0.0000 -0.4887
vn 0.6190 -0.0000 0.7854
vn -0.7854 -0.0000 0.6189
vn -0.7855 -0.0000 0.6189
vn 0.9625 -0.0000 -0.2712
vn 0.6189 -0.0000 0.7855
vn -0.9625 -0.0000 0.2712
vn -0.2334 -0.9656 0.1143
vn 0.0251 -0.9959 -0.0872
vn -0.0230 -0.9961 0.0852
vn 0.0230 -0.9961 -0.0852
vn -0.0251 -0.9959 0.0872
vn 0.2183 -0.9690 -0.1159
vn 0.2335 -0.9656 -0.1143
vn -0.9429 0.0850 -0.3222
vn -0.9433 0.0850 -0.3210
vn 0.0499 0.9850 -0.1651
vn -0.1706 -0.7420 0.6484
vn 0.9488 -0.1423 0.2821
vn 0.4605 -0.8309 -0.3124
vn 0.1708 -0.7419 -0.6484
vn -0.2591 -0.9611 0.0956
vn -0.6534 -0.6793 -0.3342
vn -0.7606 0.5527 -0.3405
vn 0.0263 -0.9964 -0.0808
vn -0.1827 -0.7409 0.6463
vn 0.1483 -0.9873 -0.0576
vn -0.0556 -0.9842 0.1684
vn -0.3035 -0.9274 0.2188
vn -0.7835 -0.6056 -0.1389
vn 0.0868 -0.9959 -0.0239
vn -0.0551 -0.9841 0.1686
vn 0.0270 -0.9963 -0.0812
vn -0.2543 -0.5878 0.7680
vn -0.0947 -0.6979 -0.7099
vn -0.2324 -0.7409 0.6301
vn -0.1215 -0.9697 -0.2119
vn -0.6814 -0.6455 -0.3450
vn 0.6742 -0.6510 0.3488
vn 0.4811 -0.8078 0.3405
vn 0.7106 -0.7033 0.0190
vn -0.6937 -0.7136 -0.0978
vn 0.9311 -0.2630 0.2528
vn -0.5497 -0.7759 -0.3097
vn -0.0113 -0.9836 -0.1801
vn 0.1772 -0.9681 -0.1771
vn 0.2992 -0.2519 -0.9203
vn 0.1852 -0.8251 -0.5338
vn -0.2936 -0.2532 0.9218
vn 0.0559 -0.9898 -0.1309
vn -0.0446 -0.9748 0.2184
vn -0.8762 -0.2846 -0.3889
vn -0.8953 -0.2752 -0.3503
vn -0.7107 -0.7033 -0.0190
vn -0.9013 -0.2638 -0.3437
vn 0.6185 -0.7136 0.3288
vn 0.0113 -0.9836 0.1801
vn -0.1056 -0.9734 -0.2035
vn 0.1641 -0.8251 -0.5407
vn 0.0211 -0.9916 -0.1273
vn -0.0936 -0.9683 0.2316
vn 0.9376 -0.2848 0.1997
vn 0.8953 -0.2752 0.3504
vn 0.1832 -0.8206 -0.5413
vn 0.0728 -0.9797 -0.1868
vn 0.0510 -0.9797 -0.1939
vn -0.1832 -0.8207 0.5413
vn -0.1528 0.9583 0.2415
vn 0.0551 -0.9841 -0.1686
vn 0.2436 -0.9123 -0.3293
vn 0.0259 -0.9963 -0.0815
vn -0.1893 -0.8514 0.4892
vn -0.0318 -0.9898 0.1388
vn 0.0578 -0.9916 -0.1154
vn 0.3046 -0.2532 -0.9182
vn 0.1894 -0.8514 -0.4892
vn 0.0318 -0.9898 -0.1388
vn 0.0446 -0.9748 -0.2184
vn -0.1752 -0.8633 0.4732
vn -0.0259 -0.9963 0.0815
vn -0.0637 0.9757 0.2095
vn 0.9490 0.0287 0.3139
vn 0.1539 -0.8581 -0.4898
vn -0.0652 -0.9718 0.2265
vn 0.0563 -0.9848 -0.1640
vn -0.0066 -0.9795 -0.2013
vn 0.6117 -0.7133 0.3422
vn -0.1731 -0.9767 0.1272
vn 0.1206 -0.9819 -0.1463
vn 0.7791 -0.6118 0.1363
vn -0.4534 -0.8910 0.0220
vn 0.1493 -0.9793 -0.1365
vn -0.7571 0.5522 -0.3491
vn 0.0961 0.9837 -0.1521
vn 0.7154 -0.6056 0.3484
vn -0.5860 -0.7033 -0.4026
vn -0.9033 -0.2626 -0.3393
vn 0.9311 -0.2638 0.2520
vn 0.6936 -0.7137 0.0978
vn 0.6266 -0.7759 0.0727
vn 0.0392 -0.9681 0.2475
vn 0.1547 -0.9818 -0.1103
vn 0.7857 -0.6021 0.1418
vn -0.0991 -0.9833 0.1525
vn 0.1754 -0.9762 -0.1274
vn -0.8987 -0.2715 -0.3443
vn 0.0066 -0.9795 0.2013
vn -0.0963 -0.9683 -0.2303
vn -0.9002 -0.2672 -0.3440
vn 0.9291 -0.2730 0.2496
vn 0.9302 -0.2752 0.2431
vn -0.0541 -0.9841 0.1689
vn 0.5894 -0.8078 0.0076
vn -0.7540 -0.6455 -0.1217
vn 0.7504 -0.6510 0.1144
vn -0.0216 -0.9813 -0.1913
vn -0.7531 0.5317 -0.3874
vn -0.9627 0.0807 0.2584
vn 0.7032 -0.6204 0.3473
vn 0.3740 -0.8812 0.2891
vn -0.4318 -0.9014 0.0310
vn 0.0913 -0.9729 0.2125
vn 0.0509 -0.9848 -0.1658
vn 0.9303 -0.2672 0.2511
vn 0.8987 -0.2715 0.3443
vn -0.9298 -0.2694 -0.2506
vn 0.0100 -0.9822 0.1878
vn 0.0365 -0.9799 0.1960
vn 0.4726 -0.8812 -0.0139
vn 0.4113 -0.9106 -0.0394
vn 0.6951 -0.6299 0.3464
vn -0.0913 -0.9729 -0.2125
vn 0.0652 -0.9767 0.2047
vn -0.0940 -0.9834 0.1552
vn 0.1216 -0.9696 0.2121
vn -0.6407 -0.7208 0.2643
vn -0.4817 -0.8077 -0.3400
vn -0.0109 -0.9820 -0.1885
vn 0.1300 -0.9813 -0.1420
vn 0.2411 -0.9651 -0.1022
vn -0.2431 -0.7419 0.6249
vn 0.1634 -0.9615 0.2211
vn 0.1534 -0.9611 0.2297
vn 0.1349 -0.9651 0.2244
vn -0.6218 -0.7082 -0.3344
vn -0.9493 -0.1368 -0.2831
vn 0.1094 -0.9700 0.2171
vn -0.9492 -0.1373 -0.2830
vn -0.9492 -0.1379 -0.2829
vn 0.6329 -0.6976 0.3360
vn 0.2173 -0.7260 -0.6524
vn -0.3005 -0.1340 0.9443
vn -0.2599 -0.1395 0.9555
vn -0.7250 -0.6793 -0.1139
vn -0.9587 -0.1855 0.2156
vn 0.6780 -0.7300 0.0859
vn -0.9472 -0.0483 -0.3168
vn 0.0137 0.9990 -0.0421
vn 0.2687 0.4945 -0.8266
vn -0.9311 -0.2638 -0.2520
vn 0.8258 0.5401 0.1624
vn -0.1194 -0.9852 -0.1228
vn 0.0132 0.9990 -0.0423
vn 0.1084 -0.9690 0.2221
vn 0.2372 0.4783 -0.8456
vn -0.0170 0.9582 0.2856
vn 0.6901 -0.7181 0.0903
vn -0.9303 -0.2672 -0.2511
vn 0.9522 0.0287 0.3042
vn 0.4936 -0.8697 -0.0028
vn -0.0498 0.9850 0.1651
vn 0.7384 0.0779 -0.6699
vn 0.3517 -0.1394 -0.9257
vn 0.9299 -0.2694 0.2506
vn 0.9346 -0.1392 0.3274
vn -0.1472 -0.9875 0.0569
vn -0.4943 -0.8692 -0.0112
vn 0.0541 -0.9842 -0.1689
vn 0.9341 -0.1379 0.3294
vn 0.8219 0.5446 0.1669
vn 0.9651 0.0795 -0.2495
vn -0.0583 0.9840 0.1683
vn 0.2048 -0.9720 -0.1147
vn 0.6735 -0.7331 0.0951
vn 0.9398 -0.1393 0.3120
vn 0.9436 -0.1393 0.3002
vn -0.9212 -0.2627 -0.2869
vn 0.8033 0.5470 0.2357
vn -0.6496 -0.6809 -0.3383
vn -0.6112 -0.7181 -0.3328
vn -0.2992 -0.2519 0.9203
vn 0.9492 -0.1384 0.2828
vn 0.3064 -0.1333 -0.9425
vn -0.0856 -0.9875 -0.1326
vn -0.6901 -0.7181 -0.0903
vn -0.6828 -0.7255 -0.0865
vn -0.1687 0.9764 0.1347
vn 0.0839 0.9563 -0.2800
vn -0.1754 -0.9762 0.1274
vn 0.0399 -0.9986 -0.0340
vn -0.0557 0.9980 0.0284
vn -0.1547 -0.9818 0.1103
vn 0.0964 0.9836 -0.1526
vn -0.1672 0.9779 0.1256
vn -0.0568 0.9850 0.1629
vn -0.3408 -0.2625 0.9027
vn 0.7585 0.5241 0.3872
vn 0.5496 -0.7759 0.3097
vn 0.0625 0.9771 0.2035
vn 0.3520 0.0750 -0.9330
vn -0.0904 0.9864 0.1370
vn 0.9339 -0.1388 0.3295
vn -0.0923 -0.9748 0.2028
vn -0.6887 -0.3370 0.6419
vn 0.0982 -0.9720 0.2133
vn 0.6175 0.4991 -0.6079
vn 0.7244 -0.6809 0.1084
vn -0.6119 0.5006 0.6124
vn 0.0805 -0.9718 -0.2215
vn -0.0556 -0.9961 -0.0691
vn -0.7237 -0.6009 -0.3393
vn 0.3579 -0.7210 0.5934
vn 0.0939 -0.9955 0.0122
vn 0.1701 0.9772 -0.1269
vn -0.8176 0.5523 -0.1628
vn -0.0955 0.9836 0.1529
vn 0.1710 0.9761 -0.1339
vn 0.1886 -0.9746 -0.1210
vn 0.0870 -0.9842 -0.1543
vn -0.9340 -0.1384 -0.3295
vn 0.9521 0.0833 0.2942
vn 0.9435 0.0833 0.3208
vn -0.6267 0.0807 -0.7751
vn -0.6369 -0.7702 -0.0320
vn 0.4881 0.5163 0.7037
vn -0.1150 -0.9836 0.1390
vn 0.9301 -0.2626 0.2568
vn 0.9466 0.0833 0.3116
vn -0.1438 -0.9801 0.1367
vn -0.3518 0.0751 0.9331
vn -0.1795 -0.3370 -0.9242
vn -0.0494 0.9874 0.1505
vn -0.0518 0.9840 0.1704
vn -0.7325 0.0783 0.6762
vn -0.2142 -0.1833 -0.9594
vn -0.1168 -0.9274 -0.3555
vn 0.2506 -0.5859 -0.7707
vn -0.0359 -0.9801 -0.1951
vn -0.1222 -0.9844 0.1269
vn -0.6007 -0.7331 -0.3191
vn -0.1539 -0.8581 0.4898
vn 0.3055 0.4782 -0.8234
vn -0.3740 -0.8812 -0.2891
vn 0.0575 0.9846 -0.1653
vn 0.1419 0.4991 0.8549
vn -0.1680 0.9774 0.1286
vn -0.0572 0.9764 -0.2082
vn -0.0947 0.9841 0.1504
vn 0.0562 -0.9959 0.0704
vn 0.1751 0.9637 -0.2016
vn 0.8200 0.5450 0.1746
vn -0.2554 -0.2625 0.9305
vn -0.3026 0.0785 0.9499
vn 0.0253 -0.9815 0.1895
vn -0.2048 -0.9720 0.1147
vn 0.0857 -0.9961 -0.0187
vn 0.0955 0.9840 -0.1501
vn 0.0537 0.9846 -0.1666
vn 0.7069 -0.6936 0.1385
vn -0.9490 0.0293 -0.3140
vn -0.1944 -0.9735 0.1207
vn -0.4795 0.5212 -0.7060
vn 0.1438 -0.9801 -0.1366
vn 0.0915 0.9560 -0.2786
vn -0.3976 -0.8697 -0.2925
vn 0.9493 -0.1364 0.2832
vn -0.1084 -0.9734 -0.2017
vn 0.1944 -0.9735 -0.1207
vn 0.2323 -0.7409 -0.6302
vn 0.1340 -0.9833 -0.1234
vn 0.9525 -0.0482 0.3008
vn -0.7792 -0.6118 -0.1363
vn -0.0805 -0.9718 0.2215
vn -0.1084 -0.9690 -0.2221
vn 0.7432 -0.1837 -0.6434
vn -0.9487 0.0850 -0.3045
vn 0.9492 -0.1373 0.2830
vn 0.9294 -0.2715 0.2500
vn 0.9484 -0.1392 0.2849
vn -0.1731 0.9639 0.2022
vn -0.0856 -0.9961 0.0232
vn 0.7624 0.5446 0.3494
vn -0.3064 -0.1333 0.9425
vn -0.1339 -0.9833 0.1234
vn -0.5846 -0.8110 0.0231
vn 0.0831 -0.9955 0.0454
vn -0.0242 -0.9844 -0.1745
vn -0.0559 -0.9898 0.1309
vn -0.9346 -0.1392 -0.3273
vn 0.7103 -0.6118 0.3479
vn 0.9517 0.0833 0.2954
vn 0.7849 -0.6009 0.1512
vn 0.2133 -0.7238 -0.6562
vn -0.4438 -0.8766 -0.1860
vn -0.6735 -0.7330 -0.0951
vn 0.6554 -0.1851 0.7322
vn -0.6486 -0.1855 -0.7382
vn 0.6338 0.0795 0.7694
vn -0.0899 0.9560 0.2791
vn 0.9001 -0.2672 0.3440
vn 0.1147 -0.9272 0.3565
vn -0.0575 0.9846 0.1653
vn 0.3138 0.0785 -0.9462
vn 0.4639 -0.8099 0.3590
vn 0.0555 0.9840 -0.1693
vn -0.1632 0.9802 0.1123
vn -0.7497 -0.6030 -0.2726
vn -0.3064 -0.1332 0.9425
vn 0.9659 0.0784 0.2468
vn -0.7243 -0.6809 -0.1084
vn -0.0970 0.9829 0.1563
vn 0.0671 0.9758 -0.2080
vn -0.0545 -0.9841 0.1688
vn 0.0968 0.9563 -0.2758
vn -0.9474 -0.1370 -0.2894
vn -0.5990 -0.7300 -0.3293
vn -0.0603 -0.9818 -0.1802
vn 0.4438 -0.8766 0.1859
vn -0.9464 0.0850 -0.3116
vn 0.9343 -0.1368 0.3293
vn 0.0518 0.9840 -0.1704
vn -0.0583 -0.9961 -0.0656
vn 0.6303 -0.7385 0.2394
vn -0.1023 0.9916 -0.0795
vn 0.9492 -0.1379 0.2829
vn -0.0511 -0.9903 0.1294
vn 0.6007 -0.7330 0.3191
vn -0.9342 -0.1373 -0.3293
vn 0.2936 -0.2532 -0.9218
vn 0.1629 -0.9780 -0.1301
vn 0.9607 -0.1850 -0.2068
vn 0.4862 -0.8738 -0.0081
vn -0.0839 0.9563 0.2800
vn -0.0215 -0.9868 0.1608
vn 0.0978 0.9829 -0.1560
vn 0.3123 -0.1340 -0.9405
vn 0.9470 0.0279 0.3199
vn 0.8976 -0.3474 -0.2712
vn -0.9521 0.0850 -0.2939
vn -0.8214 0.5477 -0.1595
vn 0.1542 0.9582 -0.2410
vn -0.9258 0.0801 -0.3695
vn 0.0568 0.9850 -0.1629
vn -0.6960 -0.7132 -0.0830
vn -0.0524 0.9874 0.1495
vn 0.4683 -0.8766 0.1106
vn 0.9541 0.0279 0.2982
vn 0.0203 -0.9842 -0.1760
vn -0.0537 0.9846 0.1666
vn 0.0485 0.9874 -0.1508
vn 0.2162 -0.9700 -0.1112
vn 0.0595 0.9761 0.2089
vn 0.5339 -0.7703 0.3487
vn -0.9661 0.0801 -0.2455
vn 0.0897 -0.6969 0.7115
vn 0.6828 -0.7255 0.0865
vn -0.3054 0.4783 0.8234
vn 0.0359 -0.9801 0.1951
vn -0.0717 0.9757 0.2070
vn 0.9340 -0.1385 0.3295
vn -0.9517 0.0850 -0.2951
vn 0.1046 0.9913 0.0802
vn -0.0110 0.9840 0.1776
vn -0.8030 0.5211 0.2891
vn 0.5864 -0.8099 -0.0176
vn -0.3628 -0.7208 -0.5906
vn 0.0861 -0.9873 0.1338
vn 0.8085 0.5164 -0.2822
vn 0.2228 -0.1837 0.9574
vn 0.0547 0.9840 -0.1696
vn 0.7883 0.5470 0.2818
vn 0.3026 0.0785 -0.9499
vn 0.1475 -0.9845 0.0945
vn -0.1295 0.9916 0.0041
vn 0.7095 -0.6976 0.1004
vn 0.0348 -0.9903 -0.1347
vn 0.3976 -0.8697 0.2925
vn -0.1186 -0.9822 0.1460
vn -0.7374 -0.1832 0.6501
vn -0.4862 -0.8738 0.0081
vn -0.0915 0.9560 0.2786
vn -0.0681 0.9758 0.2077
vn -0.1475 -0.9845 -0.0945
vn -0.1886 -0.9746 0.1211
vn -0.9484 -0.1392 -0.2849
vn -0.6186 -0.7136 -0.3288
vn -0.0982 -0.9720 -0.2133
vn -0.4064 -0.8692 -0.2816
vn 0.7635 0.5400 0.3543
vn 0.1702 -0.9850 -0.0299
vn -0.1629 -0.9780 0.1301
vn -0.9542 0.0285 -0.2979
vn -0.7857 -0.6021 -0.1418
vn -0.0669 -0.9762 -0.2062
vn 0.9333 -0.1423 0.3297
vn -0.9469 0.0284 -0.3201
vn 0.7667 -0.6030 0.2204
vn 0.1318 0.9913 -0.0034
vn -0.6532 -0.6940 -0.3030
vn 0.9264 0.0785 0.3684
vn 0.1150 -0.9836 -0.1390
vn -0.7581 0.5477 -0.3540
vn 0.7189 -0.6021 0.3474
vn 0.1190 -0.9686 0.2182
vn -0.0659 0.9802 -0.1868
vn -0.6781 -0.7299 -0.0859
vn -0.2245 -0.9686 0.1065
vn -0.1347 0.5007 -0.8551
vn -0.6267 -0.7759 -0.0728
vn 0.5666 -0.3474 0.7472
vn 0.0242 -0.9844 0.1745
vn -0.8173 0.5523 -0.1641
vn 0.1654 0.9799 -0.1115
vn 0.6960 -0.7133 0.0830
vn -0.4592 -0.8110 -0.3624
vn -0.8154 0.5527 -0.1719
vn 0.0991 -0.9833 -0.1525
vn 0.6113 -0.7181 0.3328
vn 0.7629 0.5446 0.3483
vn -0.7985 0.5548 -0.2337
vn -0.9138 -0.2627 -0.3097
vn 0.7497 -0.6030 0.2726
vn 0.1702 0.9771 -0.1278
vn 0.6032 -0.7254 0.3315
vn -0.3138 0.0785 0.9462
vn 0.1319 -0.9815 -0.1384
vn 0.6996 -0.7082 0.0952
vn 0.1200 -0.9850 0.1243
vn -0.1948 0.0784 -0.9777
vn 0.3005 -0.1340 -0.9443
vn -0.9491 -0.1389 -0.2827
vn 0.1888 -0.8309 0.5234
vn 0.2651 0.4907 -0.8300
vn 0.2737 0.4907 -0.8272
vn -0.3885 -0.8738 -0.2924
vn -0.6118 -0.7132 -0.3422
vn -0.6329 -0.6975 -0.3360
vn 0.9342 -0.1373 0.3293
vn -0.6302 -0.7386 -0.2393
vn 0.0127 0.9836 -0.1798
vn 0.0524 0.9874 -0.1495
vn -0.0123 -0.9986 -0.0509
vn 0.1185 -0.9822 -0.1460
vn -0.0862 -0.9735 -0.2120
vn 0.2601 -0.1394 -0.9555
vn -0.9491 -0.1384 -0.2828
vn -0.9001 -0.3470 0.2633
vn -0.9343 -0.1369 -0.3293
vn -0.4936 -0.8697 0.0028
vn -0.4940 -0.6979 0.5185
vn 0.9343 -0.1365 0.3292
vn -0.7849 -0.6010 -0.1512
vn -0.0870 -0.9842 0.1543
vn 0.6505 -0.7386 0.1770
vn -0.3046 -0.2532 0.9182
vn -0.9522 0.0293 -0.3041
vn -0.9339 -0.1388 -0.3295
vn -0.7571 0.5523 -0.3491
vn 0.1084 -0.9734 0.2017
vn 0.3406 -0.2625 -0.9028
vn 0.6384 -0.7210 -0.2695
vn -0.7095 -0.6975 -0.1004
vn 0.1635 -0.8581 -0.4867
vn 0.9431 0.0833 0.3219
vn 0.0123 -0.9986 0.0509
vn 0.0681 0.9758 -0.2077
vn 0.0292 0.9980 0.0560
vn 0.2033 0.0779 0.9760
vn 0.9013 -0.2638 0.3437
vn 0.7659 0.5450 0.3410
vn 0.0556 -0.9841 -0.1684
vn -0.9311 -0.2630 -0.2529
vn 0.0771 -0.9868 -0.1427
vn -0.9490 -0.1424 -0.2812
vn -0.7576 0.5523 -0.3480
vn 0.0135 0.9829 -0.1835
vn -0.0968 0.9563 0.2758
vn -0.0771 -0.9868 0.1427
vn 0.9488 0.0832 0.3046
vn -0.9329 -0.1424 -0.3307
vn 0.1752 -0.8633 -0.4732
vn -0.6031 -0.7255 -0.3315
vn -0.0118 0.9836 0.1801
vn -0.0055 -0.9127 -0.4086
vn 0.0507 0.9846 -0.1676
vn -0.7667 -0.6030 -0.2204
vn 0.1695 0.9776 -0.1249
vn 0.0545 -0.9841 -0.1688
vn 0.2133 -0.9683 -0.1297
vn -0.0211 0.9639 -0.2654
vn 0.3025 -0.9272 -0.2209
vn -0.2447 -0.9127 0.3273
vn -0.0547 0.9840 0.1696
vn 0.9493 -0.1368 0.2831
vn 0.4943 -0.8692 0.0112
vn 0.2063 -0.9734 -0.0994
vn 0.0215 -0.9868 -0.1607
vn -0.9436 -0.1392 -0.3003
vn -0.0857 -0.9961 0.0187
vn -0.0203 -0.9842 0.1760
vn 0.1748 -0.9845 0.0103
vn 0.0141 0.9990 -0.0420
vn 0.0074 0.9864 -0.1640
vn -0.9493 -0.1364 -0.2832
s 0
usemtl glosspink
f 2049//13 2054//13 2055//13 2050//13
f 2065//14 2070//14 2071//14 2066//14
f 2073//15 2078//15 2079//15 2074//15
f 2001//16 2006//16 2007//16 2002//16
f 1929//17 1855//17 1857//17 1930//17
f 2247//16 2252//16 2253//16 2248//16
f 2175//18 2101//18 2103//18 2176//18
f 1873//19 1878//19 1879//19 1874//19
f 2111//20 2116//20 2117//20 2112//20
f 2159//21 2164//21 2165//21 2160//21
f 158//22 1120//22 1330//22 1101//22
f 619//23 613//23 617//23 622//23
f 2239//15 2244//15 2245//15 2240//15
f 1953//24 1958//24 1959//24 1954//24
f 186//25 1053//25 1041//25 190//25
f 1977//26 1982//26 1983//26 1978//26
f 2223//26 2228//26 2229//26 2224//26
f 1073//27 1072//27 1061//27 1062//27
f 2057//28 2062//28 2063//28 2058//28
f 781//29 769//29 1216//29 1220//29
f 323//30 632//30 630//30 631//30
f 2231//31 2236//31 2237//31 2232//31
f 2191//20 2196//20 2197//20 2192//20
f 2135//32 2140//32 2141//32 2136//32
f 378//33 1008//33 1007//33 488//33
f 780//34 779//34 770//34 768//34
f 657//35 836//35 835//35 660//35
f 657//35 820//35 1705//35 836//35
f 2207//36 2212//36 2213//36 2208//36
f 308//37 895//37 893//37 894//37
f 773//38 772//38 775//38 776//38
f 422//39 424//39 1511//39 1512//39
f 1784//40 1782//40 1779//40 1786//40
f 1056//41 1061//41 1063//41 1059//41
f 797//42 955//42 956//42 795//42
f 483//43 713//43 726//43 563//43
f 186//44 190//44 189//44 184//44
f 1058//45 1062//45 1061//45 1056//45
f 2187//46 2186//46 2188//46 2189//46
f 369//47 1647//47 1648//47 362//47
f 1380//48 1383//48 1382//48 1379//48
f 1104//22 1338//22 1332//22 1108//22
f 324//49 321//49 316//49 327//49
f 2058//26 2063//26 2064//26 2059//26
f 2082//16 2087//16 2088//16 2083//16
f 260//50 263//50 1472//50 1473//50
f 772//51 766//51 770//51 775//51
f 425//52 429//52 428//52 423//52
f 204//53 207//53 205//53 206//53
f 1224//54 1223//54 1219//54 1217//54
f 1057//41 1056//41 1059//41 1060//41
f 681//55 1312//55 1313//55 677//55
f 778//40 1784//40 1786//40 776//40
f 783//56 782//56 785//56 786//56
f 700//57 696//57 695//57 698//57
f 1439//57 1438//57 1441//57 1442//57
f 793//58 973//58 961//58 786//58
f 943//59 945//59 1224//59 1225//59
f 955//42 954//42 951//42 956//42
f 2085//16 2090//16 2091//16 2086//16
f 1579//40 1582//40 1777//40 1780//40
f 2165//16 2170//16 2171//16 2166//16
f 2029//20 2034//20 2035//20 2030//20
f 2249//16 2254//16 2255//16 2250//16
f 2201//19 2206//19 2207//19 2202//19
f 1923//60 1928//60 1929//60 1924//60
f 1911//61 1916//61 1917//61 1912//61
f 1787//38 1786//38 1779//38 1778//38
f 181//62 165//62 1092//62 1090//62
f 1466//63 1469//63 1697//63 1698//63
f 445//64 444//64 428//64 429//64
f 692//65 686//65 690//65 695//65
f 783//66 786//66 961//66 959//66
f 943//67 1241//67 1240//67 946//67
f 802//68 807//68 809//68 805//68
f 1801//69 1798//69 1800//69 1802//69
f 205//70 202//70 191//70 189//70
f 782//71 787//71 789//71 785//71
f 185//41 184//41 187//41 188//41
f 1074//72 1077//72 1079//72 1076//72
f 704//73 703//73 688//73 689//73
f 1439//57 1442//57 1681//57 1684//57
f 609//74 781//74 1220//74 1203//74
f 378//75 488//75 487//75 381//75
f 348//76 351//76 349//76 350//76
f 831//77 834//77 1706//77 1707//77
f 356//78 1039//78 1040//78 353//78
f 1484//79 1481//79 1478//79 1487//79
f 1626//80 1622//80 1621//80 1624//80
f 1597//81 1602//81 1604//81 1600//81
f 2149//31 2154//31 2155//31 2150//31
f 179//82 181//82 1090//82 784//82
f 398//83 503//83 502//83 401//83
f 1073//84 1062//84 1292//84 1290//84
f 1361//85 1360//85 1363//85 1362//85
f 477//86 479//86 568//86 569//86
f 1130//87 1142//87 1378//87 1366//87
f 412//88 414//88 523//88 524//88
f 1249//89 1248//89 1250//89 1251//89
f 1428//90 1417//90 1682//90 1680//90
f 208//91 210//91 1613//91 1614//91
f 283//90 1444//90 1443//90 286//90
f 2238//15 2243//15 2244//15 2239//15
f 208//91 211//91 209//91 210//91
f 79//92 75//92 74//92 77//92
f 126//93 129//93 857//93 858//93
f 243//94 237//94 241//94 246//94
f 304//95 307//95 305//95 306//95
f 1480//96 1482//96 1493//96 1491//96
f 306//97 290//97 1431//97 1429//97
f 218//98 212//98 216//98 221//98
f 645//99 796//99 798//99 638//99
f 437//100 539//100 1152//100 1137//100
f 1339//101 1343//101 1344//101 1341//101
f 513//102 511//102 510//102 512//102
f 577//103 749//103 758//103 603//103
f 1553//104 1557//104 1556//104 1551//104
f 1317//105 1310//105 1672//105 1675//105
f 1574//106 1576//106 1587//106 1585//106
f 748//107 747//107 743//107 741//107
f 554//108 556//108 859//108 860//108
f 248//109 409//109 1255//109 1256//109
f 301//110 1403//110 1404//110 297//110
f 762//111 764//111 1767//111 1215//111
f 304//112 306//112 1429//112 707//112
f 418//113 518//113 517//113 421//113
f 474//114 476//114 1287//114 1288//114
f 825//77 822//77 824//77 827//77
f 719//115 715//115 714//115 717//115
f 1284//116 1280//116 1283//116 1285//116
f 554//117 553//117 555//117 556//117
f 276//118 272//118 271//118 274//118
f 60//119 59//119 62//119 63//119
f 502//120 505//120 507//120 504//120
f 593//121 1574//121 1585//121 596//121
f 412//122 1253//122 1252//122 415//122
f 1573//123 1570//123 1572//123 1575//123
f 395//124 391//124 390//124 393//124
f 1252//125 1250//125 1247//125 1254//125
f 595//126 594//126 597//126 598//126
f 1507//127 1509//127 1510//127 1508//127
f 817//128 815//128 814//128 816//128
f 910//129 909//129 900//129 898//129
f 440//130 1136//130 1138//130 436//130
f 1177//131 1181//131 1182//131 1179//131
f 273//132 454//132 850//132 851//132
f 1434//118 1436//118 1447//118 1445//118
f 749//133 742//133 757//133 758//133
f 488//134 1007//134 1009//134 491//134
f 276//118 1449//118 1450//118 272//118
f 1243//135 1246//135 1245//135 1242//135
f 431//136 1140//136 1495//136 1496//136
f 722//132 838//132 837//132 725//132
f 1008//137 1011//137 1010//137 1007//137
f 333//37 336//37 334//37 335//37
f 1399//138 1401//138 1402//138 1400//138
f 127//139 123//139 122//139 125//139
f 889//140 888//140 885//140 890//140
f 1137//141 1135//141 1134//141 1136//141
f 1278//142 1281//142 1283//142 1280//142
f 988//143 984//143 983//143 986//143
f 1215//144 1218//144 1217//144 1214//144
f 485//145 471//145 708//145 712//145
f 498//146 496//146 495//146 497//146
f 1289//147 1282//147 1400//147 1403//147
f 1256//148 1255//148 1245//148 1246//148
f 257//149 402//149 404//149 253//149
f 1366//150 1378//150 1372//150 1364//150
f 318//151 312//151 316//151 321//151
f 1328//152 1327//152 1323//152 1321//152
f 605//124 604//124 601//124 606//124
f 1133//153 1126//153 1125//153 1131//153
f 611//154 610//154 613//154 614//154
f 1471//63 1469//63 1468//63 1470//63
f 1066//155 1060//155 1059//155 1064//155
f 636//156 640//156 639//156 634//156
f 610//154 615//154 617//154 613//154
f 612//30 616//30 615//30 610//30
f 660//157 664//157 663//157 658//157
f 626//23 629//23 1802//23 1803//23
f 633//156 635//156 799//156 800//156
f 837//158 840//158 842//158 839//158
f 486//159 562//159 564//159 482//159
f 831//77 830//77 833//77 834//77
f 830//77 827//77 824//77 833//77
f 800//160 799//160 787//160 788//160
f 1094//161 1091//161 1093//161 1095//161
f 656//162 916//162 917//162 653//162
f 1197//163 1194//163 1196//163 1198//163
f 918//164 917//164 915//164 920//164
f 1069//155 1067//155 1063//155 1071//155
f 200//165 203//165 913//165 916//165
f 953//42 948//42 947//42 952//42
f 699//77 698//77 701//77 702//77
f 207//166 912//166 913//166 203//166
f 2222//26 2227//26 2228//26 2223//26
f 926//167 929//167 1211//167 1212//167
f 609//30 611//30 780//30 781//30
f 935//167 1210//167 1211//167 929//167
f 666//152 668//152 1328//152 1329//152
f 797//42 795//42 794//42 796//42
f 1096//168 1095//168 1093//168 1098//168
f 257//169 253//169 252//169 255//169
f 587//170 746//170 747//170 582//170
f 631//74 616//74 1204//74 1208//74
f 323//74 326//74 324//74 325//74
f 632//154 629//154 628//154 630//154
f 796//171 794//171 789//171 798//171
f 1097//128 1096//128 1098//128 1099//128
f 317//167 934//167 1199//167 320//167
f 934//167 933//167 936//167 937//167
f 195//155 188//155 187//155 193//155
f 195//155 1069//155 1071//155 188//155
f 938//167 936//167 932//167 940//167
f 672//152 1066//152 1064//152 1065//152
f 784//172 1090//172 1091//172 788//172
f 611//154 614//154 779//154 780//154
f 784//173 788//173 787//173 782//173
f 1080//72 1076//72 1079//72 1081//72
f 680//35 664//35 823//35 821//35
f 207//174 203//174 202//174 205//174
f 1253//175 1251//175 1250//175 1252//175
f 1640//176 1637//176 1634//176 1643//176
f 1440//177 1455//177 1447//177 1436//177
f 1008//178 1029//178 1030//178 1011//178
f 372//179 494//179 875//179 876//179
f 985//180 988//180 986//180 987//180
f 1122//181 1127//181 1129//181 1125//181
f 280//182 277//182 266//182 264//182
f 224//183 221//183 216//183 227//183
f 1596//184 1788//184 1789//184 1594//184
f 643//99 637//99 641//99 646//99
f 620//184 619//184 622//184 623//184
f 927//167 952//167 954//167 931//167
f 678//157 681//157 679//157 680//157
f 799//185 798//185 789//185 787//185
f 631//30 630//30 615//30 616//30
f 1324//152 1320//152 1323//152 1325//152
f 2214//13 2219//13 2220//13 2215//13
f 609//30 612//30 610//30 611//30
f 624//184 1606//184 1794//184 627//184
f 323//30 325//30 1801//30 632//30
f 193//186 187//186 191//186 196//186
f 1032//187 1031//187 1033//187 1034//187
f 545//188 544//188 537//188 535//188
f 395//124 605//124 606//124 391//124
f 716//189 719//189 717//189 718//189
f 133//190 129//190 128//190 131//190
f 1273//191 1271//191 1274//191 144//191
f 926//167 925//167 928//167 929//167
f 2146//14 2151//14 2152//14 2147//14
f 226//106 222//106 221//106 224//106
f 722//192 1434//192 1445//192 838//192
f 844//193 843//193 845//193 846//193
f 832//63 1698//63 1699//63 828//63
f 127//194 557//194 559//194 123//194
f 685//195 1306//195 1308//195 689//195
f 829//63 831//63 1707//63 1467//63
f 1700//63 1699//63 1695//63 1694//63
f 817//128 1336//128 1337//128 815//128
f 1336//128 1335//128 1333//128 1337//128
f 832//63 828//63 827//63 830//63
f 952//42 947//42 951//42 954//42
f 925//167 930//167 932//167 928//167
f 1866//196 1871//196 1872//196 1867//196
f 1916//21 1921//21 1922//21 1917//21
f 1456//63 1692//63 1693//63 1454//63
f 267//63 270//63 268//63 269//63
f 935//167 929//167 928//167 933//167
f 1213//197 1206//197 1221//197 1222//197
f 651//167 647//167 646//167 649//167
f 1070//152 1324//152 1325//152 1068//152
f 1915//21 1920//21 1921//21 1916//21
f 1698//63 1697//63 1695//63 1699//63
f 942//167 941//167 930//167 931//167
f 1692//63 1694//63 1695//63 1693//63
f 1452//63 1451//63 1453//63 1454//63
f 621//23 614//23 613//23 619//23
f 624//184 1607//184 1605//184 1606//184
f 231//198 230//198 214//198 215//198
f 1480//199 1479//199 1481//199 1482//199
f 657//157 659//157 819//157 820//157
f 1886//13 1891//13 1892//13 1887//13
f 298//200 1289//200 1403//200 301//200
f 737//201 735//201 734//201 736//201
f 1397//202 1383//202 1652//202 1653//202
f 372//203 375//203 373//203 374//203
f 763//204 768//204 770//204 766//204
f 1624//205 1621//205 1618//205 1627//205
f 892//206 891//206 883//206 884//206
f 725//207 720//207 723//207 722//207
f 408//208 410//208 409//208 248//208
f 151//209 146//209 149//209 148//209
f 49//210 52//210 50//210
f 51//211 53//211 54//211
f 50//212 57//212 53//212
f 50//213 55//213 57//213
f 58//214 59//214 60//214
f 58//215 61//215 59//215
f 61//216 53//216 59//216
f 61//217 54//217 53//217
f 59//218 57//218 62//218
f 59//219 53//219 57//219
f 64//220 65//220 66//220
f 64//221 67//221 65//221
f 66//222 68//222 69//222
f 66//223 65//223 68//223
f 67//224 62//224 65//224
f 67//225 63//225 62//225
f 65//226 57//226 68//226
f 65//227 62//227 57//227
f 70//228 71//228 72//228
f 70//229 73//229 71//229
f 71//230 57//230 74//230
f 71//231 68//231 57//231
f 76//232 77//232 78//232
f 76//233 79//233 77//233
f 77//234 57//234 80//234
f 77//235 74//235 57//235
f 82//236 83//236 84//236
f 82//237 85//237 83//237
f 84//238 86//238 87//238
f 84//239 83//239 86//239
f 85//240 80//240 83//240
f 85//241 81//241 80//241
f 83//242 57//242 86//242
f 83//243 80//243 57//243
f 88//244 89//244 90//244
f 88//245 91//245 89//245
f 90//246 92//246 93//246
f 90//247 89//247 92//247
f 114//248 113//248 116//248 117//248
f 89//249 57//249 92//249
f 89//250 86//250 57//250
f 94//251 95//251 96//251
f 682//252 685//252 683//252 684//252
f 97//253 93//253 92//253
f 95//254 57//254 98//254
f 95//255 92//255 57//255
f 100//256 101//256 102//256
f 100//257 103//257 101//257
f 102//258 104//258 105//258
f 102//259 101//259 104//259
f 103//260 98//260 101//260
f 103//261 99//261 98//261
f 101//262 57//262 104//262
f 101//263 98//263 57//263
f 106//264 109//264 107//264
f 108//265 110//265 111//265
f 96//266 95//266 98//266 99//266
f 107//267 57//267 110//267
f 107//268 104//268 57//268
f 112//269 113//269 114//269
f 112//270 115//270 113//270
f 115//271 110//271 113//271
f 115//272 111//272 110//272
f 113//273 57//273 116//273
f 113//274 110//274 57//274
f 118//275 119//275 120//275
f 118//276 121//276 119//276
f 120//277 122//277 123//277
f 120//278 119//278 122//278
f 121//279 116//279 119//279
f 121//280 117//280 116//280
f 119//281 57//281 122//281
f 119//282 116//282 57//282
f 124//283 125//283 126//283
f 124//284 127//284 125//284
f 125//285 57//285 128//285
f 125//286 122//286 57//286
f 130//287 131//287 132//287
f 130//288 133//288 131//288
f 73//289 69//289 68//289 71//289
f 131//290 57//290 134//290
f 131//291 128//291 57//291
f 136//292 137//292 138//292
f 136//293 139//293 137//293
f 138//294 140//294 141//294
f 138//295 137//295 140//295
f 139//296 134//296 137//296
f 139//297 135//297 134//297
f 137//298 57//298 140//298
f 137//299 134//299 57//299
f 142//300 143//300 144//300
f 142//301 145//301 143//301
f 144//302 146//302 147//302
f 144//303 143//303 146//303
f 143//304 57//304 146//304
f 143//305 140//305 57//305
f 148//306 149//306 150//306
f 52//307 56//307 55//307 50//307
f 151//308 147//308 146//308
f 149//309 57//309 152//309
f 149//310 146//310 57//310
f 154//311 155//311 156//311
f 154//312 157//312 155//312
f 156//313 55//313 56//313
f 156//314 155//314 55//314
f 157//315 152//315 155//315
f 157//316 153//316 152//316
f 155//317 57//317 55//317
f 155//318 152//318 57//318
f 1739//319 1738//319 1740//319 1741//319
f 320//163 313//163 312//163 318//163
f 654//162 652//162 641//162 639//162
f 223//121 224//121 225//121
f 223//121 226//121 224//121
f 225//320 227//320 228//320
f 225//321 224//321 227//321
f 1433//322 1430//322 1432//322 1435//322
f 232//323 227//323 230//323
f 232//324 228//324 227//324
f 1345//325 1348//325 1346//325 1347//325
f 342//76 345//76 343//76 344//76
f 877//326 1176//326 1619//326 1620//326
f 250//327 252//327 253//327
f 250//328 249//328 252//328
f 1475//329 1477//329 1478//329 1476//329
f 273//192 274//192 275//192
f 273//192 276//192 274//192
f 275//330 277//330 278//330
f 275//331 274//331 277//331
f 282//332 277//332 280//332
f 282//333 278//333 277//333
f 1614//334 1603//334 1808//334 1806//334
f 1630//335 1806//335 1807//335 1628//335
f 1389//76 1392//76 1390//76 1391//76
f 1421//336 1415//336 1414//336 1419//336
f 307//337 303//337 302//337 305//337
f 300//338 302//338 303//338
f 300//339 299//339 302//339
f 1479//340 1476//340 1478//340 1481//340
f 1166//341 1615//341 1616//341 1169//341
f 1212//197 1211//197 1207//197 1205//197
f 329//342 330//342 331//342
f 329//343 332//343 330//343
f 895//37 899//37 898//37 893//37
f 1658//76 1830//76 1831//76 1656//76
f 1839//76 1837//76 1836//76 1838//76
f 351//76 1838//76 1840//76 347//76
f 232//344 384//344 228//344
f 232//345 382//345 384//345
f 382//346 387//346 384//346
f 382//347 385//347 387//347
f 223//348 225//348 388//348
f 389//126 390//126 391//126
f 225//349 228//349 384//349
f 388//126 387//126 390//126
f 393//350 387//350 396//350
f 393//351 390//351 387//351
f 401//352 397//352 396//352
f 399//353 387//353 385//353
f 402//354 407//354 404//354
f 402//355 405//355 407//355
f 248//356 250//356 408//356
f 409//357 410//357 411//357
f 1368//358 1360//358 1358//358 1369//358
f 250//359 253//359 404//359
f 408//360 407//360 410//360
f 415//361 410//361 413//361
f 415//362 411//362 410//362
f 413//363 407//363 416//363
f 413//364 410//364 407//364
f 421//365 417//365 416//365
f 419//366 407//366 405//366
f 366//367 369//367 367//367 368//367
f 1038//368 1034//368 1033//368 1036//368
f 282//369 449//369 278//369
f 282//370 447//370 449//370
f 447//371 452//371 449//371
f 447//372 450//372 452//372
f 273//132 275//132 453//132
f 454//158 455//158 456//158
f 275//373 278//373 449//373
f 453//158 452//158 455//158
f 458//374 452//374 461//374
f 458//375 455//375 452//375
f 756//376 755//376 757//376 739//376
f 466//377 462//377 461//377
f 464//378 452//378 450//378
f 467//379 472//379 469//379
f 467//380 470//380 472//380
f 298//381 300//381 473//381
f 474//382 475//382 476//382
f 300//383 303//383 469//383
f 473//384 472//384 475//384
f 1366//385 1364//385 1363//385 1365//385
f 480//386 475//386 478//386
f 480//387 476//387 475//387
f 478//388 472//388 481//388
f 478//389 475//389 472//389
f 486//390 482//390 481//390
f 484//391 472//391 470//391
f 995//392 997//392 998//392 996//392
f 988//393 1005//393 997//393 984//393
f 1016//394 1015//394 1017//394 1018//394
f 1015//395 1014//395 1012//395 1017//395
f 154//396 500//396 501//396
f 154//397 156//397 500//397
f 501//398 490//398 491//398
f 501//399 500//399 490//399
f 156//400 499//400 500//400
f 156//401 56//401 499//401
f 739//402 742//402 741//402 738//402
f 503//403 505//403 502//403
f 503//404 506//404 505//404
f 736//405 734//405 729//405 728//405
f 132//406 135//406 731//406 732//406
f 733//407 732//407 734//407 735//407
f 64//408 515//408 516//408
f 64//409 66//409 515//409
f 516//410 505//410 506//410
f 516//411 515//411 505//411
f 66//412 514//412 515//412
f 66//413 69//413 514//413
f 515//414 507//414 505//414
f 515//415 514//415 507//415
f 1362//416 1364//416 1372//416 1370//416
f 518//417 520//417 517//417
f 518//418 521//418 520//418
f 517//419 522//419 519//419
f 517//420 520//420 522//420
f 524//421 525//421 526//421
f 524//422 523//422 525//422
f 523//423 522//423 525//423
f 523//424 519//424 522//424
f 88//425 527//425 91//425
f 88//426 528//426 527//426
f 91//427 529//427 87//427
f 91//428 527//428 529//428
f 528//429 525//429 527//429
f 528//430 526//430 525//430
f 527//431 522//431 529//431
f 527//432 525//432 522//432
f 82//433 530//433 531//433
f 82//434 84//434 530//434
f 531//435 520//435 521//435
f 531//436 530//436 520//436
f 84//437 529//437 530//437
f 84//438 87//438 529//438
f 530//439 522//439 520//439
f 530//440 529//440 522//440
f 487//441 490//441 492//441 489//441
f 100//442 545//442 546//442
f 100//443 102//443 545//443
f 546//444 535//444 536//444
f 546//445 545//445 535//445
f 102//446 544//446 545//446
f 102//447 105//447 544//447
f 999//448 996//448 998//448 1000//448
f 548//449 550//449 547//449
f 548//450 551//450 550//450
f 118//451 560//451 561//451
f 118//452 120//452 560//452
f 561//453 550//453 551//453
f 561//454 560//454 550//454
f 120//455 559//455 560//455
f 120//456 123//456 559//456
f 560//457 552//457 550//457
f 560//458 559//458 552//458
f 563//459 565//459 562//459
f 563//460 566//460 565//460
f 562//461 567//461 564//461
f 562//462 565//462 567//462
f 569//463 570//463 571//463
f 569//464 568//464 570//464
f 568//465 567//465 570//465
f 568//466 564//466 567//466
f 142//467 572//467 145//467
f 142//468 573//468 572//468
f 145//469 574//469 141//469
f 145//470 572//470 574//470
f 573//471 570//471 572//471
f 573//472 571//472 570//472
f 572//473 567//473 574//473
f 572//474 570//474 567//474
f 136//475 575//475 576//475
f 136//476 138//476 575//476
f 576//477 565//477 566//477
f 576//478 575//478 565//478
f 138//479 574//479 575//479
f 138//480 141//480 574//480
f 575//481 567//481 565//481
f 575//482 574//482 567//482
f 76//483 586//483 79//483
f 858//484 859//484 558//484 124//484
f 587//485 582//485 581//485
f 733//486 853//486 856//486 130//486
f 70//487 72//487 589//487
f 513//488 590//488 511//488
f 718//489 721//489 839//489 843//489
f 680//157 679//157 663//157 664//157
f 1858//490 1866//490 1867//490 1860//490
f 2198//491 2203//491 2204//491 2199//491
f 1086//152 1319//152 1318//152 1089//152
f 194//492 193//492 196//492 197//492
f 618//184 621//184 619//184 620//184
f 645//99 638//99 637//99 643//99
f 1087//492 1084//492 1079//492 1077//492
f 283//90 1428//90 1680//90 1444//90
f 512//493 510//493 507//493 514//493
f 707//494 709//494 706//494
f 707//495 710//495 709//495
f 706//372 711//372 708//372
f 706//496 709//496 711//496
f 398//497 401//497 399//497 400//497
f 713//498 714//498 715//498
f 712//499 708//499 711//499
f 394//500 393//500 396//500 397//500
f 717//501 711//501 720//501
f 717//502 714//502 711//502
f 722//132 723//132 724//132
f 724//503 709//503 710//503
f 725//158 721//158 720//158
f 723//158 720//158 711//158
f 563//504 727//504 566//504
f 563//505 726//505 727//505
f 136//506 730//506 139//506
f 136//507 576//507 730//507
f 139//508 731//508 135//508
f 139//509 730//509 731//509
f 576//510 727//510 730//510
f 576//511 566//511 727//511
f 730//512 729//512 731//512
f 730//513 727//513 729//513
f 518//514 740//514 521//514
f 518//515 738//515 740//515
f 547//516 550//516 552//516 549//516
f 82//517 744//517 85//517
f 82//518 531//518 744//518
f 85//519 745//519 81//519
f 85//520 744//520 745//520
f 531//521 740//521 744//521
f 531//522 521//522 740//522
f 744//523 743//523 745//523
f 744//524 740//524 743//524
f 751//525 753//525 750//525
f 751//526 754//526 753//526
f 750//347 755//347 752//347
f 750//527 753//527 755//527
f 739//528 757//528 742//528
f 756//529 752//529 755//529
f 460//489 456//489 455//489 458//489
f 758//530 755//530 759//530
f 758//531 757//531 755//531
f 593//348 760//348 761//348
f 761//532 753//532 754//532
f 723//533 711//533 709//533 724//533
f 595//126 598//126 759//126
f 760//126 759//126 755//126
f 1568//534 1557//534 1778//534 1776//534
f 666//152 669//152 667//152 668//152
f 945//535 948//535 1223//535 1224//535
f 319//197 322//197 1209//197 1210//197
f 655//156 654//156 639//156 640//156
f 801//536 802//536 803//536
f 801//537 804//537 802//537
f 1086//152 1088//152 1096//152 1097//152
f 217//184 220//184 218//184 219//184
f 618//184 620//184 1796//184 1785//184
f 699//77 702//77 822//77 825//77
f 223//348 389//348 607//348 608//348
f 593//348 596//348 594//348 595//348
f 594//126 599//126 601//126 597//126
f 509//538 511//538 590//538 591//538
f 109//539 542//539 544//539 105//539
f 130//540 856//540 133//540
f 733//541 735//541 853//541
f 589//542 588//542 585//542 590//542
f 124//543 126//543 858//543
f 558//544 859//544 556//544
f 79//545 586//545 588//545 75//545
f 863//546 865//546 866//546
f 863//547 862//547 865//547
f 862//548 869//548 865//548
f 862//549 867//549 869//549
f 58//550 870//550 61//550
f 58//551 871//551 870//551
f 61//552 872//552 54//552
f 1147//553 1146//553 1149//553 115//553
f 871//554 865//554 870//554
f 871//555 866//555 865//555
f 870//556 865//556 869//556
f 148//557 1016//557 1272//557 151//557
f 1016//558 1018//558 1268//558 1272//558
f 51//559 872//559 873//559
f 51//560 54//560 872//560
f 873//561 869//561 874//561
f 873//562 872//562 869//562
f 1019//563 1267//563 1266//563 1022//563
f 875//549 869//549 867//549
f 875//564 874//564 869//564
f 298//565 474//565 1288//565 1289//565
f 1288//566 1287//566 1283//566 1281//566
f 477//567 1277//567 1286//567 480//567
f 415//568 1252//568 1254//568 411//568
f 1286//569 1285//569 1283//569 1287//569
f 985//570 987//570 1248//570 1249//570
f 1279//571 1282//571 1281//571 1278//571
f 1242//572 1245//572 1247//572 1244//572
f 1730//319 1728//319 1725//319 1732//319
f 1111//573 1105//573 1109//573 1114//573
f 1560//319 1559//319 1562//319 1563//319
f 907//574 905//574 900//574 909//574
f 1049//575 1048//575 1051//575 1052//575
f 333//37 335//37 910//37 911//37
f 816//576 814//576 809//576 818//576
f 1908//61 1913//61 1914//61 1909//61
f 648//167 651//167 649//167 650//167
f 667//577 661//577 665//577 670//577
f 1070//152 1068//152 1067//152 1069//152
f 946//59 950//59 949//59 944//59
f 1201//578 1200//578 1196//578 1195//578
f 934//167 937//167 1198//167 1199//167
f 919//163 921//163 1194//163 1197//163
f 1739//579 1741//579 1748//579 1746//579
f 1538//319 1746//319 1747//319 1536//319
f 1734//319 1736//319 1737//319 1735//319
f 357//580 1024//580 1023//580 360//580
f 1029//581 1025//581 1028//581 1030//581
f 431//582 434//582 432//582 433//582
f 100//583 999//583 103//583
f 100//584 546//584 999//584
f 103//585 1000//585 99//585
f 103//586 999//586 1000//586
f 546//587 996//587 999//587
f 546//588 536//588 996//588
f 543//589 541//589 540//589 542//589
f 852//590 854//590 855//590 853//590
f 1021//591 1020//591 1010//591 1011//591
f 446//592 532//592 534//592 442//592
f 154//593 1013//593 157//593
f 154//594 501//594 1013//594
f 157//595 1014//595 153//595
f 157//596 1013//596 1014//596
f 501//597 1009//597 1013//597
f 501//598 491//598 1009//598
f 52//599 497//599 499//599 56//599
f 423//600 428//600 430//600 426//600
f 1743//319 1741//319 1740//319 1742//319
f 1842//76 1844//76 1845//76 1843//76
f 1406//76 1408//76 1661//76 1665//76
f 345//574 338//574 337//574 343//574
f 1750//319 1747//319 1749//319 1752//319
f 1055//601 1317//601 1675//601 1305//601
f 812//602 815//602 1337//602 1338//602
f 1097//128 1099//128 1331//128 1334//128
f 939//167 1197//167 1198//167 937//167
f 1199//163 1198//163 1196//163 1200//163
f 1330//602 1332//602 1333//602 1331//602
f 1193//578 1195//578 1196//578 1194//578
f 1089//152 1085//152 1084//152 1087//152
f 198//156 200//156 916//156 656//156
f 666//152 1329//152 1336//152 817//152
f 1088//492 1078//492 1095//492 1096//492
f 923//578 921//578 920//578 922//578
f 1506//319 1504//319 1503//319 1505//319
f 292//76 1406//76 1665//76 1425//76
f 170//573 1116//573 1118//573 163//573
f 1113//573 1106//573 1105//573 1111//573
f 1047//76 1049//76 1294//76 1295//76
f 1116//573 1114//573 1109//573 1118//573
f 1300//575 1299//575 1302//575 1303//575
f 1102//603 1107//603 1109//603 1105//603
f 160//603 163//603 1118//603 1119//603
f 861//604 887//604 886//604 864//604
f 864//605 886//605 888//605 868//605
f 480//606 1286//606 1287//606 476//606
f 366//607 368//607 891//607 892//607
f 1038//608 1278//608 1280//608 1034//608
f 1142//609 1143//609 1144//609
f 1142//610 1141//610 1143//610
f 1253//611 1265//611 1259//611 1251//611
f 1141//612 1146//612 1143//612
f 1141//613 1145//613 1146//613
f 112//614 1147//614 115//614
f 112//615 1148//615 1147//615
f 115//616 1149//616 111//616
f 1148//617 1143//617 1147//617
f 1148//618 1144//618 1143//618
f 1147//619 1143//619 1146//619
f 108//620 1149//620 1150//620
f 108//621 111//621 1149//621
f 1150//622 1146//622 1151//622
f 1150//623 1149//623 1146//623
f 985//624 1249//624 1257//624 1006//624
f 1152//613 1146//613 1145//613
f 1152//625 1151//625 1146//625
f 503//626 1155//626 506//626
f 503//627 1153//627 1155//627
f 1153//628 1158//628 1155//628
f 1153//629 1156//629 1158//629
f 64//630 1159//630 67//630
f 64//631 516//631 1159//631
f 67//632 1160//632 63//632
f 67//633 1159//633 1160//633
f 516//634 1155//634 1159//634
f 516//635 506//635 1155//635
f 1159//636 1158//636 1160//636
f 1159//637 1155//637 1158//637
f 58//638 1161//638 871//638
f 58//639 60//639 1161//639
f 871//640 1162//640 866//640
f 871//641 1161//641 1162//641
f 60//642 1160//642 1161//642
f 60//643 63//643 1160//643
f 1161//644 1158//644 1162//644
f 1161//645 1160//645 1158//645
f 863//646 1162//646 1163//646
f 863//647 866//647 1162//647
f 1163//648 1158//648 1156//648
f 1163//649 1162//649 1158//649
f 307//650 467//650 469//650 303//650
f 1165//651 1170//651 1167//651
f 1165//652 1168//652 1170//652
f 1154//653 1172//653 1157//653
f 1171//654 1167//654 1170//654
f 887//655 1174//655 882//655
f 887//656 1173//656 1174//656
f 1173//657 1170//657 1174//657
f 1173//658 1172//658 1170//658
f 877//659 1175//659 1176//659
f 1123//660 1367//660 1368//660 1121//660
f 1176//661 1168//661 1169//661
f 469//662 472//662 473//662 300//662
f 879//663 882//663 1174//663
f 1175//664 1174//664 1170//664
f 901//76 1190//76 1189//76
f 904//574 1191//574 897//574
f 1190//665 1188//665 1187//665
f 1189//666 1182//666 1191//666
f 893//129 898//129 900//129 896//129
f 1101//602 1099//602 1098//602 1100//602
f 1083//152 1085//152 1320//152 1324//152
f 644//167 647//167 940//167 941//167
f 924//167 926//167 1212//167 1213//167
f 308//667 311//667 309//667 310//667
f 1329//152 1322//152 1335//152 1336//152
f 192//152 194//152 1082//152 1083//152
f 762//668 1214//668 765//668
f 762//669 1215//669 1214//669
f 804//670 808//670 807//670 802//670
f 1241//671 1771//671 1772//671 1239//671
f 1406//76 1405//76 1407//76 1408//76
f 969//672 972//672 1227//672 1230//672
f 1731//319 1729//319 1728//319 1730//319
f 1230//672 1227//672 1229//672 1232//672
f 946//67 1240//67 1228//67 950//67
f 876//673 868//673 888//673 889//673
f 1130//674 1133//674 1131//674 1132//674
f 886//675 881//675 885//675 888//675
f 879//676 878//676 881//676 882//676
f 1257//677 1260//677 1258//677
f 1257//678 1259//678 1260//678
f 97//679 1262//679 93//679
f 97//680 1261//680 1262//680
f 543//681 1150//681 1151//681 541//681
f 1261//682 1260//682 1262//682
f 1261//683 1258//683 1260//683
f 88//684 1263//684 528//684
f 88//685 90//685 1263//685
f 528//686 1264//686 526//686
f 528//687 1263//687 1264//687
f 90//688 93//688 1262//688
f 1263//689 1260//689 1264//689
f 1130//690 1132//690 1141//690 1142//690
f 1277//691 1276//691 1269//691 1270//691
f 524//692 1264//692 1265//692
f 524//693 526//693 1264//693
f 1265//678 1260//678 1259//678
f 1265//694 1264//694 1260//694
f 1266//695 1271//695 1268//695
f 1266//696 1269//696 1271//696
f 94//697 1002//697 1261//697 97//697
f 151//698 1273//698 147//698
f 151//699 1272//699 1273//699
f 1272//700 1271//700 1273//700
f 1272//701 1268//701 1271//701
f 142//702 1274//702 573//702
f 142//703 144//703 1274//703
f 573//704 1275//704 571//704
f 573//705 1274//705 1275//705
f 144//706 147//706 1273//706
f 1274//707 1271//707 1275//707
f 569//708 1275//708 1276//708
f 569//709 571//709 1275//709
f 1276//696 1271//696 1269//696
f 1276//710 1275//710 1271//710
f 1139//711 1138//711 1129//711 1127//711
f 1248//712 1244//712 1247//712 1250//712
f 1132//713 1131//713 1134//713 1135//713
f 880//714 884//714 883//714 878//714
f 409//715 411//715 1254//715 1255//715
f 1255//716 1254//716 1247//716 1245//716
f 1047//76 1295//76 1669//76 1670//76
f 1301//76 1297//76 1296//76 1299//76
f 902//574 896//574 900//574 905//574
f 1299//717 1296//717 1293//717 1302//717
f 170//573 163//573 162//573 168//573
f 1501//319 1500//319 1503//319 1504//319
f 894//129 893//129 896//129 897//129
f 682//718 1306//718 685//718
f 682//719 1307//719 1306//719
f 669//577 662//577 661//577 667//577
f 675//152 1326//152 1327//152 671//152
f 648//167 650//167 918//167 919//167
f 651//167 938//167 940//167 647//167
f 1202//720 1205//720 1207//720 1204//720
f 668//152 671//152 1327//152 1328//152
f 1345//325 1347//325 1721//325 1459//325
f 1490//721 1488//721 1487//721 1489//721
f 1110//319 1352//319 1351//319
f 1113//573 1353//573 1106//573
f 1352//722 1350//722 1349//722
f 1351//723 1344//723 1353//723
f 1355//724 1360//724 1357//724
f 1355//725 1358//725 1360//725
f 1362//726 1363//726 1364//726
f 1361//727 1357//727 1360//727
f 477//728 480//728 478//728 479//728
f 1133//729 1367//729 1126//729
f 1133//730 1365//730 1367//730
f 414//731 413//731 416//731 417//731
f 1365//732 1360//732 1367//732
f 1365//733 1363//733 1360//733
f 1121//734 1368//734 1369//734
f 473//735 475//735 474//735 298//735
f 1369//736 1358//736 1359//736
f 248//737 251//737 249//737 250//737
f 1123//738 1126//738 1367//738
f 1368//739 1367//739 1360//739
f 548//740 1371//740 551//740
f 548//741 1370//741 1371//741
f 1370//742 1373//742 1371//742
f 1370//743 1372//743 1373//743
f 118//744 1374//744 121//744
f 118//745 561//745 1374//745
f 121//746 1375//746 117//746
f 121//747 1374//747 1375//747
f 561//748 1371//748 1374//748
f 561//749 551//749 1371//749
f 1374//750 1373//750 1375//750
f 1374//751 1371//751 1373//751
f 112//752 1376//752 1148//752
f 112//753 114//753 1376//753
f 1148//754 1377//754 1144//754
f 1148//755 1376//755 1377//755
f 114//756 1375//756 1376//756
f 114//757 117//757 1375//757
f 1376//758 1373//758 1377//758
f 1376//759 1375//759 1373//759
f 1142//760 1377//760 1378//760
f 1142//761 1144//761 1377//761
f 1378//762 1373//762 1372//762
f 1378//763 1377//763 1373//763
f 976//764 1523//764 1524//764 979//764
f 1391//76 1393//76 1394//76
f 1534//765 1530//765 1529//765 1532//765
f 1390//766 1387//766 1384//766
f 1515//319 1518//319 1516//319 1517//319
f 1654//76 1653//76 1655//76 1656//76
f 366//767 892//767 1635//767 1636//767
f 892//768 884//768 1632//768 1635//768
f 1495//769 1492//769 1494//769 1497//769
f 877//770 1620//770 1631//770 880//770
f 1620//771 1622//771 1633//771 1631//771
f 880//772 1631//772 1632//772 884//772
f 1425//76 1665//76 1666//76 1423//76
f 1420//76 1419//76 1422//76 1423//76
f 1531//319 1534//319 1532//319 1533//319
f 285//773 284//773 287//773 288//773
f 1428//774 1427//774 1416//774 1417//774
f 1427//773 1426//773 1418//773 1416//773
f 1483//319 1715//319 1722//319 1506//319
f 1110//319 1719//319 1718//319 1352//319
f 292//76 1424//76 295//76
f 295//336 1426//336 288//336
f 1425//76 1423//76 1422//76
f 1424//336 1422//336 1418//336
f 283//774 286//774 284//774 285//774
f 283//774 285//774 1427//774 1428//774
f 1411//773 1416//773 1418//773 1414//773
f 229//775 232//775 230//775 231//775
f 707//776 1430//776 710//776
f 707//777 1429//777 1430//777
f 722//192 1433//192 1434//192
f 722//192 724//192 1433//192
f 724//778 1430//778 1433//778
f 724//779 710//779 1430//779
f 829//63 1466//63 1698//63 832//63
f 1607//780 1803//780 1804//780 1601//780
f 693//781 692//781 695//781 696//781
f 209//782 214//782 216//782 212//782
f 596//121 1585//121 1586//121 600//121
f 924//167 927//167 925//167 926//167
f 1437//63 1440//63 1438//63 1439//63
f 1437//63 1456//63 1455//63 1440//63
f 1474//783 1473//783 1462//783 1463//783
f 258//784 260//784 1473//784 1474//784
f 1437//63 1685//63 1692//63 1456//63
f 1899//14 1904//14 1905//14 1900//14
f 1466//63 1465//63 1468//63 1469//63
f 1345//784 1459//784 1457//784 1458//784
f 1345//783 1458//783 1709//783 1348//783
f 1369//785 1476//785 1479//785
f 1369//786 1359//786 1476//786
f 249//787 246//787 241//787 252//787
f 1766//319 1765//319 1761//319 1760//319
f 233//104 236//104 234//104 235//104
f 861//788 1164//788 1173//788 887//788
f 251//789 1543//789 1544//789 247//789
f 1762//319 1759//319 1761//319 1763//319
f 342//76 1827//76 1826//76 908//76
f 1389//76 1391//76 1846//76 1660//76
f 1483//319 1506//319 1505//319 1486//319
f 1665//76 1661//76 1664//76 1666//76
f 1390//790 1384//790 1393//790 1391//790
f 1522//791 1520//791 1519//791
f 1521//792 1510//792 1509//792
f 1037//793 1027//793 1381//793 1385//793
f 1533//319 1535//319 1536//319
f 1532//794 1529//794 1526//794
f 1743//579 1757//579 1748//579 1741//579
f 1738//319 1735//319 1737//319 1740//319
f 1298//76 1421//76 1419//76 1420//76
f 1231//319 1233//319 1765//319 1766//319
f 1546//319 1545//319 1547//319 1548//319
f 771//104 1552//104 1775//104 774//104
f 167//319 1117//319 1116//319 170//319
f 245//795 238//795 237//795 243//795
f 1561//795 1555//795 1554//795 1559//795
f 242//319 1564//319 245//319
f 245//795 1566//795 238//795
f 1565//319 1563//319 1562//319
f 1564//795 1562//795 1558//795
f 1551//796 1556//796 1558//796 1554//796
f 751//797 1570//797 754//797
f 751//798 1569//798 1570//798
f 593//121 1573//121 1574//121
f 593//121 761//121 1573//121
f 761//799 1570//799 1573//799
f 761//800 754//800 1570//800
f 1457//50 1462//50 1464//50 1460//50
f 697//63 826//63 1700//63 1689//63
f 1599//91 1603//91 1602//91 1597//91
f 1183//91 1598//91 1805//91 1186//91
f 624//184 627//184 625//184 626//184
f 1577//184 1596//184 1595//184 1580//184
f 1606//184 1605//184 1608//184 1609//184
f 305//801 302//801 291//801 289//801
f 1176//802 1616//802 1619//802
f 1176//803 1169//803 1616//803
f 208//334 1614//334 1806//334 1630//334
f 1185//335 1184//335 1187//335 1188//335
f 1140//804 1128//804 1492//804 1495//804
f 1823//76 1825//76 1832//76 1830//76
f 342//76 908//76 907//76 345//76
f 1715//319 1717//319 1724//319 1722//319
f 1519//805 1510//805 1521//805 1522//805
f 1658//76 1656//76 1655//76
f 1657//806 1650//806 1649//806
f 1389//76 1659//76 1410//76
f 1410//76 1661//76 1408//76
f 1660//76 1663//76 1662//76
f 1659//76 1662//76 1664//76
f 967//319 970//319 968//319 969//319
f 1112//319 1111//319 1114//319 1115//319
f 1117//319 1730//319 1732//319 1115//319
f 1295//76 1294//76 1296//76 1297//76
f 1298//76 1667//76 1301//76
f 1301//76 1668//76 1297//76
f 1764//319 1761//319 1765//319 1237//319
f 1420//76 1423//76 1666//76
f 1667//76 1666//76 1664//76
f 1506//319 1722//319 1723//319 1504//319
f 1818//76 1820//76 1821//76 1819//76
f 1055//601 1305//601 1304//601 1058//601
f 1298//807 1677//807 1421//807
f 1421//336 1678//336 1415//336
f 1300//808 1303//808 1676//808
f 1677//809 1676//809 1674//809
f 691//774 1413//774 1411//774 1412//774
f 1412//773 1411//773 1414//773 1415//773
f 691//90 693//90 1691//90 1413//90
f 693//781 696//781 1690//781 1691//781
f 1413//810 1691//810 1682//810 1417//810
f 2021//46 2020//46 2022//46 2023//46
f 1689//63 1687//63 1686//63 1688//63
f 700//57 1688//57 1690//57 696//57
f 217//184 1611//184 1610//184 220//184
f 220//780 1610//780 1612//780 213//780
f 691//90 694//90 692//90 693//90
f 1437//63 1439//63 1684//63 1685//63
f 1689//63 1700//63 1694//63 1687//63
f 267//63 1471//63 1470//63 270//63
f 1903//31 1908//31 1909//31 1904//31
f 829//63 1467//63 1465//63 1466//63
f 1471//63 1696//63 1697//63 1469//63
f 1696//63 1693//63 1695//63 1697//63
f 1685//63 1684//63 1686//63 1687//63
f 2050//13 2055//13 2056//13 2051//13
f 1456//63 1454//63 1453//63 1455//63
f 270//811 263//811 262//811 268//811
f 260//50 259//50 262//50 263//50
f 1630//335 1628//335 1627//335 1629//335
f 1459//325 1721//325 1712//325 1463//325
f 1565//319 1562//319 1564//319 242//319
f 1483//319 1485//319 1714//319
f 1715//319 1716//319 1717//319
f 1485//722 1488//722 1711//722
f 1714//722 1713//722 1716//722
f 1567//796 1566//796 1558//796 1556//796
f 1110//319 1113//319 1111//319 1112//319
f 1499//319 1502//319 1500//319 1501//319
f 1639//76 1823//76 1830//76 1658//76
f 1499//319 1501//319 1726//319
f 1727//319 1728//319 1729//319
f 1501//319 1504//319 1723//319
f 1726//319 1725//319 1728//319
f 1231//319 1230//319 1232//319 1233//319
f 1420//76 1666//76 1667//76 1298//76
f 1110//319 1112//319 1733//319
f 1719//319 1724//319 1717//319
f 1667//76 1664//76 1668//76 1301//76
f 1112//319 1115//319 1732//319
f 1733//319 1725//319 1724//319
f 169//319 168//319 171//319 172//319
f 1395//76 1835//76 1842//76 1398//76
f 1515//319 1517//319 1738//319 1739//319
f 1742//319 1740//319 1737//319 1744//319
f 173//319 176//319 174//319 175//319
f 1841//76 1832//76 1827//76 342//76
f 167//319 169//319 1745//319
f 1731//319 1736//319 1729//319
f 169//319 172//319 1744//319
f 1745//319 1737//319 1736//319
f 1746//319 1748//319 1749//319 1747//319
f 1515//579 1739//579 1746//579 1538//579
f 1044//76 1046//76 1849//76 1850//76
f 1234//319 1561//319 1559//319 1560//319
f 970//319 966//319 965//319 968//319
f 1533//319 1536//319 1747//319 1750//319
f 967//319 1754//319 970//319
f 1670//76 1847//76 1848//76 1047//76
f 970//319 1756//319 966//319
f 1744//319 1737//319 1745//319 169//319
f 1755//319 1753//319 1752//319
f 1754//319 1752//319 1749//319
f 1515//579 1538//579 1537//579 1518//579
f 1757//319 1756//319 1749//319 1748//319
f 1538//319 1536//319 1535//319 1537//319
f 1531//319 1758//319 1550//319
f 1550//319 1759//319 1548//319
f 1751//319 1753//319 1760//319
f 1758//319 1760//319 1761//319
f 242//319 244//319 1545//319 1546//319
f 1639//76 1658//76 1657//76 1642//76
f 167//319 1731//319 1730//319 1117//319
f 1234//319 1764//319 1237//319
f 1237//319 1765//319 1233//319
f 1828//76 1821//76 1829//76 903//76
f 1560//319 1563//319 1763//319
f 1764//319 1763//319 1761//319
f 1755//319 1766//319 1760//319 1753//319
f 1531//319 1533//319 1750//319 1751//319
f 1190//665 1814//665 1816//665 1188//665
f 1410//76 1408//76 1407//76 1409//76
f 1234//319 1773//319 1561//319
f 602//124 597//124 601//124 604//124
f 1561//795 1774//795 1555//795
f 1236//672 1239//672 1772//672
f 1773//812 1772//812 1770//812
f 1552//796 1551//796 1554//796 1555//796
f 258//784 261//784 259//784 260//784
f 773//38 776//38 1786//38 1787//38
f 1781//184 1783//184 1790//184 1788//184
f 771//534 774//534 772//534 773//534
f 233//534 1568//534 1776//534 1584//534
f 1577//184 1579//184 1780//184 1781//184
f 1785//184 1796//184 1790//184 1783//184
f 1900//14 1905//14 1906//14 1901//14
f 1611//184 1609//184 1608//184 1610//184
f 620//184 623//184 1795//184 1796//184
f 1611//184 1792//184 1793//184 1609//184
f 1895//26 1900//26 1901//26 1896//26
f 826//63 828//63 1699//63 1700//63
f 1785//184 1783//184 1782//184 1784//184
f 1794//184 1793//184 1791//184 1795//184
f 220//780 213//780 212//780 218//780
f 1614//91 1613//91 1602//91 1603//91
f 210//81 209//81 212//81 213//81
f 1806//335 1808//335 1809//335 1807//335
f 1817//335 1816//335 1809//335 1808//335
f 1623//76 1625//76 1810//76
f 1811//76 1812//76 1813//76
f 1625//665 1628//665 1807//665
f 1810//665 1809//665 1812//665
f 167//319 170//319 168//319 169//319
f 1625//665 1624//665 1627//665 1628//665
f 1646//76 1818//76 1819//76 1644//76
f 1751//319 1760//319 1758//319 1531//319
f 1639//76 1641//76 1822//76
f 1823//76 1824//76 1825//76
f 1723//319 1725//319 1726//319 1501//319
f 1641//76 1644//76 1819//76
f 1822//76 1821//76 1824//76
f 967//319 969//319 1230//319 1231//319
f 1733//319 1724//319 1719//319 1110//319
f 901//76 903//76 1829//76
f 1815//76 1820//76 1813//76
f 903//76 906//76 1828//76
f 1829//76 1821//76 1820//76
f 242//319 1546//319 1762//319 1565//319
f 1830//76 1832//76 1833//76 1831//76
f 1391//76 1394//76 1843//76 1846//76
f 1835//76 1834//76 1836//76 1837//76
f 351//76 347//76 346//76 349//76
f 1838//76 1836//76 1833//76 1840//76
f 1395//76 1654//76 1834//76 1835//76
f 348//76 1839//76 1838//76 351//76
f 1654//76 1656//76 1831//76 1834//76
f 1755//319 1752//319 1754//319 967//319
f 342//76 344//76 1841//76
f 1827//76 1832//76 1825//76
f 344//76 347//76 1840//76
f 1841//76 1833//76 1832//76
f 1835//76 1837//76 1844//76 1842//76
f 173//319 1743//319 1742//319 176//319
f 1398//76 1842//76 1843//76 1394//76
f 1234//319 1237//319 1235//319 1236//319
f 1047//76 1848//76 1050//76
f 1050//76 1849//76 1046//76
f 1670//76 1663//76 1847//76
f 1848//76 1847//76 1845//76
f 1395//76 1398//76 1396//76 1397//76
f 348//76 1044//76 1850//76 1839//76
f 1850//76 1849//76 1845//76 1844//76
f 1398//76 1394//76 1393//76 1396//76
f 1851//813 1852//813 1853//813
f 829//63 832//63 830//63 831//63
f 1796//184 1795//184 1791//184 1790//184
f 267//63 1452//63 1696//63 1471//63
f 1861//814 1860//814 1862//814
f 1851//813 1863//813 1852//813
f 1788//184 1790//184 1791//184 1789//184
f 1878//36 1883//36 1884//36 1879//36
f 624//184 626//184 1803//184 1607//184
f 826//63 825//63 827//63 828//63
f 1860//814 1867//814 1862//814
f 1851//813 1868//813 1863//813
f 1879//36 1884//36 1885//36 1880//36
f 1888//32 1893//32 1894//32 1889//32
f 618//184 778//184 777//184 621//184
f 1867//814 1872//814 1862//814
f 1851//813 1873//813 1868//813
f 1884//13 1889//13 1890//13 1885//13
f 1925//60 1930//60 1931//60 1926//60
f 1982//14 1987//14 1988//14 1983//14
f 2125//36 2130//36 2131//36 2126//36
f 1872//814 1877//814 1862//814
f 1851//813 1878//813 1873//813
f 1891//32 1896//32 1897//32 1892//32
f 2130//13 2135//13 2136//13 2131//13
f 1877//814 1882//814 1862//814
f 1851//813 1883//813 1878//813
f 1870//24 1875//24 1876//24 1871//24
f 1871//24 1876//24 1877//24 1872//24
f 2000//16 2005//16 2006//16 2001//16
f 1865//196 1870//196 1871//196 1866//196
f 1882//814 1887//814 1862//814
f 1851//813 1888//813 1883//813
f 2161//21 2166//21 2167//21 2162//21
f 1876//19 1881//19 1882//19 1877//19
f 1869//24 1874//24 1875//24 1870//24
f 1854//490 1864//490 1865//490 1856//490
f 1887//814 1892//814 1862//814
f 1851//813 1893//813 1888//813
f 1880//36 1885//36 1886//36 1881//36
f 217//184 1592//184 1792//184 1611//184
f 1938//490 1947//490 1948//490 1940//490
f 1883//13 1888//13 1889//13 1884//13
f 1892//814 1897//814 1862//814
f 1851//813 1898//813 1893//813
f 1909//61 1914//61 1915//61 1910//61
f 1863//815 1868//815 1869//815 1864//815
f 1864//196 1869//196 1870//196 1865//196
f 1897//814 1902//814 1862//814
f 1851//813 1903//813 1898//813
f 1914//21 1919//21 1920//21 1915//21
f 1875//19 1880//19 1881//19 1876//19
f 1868//24 1873//24 1874//24 1869//24
f 2012//18 1939//18 1941//18 2013//18
f 1902//814 1907//814 1862//814
f 1851//813 1908//813 1903//813
f 1855//46 1854//46 1856//46 1857//46
f 1896//26 1901//26 1902//26 1897//26
f 217//184 219//184 1591//184 1592//184
f 2042//36 2047//36 2048//36 2043//36
f 1907//814 1912//814 1862//814
f 1851//813 1913//813 1908//813
f 1852//490 1863//490 1864//490 1854//490
f 1901//14 1906//14 1907//14 1902//14
f 1966//816 1971//816 1972//816 1967//816
f 1792//184 1789//184 1791//184 1793//184
f 1912//814 1917//814 1862//814
f 1851//813 1918//813 1913//813
f 1906//31 1911//31 1912//31 1907//31
f 1859//46 1858//46 1860//46 1861//46
f 1452//63 1454//63 1693//63 1696//63
f 1917//814 1922//814 1862//814
f 1851//813 1923//813 1918//813
f 1910//61 1915//61 1916//61 1911//61
f 1992//61 1997//61 1998//61 1993//61
f 1913//21 1918//21 1919//21 1914//21
f 1922//814 1927//814 1862//814
f 1851//813 1928//813 1923//813
f 267//63 269//63 1451//63 1452//63
f 1893//26 1898//26 1899//26 1894//26
f 1918//16 1923//16 1924//16 1919//16
f 1927//814 1932//814 1862//814
f 1851//813 1853//813 1928//813
f 1975//26 1980//26 1981//26 1976//26
f 1921//16 1926//16 1927//16 1922//16
f 1885//13 1890//13 1891//13 1886//13
f 1932//814 1861//814 1862//814
f 1933//813 1934//813 1935//813
f 1967//816 1972//816 1973//816 1968//816
f 1971//817 1976//817 1977//817 1972//817
f 2005//818 2010//818 2011//818 2006//818
f 1943//814 1942//814 1944//814
f 1933//813 1945//813 1934//813
f 1958//19 1963//19 1964//19 1959//19
f 1920//16 1925//16 1926//16 1921//16
f 1898//14 1903//14 1904//14 1899//14
f 1980//14 1985//14 1986//14 1981//14
f 1942//814 1949//814 1944//814
f 1933//813 1950//813 1945//813
f 1890//32 1895//32 1896//32 1891//32
f 1963//36 1968//36 1969//36 1964//36
f 1972//817 1977//817 1978//817 1973//817
f 1949//814 1954//814 1944//814
f 1933//813 1955//813 1950//813
f 2063//14 2068//14 2069//14 2064//14
f 1936//490 1946//490 1947//490 1938//490
f 1954//814 1959//814 1944//814
f 1933//813 1960//813 1955//813
f 2067//819 2072//819 2073//819 2068//819
f 2084//16 2089//16 2090//16 2085//16
f 1941//46 1940//46 1942//46 1943//46
f 1950//24 1955//24 1956//24 1951//24
f 1959//814 1964//814 1944//814
f 1933//813 1965//813 1960//813
f 1976//26 1981//26 1982//26 1977//26
f 1945//20 1950//20 1951//20 1946//20
f 2034//24 2039//24 2040//24 2035//24
f 1955//19 1960//19 1961//19 1956//19
f 1964//814 1969//814 1944//814
f 1933//813 1970//813 1965//813
f 1957//19 1962//19 1963//19 1958//19
f 1934//490 1945//490 1946//490 1936//490
f 1951//24 1956//24 1957//24 1952//24
f 1969//814 1974//814 1944//814
f 1933//813 1975//813 1970//813
f 1962//36 1967//36 1968//36 1963//36
f 1947//20 1952//20 1953//20 1948//20
f 1956//19 1961//19 1962//19 1957//19
f 1997//21 2002//21 2003//21 1998//21
f 1974//814 1979//814 1944//814
f 1933//813 1980//813 1975//813
f 1935//46 1934//46 1936//46 1937//46
f 1968//816 1973//816 1974//816 1969//816
f 1961//36 1966//36 1967//36 1962//36
f 1970//817 1975//817 1976//817 1971//817
f 1979//814 1984//814 1944//814
f 1933//813 1985//813 1980//813
f 1948//20 1953//20 1954//20 1949//20
f 2211//13 2216//13 2217//13 2212//13
f 1926//60 1931//60 1932//60 1927//60
f 1928//17 1853//17 1855//17 1929//17
f 1984//814 1989//814 1944//814
f 1933//813 1990//813 1985//813
f 2018//490 2028//490 2029//490 2020//490
f 1939//46 1938//46 1940//46 1941//46
f 1940//490 1948//490 1949//490 1942//490
f 1989//814 1994//814 1944//814
f 1933//813 1995//813 1990//813
f 1894//26 1899//26 1900//26 1895//26
f 2055//32 2060//32 2061//32 2056//32
f 1960//36 1965//36 1966//36 1961//36
f 1985//31 1990//31 1991//31 1986//31
f 1994//814 1999//814 1944//814
f 1933//813 2000//813 1995//813
f 2059//26 2064//26 2065//26 2060//26
f 2068//820 2073//820 2074//820 2069//820
f 1981//14 1986//14 1987//14 1982//14
f 2038//19 2043//19 2044//19 2039//19
f 1999//814 2004//814 1944//814
f 1933//813 2005//813 2000//813
f 1952//24 1957//24 1958//24 1953//24
f 1993//61 1998//61 1999//61 1994//61
f 1995//21 2000//21 2001//21 1996//21
f 2004//814 2009//814 1944//814
f 1933//813 2010//813 2005//813
f 1973//817 1978//817 1979//817 1974//817
f 2030//20 2035//20 2036//20 2031//20
f 1991//61 1996//61 1997//61 1992//61
f 1904//31 1909//31 1910//31 1905//31
f 2009//814 2014//814 1944//814
f 1933//813 1935//813 2010//813
f 2003//16 2008//16 2009//16 2004//16
f 1965//816 1970//816 1971//816 1966//816
f 2007//818 2012//818 2013//818 2008//818
f 2014//814 1943//814 1944//814
f 2015//813 2016//813 2017//813
f 2043//36 2048//36 2049//36 2044//36
f 1931//17 1859//17 1861//17 1932//17
f 2047//13 2052//13 2053//13 2048//13
f 2025//814 2024//814 2026//814
f 2015//813 2027//813 2016//813
f 2064//14 2069//14 2070//14 2065//14
f 2002//16 2007//16 2008//16 2003//16
f 1996//21 2001//21 2002//21 1997//21
f 2024//814 2031//814 2026//814
f 2015//813 2032//813 2027//813
f 2019//46 2018//46 2020//46 2021//46
f 2020//490 2029//490 2030//490 2022//490
f 1853//46 1852//46 1854//46 1855//46
f 2022//821 2030//821 2031//821 2024//821
f 2031//814 2036//814 2026//814
f 2015//813 2037//813 2032//813
f 2048//13 2053//13 2054//13 2049//13
f 2017//46 2016//46 2018//46 2019//46
f 1986//31 1991//31 1992//31 1987//31
f 2145//14 2150//14 2151//14 2146//14
f 2036//814 2041//814 2026//814
f 2015//813 2042//813 2037//813
f 2006//818 2011//818 2012//818 2007//818
f 2117//24 2122//24 2123//24 2118//24
f 2041//814 2046//814 2026//814
f 2015//813 2047//813 2042//813
f 1978//26 1983//26 1984//26 1979//26
f 2035//24 2040//24 2041//24 2036//24
f 2060//28 2065//28 2066//28 2061//28
f 2046//814 2051//814 2026//814
f 2015//813 2052//813 2047//813
f 2039//19 2044//19 2045//19 2040//19
f 2040//19 2045//19 2046//19 2041//19
f 2010//18 1935//18 1937//18 2011//18
f 1946//20 1951//20 1952//20 1947//20
f 2051//814 2056//814 2026//814
f 2015//813 2057//813 2052//813
f 2122//19 2127//19 2128//19 2123//19
f 2077//21 2082//21 2083//21 2078//21
f 1998//21 2003//21 2004//21 1999//21
f 2023//46 2022//46 2024//46 2025//46
f 2056//814 2061//814 2026//814
f 2015//813 2062//813 2057//813
f 2033//24 2038//24 2039//24 2034//24
f 1874//19 1879//19 1880//19 1875//19
f 2027//20 2032//20 2033//20 2028//20
f 2052//32 2057//32 2058//32 2053//32
f 2061//814 2066//814 2026//814
f 2015//813 2067//813 2062//813
f 2013//18 1941//18 1943//18 2014//18
f 2032//24 2037//24 2038//24 2033//24
f 1937//46 1936//46 1938//46 1939//46
f 2066//814 2071//814 2026//814
f 2015//813 2072//813 2067//813
f 2011//18 1937//18 1939//18 2012//18
f 2044//36 2049//36 2050//36 2045//36
f 2062//14 2067//14 2068//14 2063//14
f 2071//814 2076//814 2026//814
f 2015//813 2077//813 2072//813
f 2016//821 2027//821 2028//821 2018//821
f 1905//31 1910//31 1911//31 1906//31
f 1987//31 1992//31 1993//31 1988//31
f 2076//814 2081//814 2026//814
f 2015//813 2082//813 2077//813
f 2069//820 2074//820 2075//820 2070//820
f 2070//819 2075//819 2076//819 2071//819
f 1983//14 1988//14 1989//14 1984//14
f 2081//814 2086//814 2026//814
f 2015//813 2087//813 2082//813
f 2074//15 2079//15 2080//15 2075//15
f 2028//20 2033//20 2034//20 2029//20
f 2053//32 2058//32 2059//32 2054//32
f 2086//814 2091//814 2026//814
f 2015//813 2092//813 2087//813
f 2080//21 2085//21 2086//21 2081//21
f 2091//814 2096//814 2026//814
f 2015//813 2017//813 2092//813
f 2083//16 2088//16 2089//16 2084//16
f 2045//36 2050//36 2051//36 2046//36
f 2087//818 2092//818 2093//818 2088//818
f 2096//814 2025//814 2026//814
f 2090//818 2095//818 2096//818 2091//818
f 1988//31 1993//31 1994//31 1989//31
f 2088//818 2093//818 2094//818 2089//818
f 2228//14 2233//14 2234//14 2229//14
f 2137//32 2142//32 2143//32 2138//32
f 2109//20 2114//20 2115//20 2110//20
f 2182//490 2192//490 2193//490 2184//490
f 2095//17 2023//17 2025//17 2096//17
f 2114//24 2119//24 2120//24 2115//24
f 2139//26 2144//26 2145//26 2140//26
f 2078//21 2083//21 2084//21 2079//21
f 2092//17 2017//17 2019//17 2093//17
f 2054//32 2059//32 2060//32 2055//32
f 2094//17 2021//17 2023//17 2095//17
f 2129//13 2134//13 2135//13 2130//13
f 2101//46 2100//46 2102//46 2103//46
f 2072//15 2077//15 2078//15 2073//15
f 1990//61 1995//61 1996//61 1991//61
f 2093//17 2019//17 2021//17 2094//17
f 2119//19 2124//19 2125//19 2120//19
f 2097//813 2098//813 2099//813
f 2131//13 2136//13 2137//13 2132//13
f 2121//19 2126//19 2127//19 2122//19
f 2107//814 2106//814 2108//814
f 2097//813 2109//813 2098//813
f 2008//818 2013//818 2014//818 2009//818
f 2106//814 2113//814 2108//814
f 2097//813 2114//813 2109//813
f 2166//16 2171//16 2172//16 2167//16
f 2103//46 2102//46 2104//46 2105//46
f 2113//814 2118//814 2108//814
f 2097//813 2119//813 2114//813
f 2098//490 2109//490 2110//490 2100//490
f 2099//46 2098//46 2100//46 2101//46
f 2124//36 2129//36 2130//36 2125//36
f 2118//814 2123//814 2108//814
f 2097//813 2124//813 2119//813
f 2123//814 2128//814 2108//814
f 2097//813 2129//813 2124//813
f 2156//61 2161//61 2162//61 2157//61
f 2079//21 2084//21 2085//21 2080//21
f 2142//26 2147//26 2148//26 2143//26
f 2128//814 2133//814 2108//814
f 2097//813 2134//813 2129//813
f 2105//46 2104//46 2106//46 2107//46
f 2203//19 2208//19 2209//19 2204//19
f 2116//24 2121//24 2122//24 2117//24
f 2133//814 2138//814 2108//814
f 2097//813 2139//813 2134//813
f 2126//36 2131//36 2132//36 2127//36
f 2127//36 2132//36 2133//36 2128//36
f 2138//814 2143//814 2108//814
f 2097//813 2144//813 2139//813
f 2115//24 2120//24 2121//24 2116//24
f 2212//13 2217//13 2218//13 2213//13
f 1919//16 1924//16 1925//16 1920//16
f 2143//814 2148//814 2108//814
f 2097//813 2149//813 2144//813
f 1924//60 1929//60 1930//60 1925//60
f 2148//814 2153//814 2108//814
f 2097//813 2154//813 2149//813
f 2134//32 2139//32 2140//32 2135//32
f 2192//20 2197//20 2198//20 2193//20
f 2153//814 2158//814 2108//814
f 2097//813 2159//813 2154//813
f 2140//26 2145//26 2146//26 2141//26
f 2158//814 2163//814 2108//814
f 2097//813 2164//813 2159//813
f 2151//31 2156//31 2157//31 2152//31
f 2152//31 2157//31 2158//31 2153//31
f 2075//15 2080//15 2081//15 2076//15
f 2163//814 2168//814 2108//814
f 2097//813 2169//813 2164//813
f 2132//13 2137//13 2138//13 2133//13
f 2150//31 2155//31 2156//31 2151//31
f 2168//814 2173//814 2108//814
f 2097//813 2174//813 2169//813
f 1930//17 1857//17 1859//17 1931//17
f 2177//18 2105//18 2107//18 2178//18
f 2204//19 2209//19 2210//19 2205//19
f 2173//814 2178//814 2108//814
f 2097//813 2099//813 2174//813
f 2193//20 2198//20 2199//20 2194//20
f 2178//814 2107//814 2108//814
f 2179//813 2180//813 2181//813
f 2174//18 2099//18 2101//18 2175//18
f 2167//16 2172//16 2173//16 2168//16
f 2257//17 2183//17 2185//17 2258//17
f 2171//822 2176//822 2177//822 2172//822
f 2189//814 2188//814 2190//814
f 2179//813 2191//813 2180//813
f 2110//20 2115//20 2116//20 2111//20
f 2170//822 2175//822 2176//822 2171//822
f 2188//814 2195//814 2190//814
f 2179//813 2196//813 2191//813
f 2184//490 2193//490 2194//490 2186//490
f 2185//46 2184//46 2186//46 2187//46
f 2186//821 2194//821 2195//821 2188//821
f 2195//814 2200//814 2190//814
f 2179//813 2201//813 2196//813
f 2180//821 2191//821 2192//821 2182//821
f 2181//46 2180//46 2182//46 2183//46
f 2102//490 2111//490 2112//490 2104//490
f 2200//814 2205//814 2190//814
f 2179//813 2206//813 2201//813
f 2176//18 2103//18 2105//18 2177//18
f 2242//21 2247//21 2248//21 2243//21
f 2155//61 2160//61 2161//61 2156//61
f 2196//491 2201//491 2202//491 2197//491
f 2205//814 2210//814 2190//814
f 2179//813 2211//813 2206//813
f 1856//490 1865//490 1866//490 1858//490
f 2248//16 2253//16 2254//16 2249//16
f 2210//814 2215//814 2190//814
f 2179//813 2216//813 2211//813
f 2147//14 2152//14 2153//14 2148//14
f 2172//822 2177//822 2178//822 2173//822
f 2229//823 2234//823 2235//823 2230//823
f 2206//36 2211//36 2212//36 2207//36
f 2215//814 2220//814 2190//814
f 2179//813 2221//813 2216//813
f 2224//26 2229//26 2230//26 2225//26
f 2209//36 2214//36 2215//36 2210//36
f 2202//19 2207//19 2208//19 2203//19
f 2037//19 2042//19 2043//19 2038//19
f 2220//814 2225//814 2190//814
f 2179//813 2226//813 2221//813
f 2225//814 2230//814 2190//814
f 2179//813 2231//813 2226//813
f 2164//16 2169//16 2170//16 2165//16
f 2221//26 2226//26 2227//26 2222//26
f 2230//814 2235//814 2190//814
f 2179//813 2236//813 2231//813
f 2216//32 2221//32 2222//32 2217//32
f 2226//823 2231//823 2232//823 2227//823
f 2235//814 2240//814 2190//814
f 2179//813 2241//813 2236//813
f 2100//490 2110//490 2111//490 2102//490
f 2213//13 2218//13 2219//13 2214//13
f 2199//491 2204//491 2205//491 2200//491
f 2240//814 2245//814 2190//814
f 2179//813 2246//813 2241//813
f 2233//31 2238//31 2239//31 2234//31
f 2234//31 2239//31 2240//31 2235//31
f 2245//814 2250//814 2190//814
f 2179//813 2251//813 2246//813
f 2183//46 2182//46 2184//46 2185//46
f 2232//31 2237//31 2238//31 2233//31
f 2250//814 2255//814 2190//814
f 2179//813 2256//813 2251//813
f 2243//21 2248//21 2249//21 2244//21
f 2237//15 2242//15 2243//15 2238//15
f 2255//814 2260//814 2190//814
f 2179//813 2181//813 2256//813
f 2089//818 2094//818 2095//818 2090//818
f 2241//21 2246//21 2247//21 2242//21
f 2251//818 2256//818 2257//818 2252//818
f 2253//818 2258//818 2259//818 2254//818
f 2260//814 2189//814 2190//814
f 145//824 141//824 140//824 143//824
f 72//825 71//825 74//825 75//825
f 132//826 131//826 134//826 135//826
f 78//827 77//827 80//827 81//827
f 126//828 125//828 128//828 129//828
f 97//829 92//829 95//829 94//829
f 91//830 87//830 86//830 89//830
f 1499//319 1727//319 1734//319 1522//319
f 1048//831 1045//831 1042//831 1051//831
f 1043//832 1040//832 1042//832 1045//832
f 184//833 189//833 191//833 187//833
f 2252//818 2257//818 2258//818 2253//818
f 2218//32 2223//32 2224//32 2219//32
f 1434//118 1433//118 1435//118 1436//118
f 1569//834 1571//834 1572//834 1570//834
f 1474//325 1463//325 1712//325 1710//325
f 1489//835 1487//835 1478//835 1477//835
f 292//76 294//76 1405//76 1406//76
f 1574//106 1573//106 1575//106 1576//106
f 281//836 280//836 264//836 265//836
f 1429//837 1431//837 1432//837 1430//837
f 208//334 1630//334 1629//334 211//334
f 967//319 1231//319 1766//319 1755//319
f 1419//336 1414//336 1418//336 1422//336
f 298//838 301//838 299//838 300//838
f 1619//839 1616//839 1618//839 1621//839
f 2217//32 2222//32 2223//32 2218//32
f 1826//76 1824//76 1821//76 1828//76
f 1039//840 1041//840 1042//840 1040//840
f 388//841 390//841 389//841 223//841
f 712//842 711//842 714//842 713//842
f 254//843 403//843 402//843 257//843
f 448//844 1355//844 1357//844 451//844
f 465//845 451//845 1357//845 1361//845
f 437//846 440//846 438//846 439//846
f 254//847 751//847 750//847 403//847
f 448//848 451//848 450//848 447//848
f 595//841 759//841 760//841 593//841
f 760//849 755//849 753//849 761//849
f 457//193 460//193 458//193 459//193
f 459//850 458//850 461//850 462//850
f 418//851 420//851 756//851 739//851
f 461//852 452//852 464//852 466//852
f 1166//853 1169//853 1168//853 1165//853
f 412//854 415//854 413//854 414//854
f 479//855 478//855 481//855 482//855
f 481//856 472//856 484//856 486//856
f 488//857 491//857 490//857 487//857
f 539//858 538//858 540//858 541//858
f 374//859 377//859 489//859 493//859
f 1005//860 1003//860 998//860 997//860
f 49//861 498//861 497//861 52//861
f 500//862 499//862 492//862 490//862
f 392//863 394//863 508//863 509//863
f 509//864 508//864 510//864 511//864
f 719//865 736//865 728//865 715//865
f 70//866 513//866 512//866 73//866
f 732//867 731//867 729//867 734//867
f 421//868 517//868 519//868 417//868
f 414//869 417//869 519//869 523//869
f 533//870 536//870 535//870 532//870
f 985//871 1006//871 1005//871 988//871
f 1022//872 1018//872 1017//872 1020//872
f 106//873 543//873 542//873 109//873
f 1002//874 1001//874 1003//874 1004//874
f 579//875 582//875 747//875 748//875
f 78//876 81//876 745//876 746//876
f 558//877 556//877 555//877 557//877
f 1154//878 1157//878 1156//878 1153//878
f 479//879 482//879 564//879 568//879
f 579//880 578//880 581//880 582//880
f 587//881 581//881 586//881 76//881
f 589//882 590//882 513//882 70//882
f 392//863 509//863 591//863 592//863
f 737//883 852//883 853//883 735//883
f 716//193 718//193 843//193 844//193
f 389//126 391//126 606//126 607//126
f 607//126 606//126 601//126 599//126
f 2208//36 2213//36 2214//36 2209//36
f 2169//822 2174//822 2175//822 2170//822
f 2254//818 2259//818 2260//818 2255//818
f 2194//20 2199//20 2200//20 2195//20
f 2258//17 2185//17 2187//17 2259//17
f 2160//21 2165//21 2166//21 2161//21
f 2136//32 2141//32 2142//32 2137//32
f 2162//21 2167//21 2168//21 2163//21
f 2227//14 2232//14 2233//14 2228//14
f 642//167 942//167 955//167 797//167
f 329//884 1178//884 1797//884 332//884
f 1598//81 1601//81 1804//81 1805//81
f 2259//17 2187//17 2189//17 2260//17
f 383//885 386//885 385//885 382//885
f 400//886 399//886 385//886 386//886
f 392//103 395//103 393//103 394//103
f 718//489 717//489 720//489 721//489
f 384//887 387//887 388//887 225//887
f 726//888 728//888 729//888 727//888
f 130//889 132//889 732//889 733//889
f 73//890 512//890 514//890 69//890
f 394//891 397//891 504//891 508//891
f 738//892 741//892 743//892 740//892
f 76//893 78//893 746//893 587//893
f 746//894 745//894 743//894 747//894
f 553//895 549//895 552//895 555//895
f 603//124 758//124 759//124 598//124
f 453//207 455//207 454//207 273//207
f 449//896 452//896 453//896 275//896
f 1607//780 1601//780 1600//780 1605//780
f 2197//491 2202//491 2203//491 2198//491
f 765//897 1214//897 1216//897 769//897
f 198//156 656//156 654//156 655//156
f 2244//21 2249//21 2250//21 2245//21
f 725//158 837//158 839//158 721//158
f 577//103 603//103 602//103 580//103
f 460//489 847//489 849//489 456//489
f 1236//898 1772//898 1773//898 1234//898
f 454//158 456//158 849//158 850//158
f 850//158 849//158 842//158 840//158
f 592//863 591//863 583//863 584//863
f 591//899 590//899 585//899 583//899
f 858//900 857//900 855//900 859//900
f 870//901 869//901 872//901 61//901
f 49//902 51//902 873//902 498//902
f 1022//903 1266//903 1268//903 1018//903
f 1289//904 1288//904 1281//904 1282//904
f 878//905 883//905 885//905 881//905
f 372//906 876//906 889//906 375//906
f 1136//907 1134//907 1129//907 1138//907
f 891//908 890//908 885//908 883//908
f 1054//909 1290//909 1291//909 1052//909
f 810//22 813//22 811//22 812//22
f 158//910 1101//910 1100//910 161//910
f 1101//602 1330//602 1331//602 1099//602
f 1064//155 1059//155 1063//155 1067//155
f 1072//41 1071//41 1063//41 1061//41
f 1298//76 1301//76 1299//76 1300//76
f 1019//911 1021//911 1031//911 1032//911
f 533//912 995//912 996//912 536//912
f 982//913 984//913 997//913 995//913
f 372//914 374//914 493//914 494//914
f 494//915 493//915 495//915 496//915
f 493//916 489//916 492//916 495//916
f 1013//917 1009//917 1012//917 1014//917
f 497//918 495//918 492//918 499//918
f 374//919 373//919 376//919 377//919
f 1035//920 1038//920 1036//920 1037//920
f 903//76 902//76 905//76 906//76
f 1294//575 1291//575 1293//575 1296//575
f 1522//319 1734//319 1735//319 1520//319
f 1334//128 1331//128 1333//128 1335//128
f 957//535 956//535 951//535 949//535
f 1103//603 1106//603 1353//603 1354//603
f 1669//76 1668//76 1664//76 1662//76
f 1623//76 1811//76 1818//76 1646//76
f 1226//671 1228//671 1229//671 1227//671
f 368//921 371//921 890//921 891//921
f 412//922 524//922 1265//922 1253//922
f 106//923 108//923 1150//923 543//923
f 1002//924 1004//924 1258//924 1261//924
f 1249//925 1251//925 1259//925 1257//925
f 861//926 863//926 1163//926 1164//926
f 1164//927 1163//927 1156//927 1157//927
f 468//928 471//928 470//928 467//928
f 1171//929 1170//929 1172//929 1154//929
f 1130//930 1366//930 1365//930 1133//930
f 1164//931 1157//931 1172//931 1173//931
f 1175//932 1170//932 1168//932 1176//932
f 1671//933 1673//933 1674//933 1672//933
f 1186//934 1180//934 1179//934 1184//934
f 974//671 972//671 971//671 973//671
f 1483//319 1486//319 1484//319 1485//319
f 1267//935 1284//935 1285//935 1270//935
f 1032//936 1034//936 1280//936 1284//936
f 1131//937 1125//937 1129//937 1134//937
f 1121//938 1124//938 1122//938 1123//938
f 1262//939 1260//939 1263//939 90//939
f 876//940 875//940 867//940 868//940
f 477//941 569//941 1276//941 1277//941
f 1132//942 1135//942 1145//942 1141//942
f 431//943 433//943 1139//943 1140//943
f 1140//944 1139//944 1127//944 1128//944
f 375//945 889//945 890//945 371//945
f 887//946 882//946 881//946 886//946
f 1277//947 1270//947 1285//947 1286//947
f 877//948 880//948 878//948 879//948
f 1124//949 1128//949 1127//949 1122//949
f 1123//950 1122//950 1125//950 1126//950
f 953//42 1222//42 1223//42 948//42
f 1356//951 1359//951 1358//951 1355//951
f 463//952 465//952 1361//952 1362//952
f 416//953 407//953 419//953 421//953
f 879//954 1174//954 1175//954 877//954
f 404//955 407//955 408//955 250//955
f 1719//319 1717//319 1716//319 1718//319
f 248//956 1256//956 1543//956 251//956
f 1827//76 1825//76 1824//76 1826//76
f 1185//335 1188//335 1816//335 1817//335
f 1599//334 1817//334 1808//334 1603//334
f 285//773 288//773 1426//773 1427//773
f 230//957 227//957 216//957 214//957
f 273//192 851//192 1449//192 276//192
f 851//192 841//192 1446//192 1449//192
f 1584//38 1776//38 1777//38 1582//38
f 771//534 773//534 1787//534 1553//534
f 1356//958 1475//958 1476//958 1359//958
f 1121//959 1369//959 1479//959 1480//959
f 1814//665 1812//665 1809//665 1816//665
f 1670//76 1669//76 1662//76 1663//76
f 258//325 1490//325 1489//325 261//325
f 1121//960 1480//960 1491//960 1124//960
f 1635//961 1632//961 1634//961 1637//961
f 901//76 904//76 902//76 903//76
f 294//962 297//962 1404//962 1405//962
f 1834//76 1831//76 1833//76 1836//76
f 292//76 295//76 293//76 294//76
f 1124//963 1491//963 1492//963 1128//963
f 1646//76 1644//76 1643//76 1645//76
f 1660//76 1846//76 1847//76 1663//76
f 1405//964 1404//964 1402//964 1407//964
f 1409//965 1407//965 1402//965 1401//965
f 1412//773 1415//773 1678//773 1679//773
f 1721//721 1720//721 1713//721 1712//721
f 1727//319 1729//319 1736//319 1734//319
f 1550//319 1548//319 1547//319 1549//319
f 1564//795 1558//795 1566//795 245//795
f 1552//796 1555//796 1774//796 1775//796
f 1347//721 1350//721 1720//721 1721//721
f 1491//966 1493//966 1494//966 1492//966
f 274//967 271//967 266//967 277//967
f 1578//968 1575//968 1572//968 1581//968
f 233//534 1584//534 1583//534 236//534
f 1583//969 1581//969 1572//969 1571//969
f 223//121 608//121 1589//121 226//121
f 2154//61 2159//61 2160//61 2155//61
f 299//970 296//970 291//970 302//970
f 1499//319 1522//319 1521//319 1502//319
f 1413//774 1417//774 1416//774 1411//774
f 211//971 1629//971 1617//971 215//971
f 1047//76 1050//76 1048//76 1049//76
f 1527//972 1524//972 1526//972 1529//972
f 1839//76 1850//76 1844//76 1837//76
f 1565//319 1762//319 1763//319 1563//319
f 1655//973 1650//973 1657//973 1658//973
f 1659//76 1664//76 1661//76 1410//76
f 908//76 1826//76 1828//76 906//76
f 1054//909 1052//909 1051//909 1053//909
f 233//104 235//104 1567//104 1568//104
f 1424//336 1418//336 1426//336 295//336
f 1546//319 1548//319 1759//319 1762//319
f 901//76 1815//76 1814//76 1190//76
f 1718//722 1716//722 1713//722 1720//722
f 235//796 234//796 237//796 238//796
f 1490//721 1710//721 1711//721 1488//721
f 295//336 288//336 287//336 293//336
f 1389//76 1410//76 1409//76 1392//76
f 1295//76 1297//76 1668//76 1669//76
f 908//76 906//76 905//76 907//76
f 1050//76 1046//76 1045//76 1048//76
f 1395//76 1397//76 1653//76 1654//76
f 1044//76 1043//76 1045//76 1046//76
f 1660//76 1662//76 1659//76 1389//76
f 1758//319 1761//319 1759//319 1550//319
f 1560//319 1763//319 1764//319 1234//319
f 1732//319 1725//319 1733//319 1112//319
f 1531//319 1550//319 1549//319 1534//319
f 974//671 1226//671 1227//671 972//671
f 771//104 1553//104 1551//104 1552//104
f 1458//50 1457//50 1460//50 1461//50
f 270//811 1470//811 1472//811 263//811
f 691//774 1412//774 1679//774 694//774
f 1807//665 1809//665 1810//665 1625//665
f 1117//319 1115//319 1114//319 1116//319
f 1559//795 1554//795 1558//795 1562//795
f 1722//319 1724//319 1725//319 1723//319
f 242//319 245//319 243//319 244//319
f 1819//76 1821//76 1822//76 1641//76
f 1641//76 1640//76 1643//76 1644//76
f 1829//76 1820//76 1815//76 901//76
f 348//76 350//76 1043//76 1044//76
f 1745//319 1736//319 1731//319 167//319
f 1754//319 1749//319 1756//319 970//319
f 1639//76 1642//76 1640//76 1641//76
f 1846//76 1843//76 1845//76 1847//76
f 1848//76 1845//76 1849//76 1050//76
f 173//579 964//579 1757//579 1743//579
f 964//319 963//319 965//319 966//319
f 2219//32 2224//32 2225//32 2220//32
f 2157//61 2162//61 2163//61 2158//61
f 2236//15 2241//15 2242//15 2237//15
f 655//974 640//974 1076//974 1080//974
f 1318//152 1321//152 1323//152 1320//152
f 1203//720 1220//720 1221//720 1206//720
f 626//23 625//23 628//23 629//23
f 835//975 833//975 824//975 823//975
f 650//99 653//99 917//99 918//99
f 625//23 622//23 617//23 628//23
f 656//162 653//162 652//162 654//162
f 635//162 638//162 798//162 799//162
f 1685//63 1687//63 1694//63 1692//63
f 627//184 623//184 622//184 625//184
f 705//975 702//975 701//975 703//975
f 198//974 655//974 1080//974 201//974
f 836//975 834//975 833//975 835//975
f 1089//152 1318//152 1320//152 1085//152
f 1329//152 1328//152 1321//152 1322//152
f 1210//197 1209//197 1207//197 1211//197
f 672//152 1065//152 1326//152 675//152
f 648//167 919//167 1197//167 939//167
f 317//167 320//167 318//167 319//167
f 192//152 195//152 193//152 194//152
f 1596//184 1594//184 1593//184 1595//184
f 681//55 677//55 676//55 679//55
f 679//55 676//55 665//55 663//55
f 627//184 1794//184 1795//184 623//184
f 621//23 777//23 779//23 614//23
f 1592//184 1594//184 1789//184 1792//184
f 705//975 821//975 822//975 702//975
f 1606//184 1609//184 1793//184 1794//184
f 674//577 677//577 1313//577 1314//577
f 675//152 671//152 670//152 673//152
f 678//157 704//157 1312//157 681//157
f 672//152 675//152 673//152 674//152
f 836//975 1705//975 1706//975 834//975
f 939//167 937//167 936//167 938//167
f 201//72 197//72 196//72 199//72
f 326//720 1208//720 1209//720 322//720
f 437//976 439//976 538//976 539//976
f 1326//152 1325//152 1323//152 1327//152
f 1354//977 1353//977 1344//977 1343//977
f 319//197 318//197 321//197 322//197
f 1088//492 1087//492 1077//492 1078//492
f 674//577 673//577 676//577 677//577
f 649//99 646//99 641//99 652//99
f 642//167 797//167 796//167 645//167
f 1319//152 1334//152 1335//152 1322//152
f 644//167 643//167 646//167 647//167
f 924//167 1213//167 1222//167 953//167
f 941//167 940//167 932//167 930//167
f 1213//197 1212//197 1205//197 1206//197
f 1075//72 1094//72 1095//72 1078//72
f 1086//152 1097//152 1334//152 1319//152
f 229//978 231//978 1615//978 1166//978
f 633//156 636//156 634//156 635//156
f 1781//184 1780//184 1782//184 1783//184
f 636//974 1074//974 1076//974 640//974
f 633//974 800//974 1094//974 1075//974
f 198//974 201//974 199//974 200//974
f 1086//152 1089//152 1087//152 1088//152
f 650//99 649//99 652//99 653//99
f 634//162 639//162 641//162 637//162
f 317//167 319//167 1210//167 935//167
f 673//577 670//577 665//577 676//577
f 657//157 660//157 658//157 659//157
f 1075//72 1078//72 1077//72 1074//72
f 821//975 823//975 824//975 822//975
f 635//162 634//162 637//162 638//162
f 323//74 631//74 1208//74 326//74
f 612//74 1202//74 1204//74 616//74
f 200//979 199//979 202//979 203//979
f 658//55 663//55 665//55 661//55
f 192//152 1083//152 1324//152 1070//152
f 1065//152 1064//152 1067//152 1068//152
f 326//720 322//720 321//720 324//720
f 1203//720 1206//720 1205//720 1202//720
f 668//152 667//152 670//152 671//152
f 672//152 674//152 1314//152 1066//152
f 666//152 817//152 816//152 669//152
f 1082//492 1081//492 1079//492 1084//492
f 659//55 658//55 661//55 662//55
f 201//72 1080//72 1081//72 197//72
f 592//103 584//103 604//103 605//103
f 107//980 110//980 108//980 106//980
f 683//981 688//981 690//981 686//981
f 1623//76 1646//76 1645//76 1626//76
f 762//982 765//982 763//982 764//982
f 1305//909 1303//909 1302//909 1304//909
f 1528//983 1530//983 1541//983 1539//983
f 1137//984 1152//984 1145//984 1135//984
f 1351//985 1353//985 1113//985 1110//985
f 308//667 310//667 1201//667 895//667
f 373//986 370//986 365//986 376//986
f 1467//811 1707//811 1708//811 1461//811
f 791//987 785//987 789//987 794//987
f 2246//16 2251//16 2252//16 2247//16
f 1348//988 1709//988 1703//988 1342//988
f 642//167 645//167 643//167 644//167
f 848//189 846//189 845//189 847//189
f 259//989 264//989 266//989 262//989
f 1235//672 1232//672 1229//672 1238//672
f 864//990 868//990 867//990 862//990
f 1516//991 1513//991 1510//991 1519//991
f 304//992 468//992 467//992 307//992
f 444//993 441//993 430//993 428//993
f 403//994 406//994 405//994 402//994
f 1500//995 1497//995 1494//995 1503//995
f 159//996 164//996 166//996 162//996
f 1348//997 1342//997 1341//997 1346//997
f 330//998 327//998 316//998 314//998
f 367//999 361//999 365//999 370//999
f 1523//1000 1525//1000 1526//1000 1524//1000
f 1518//1001 1514//1001 1513//1001 1516//1001
f 1518//1002 1537//1002 1525//1002 1514//1002
f 443//1003 533//1003 532//1003 446//1003
f 182//1004 178//1004 177//1004 180//1004
f 1680//781 1682//781 1683//781 1681//781
f 1083//152 1082//152 1084//152 1085//152
f 1620//1005 1619//1005 1621//1005 1622//1005
f 1636//1006 1635//1006 1637//1006 1638//1006
f 716//1007 844//1007 852//1007 737//1007
f 1534//1008 1549//1008 1541//1008 1530//1008
f 269//1009 268//1009 271//1009 272//1009
f 1352//722 1718//722 1720//722 1350//722
f 229//1010 1166//1010 1165//1010 383//1010
f 1386//1011 1388//1011 1401//1011 1399//1011
f 1386//1012 1385//1012 1387//1012 1388//1012
f 331//1013 315//1013 1181//1013 1177//1013
f 685//1014 689//1014 688//1014 683//1014
f 433//1015 436//1015 1138//1015 1139//1015
f 1517//319 1520//319 1735//319 1738//319
f 345//574 907//574 909//574 338//574
f 422//1016 976//1016 975//1016 425//1016
f 204//1017 355//1017 912//1017 207//1017
f 542//1018 540//1018 537//1018 544//1018
f 792//535 795//535 956//535 957//535
f 813//1019 806//1019 805//1019 811//1019
f 336//1020 340//1020 339//1020 334//1020
f 1780//40 1777//40 1779//40 1782//40
f 922//1021 920//1021 915//1021 914//1021
f 927//167 931//167 930//167 925//167
f 1473//50 1472//50 1464//50 1462//50
f 851//132 850//132 840//132 841//132
f 466//1022 547//1022 549//1022 462//1022
f 1767//1023 1769//1023 1770//1023 1768//1023
f 1236//672 1235//672 1238//672 1239//672
f 1119//603 1118//603 1109//603 1107//603
f 1020//1024 1017//1024 1012//1024 1010//1024
f 1225//1025 1218//1025 1768//1025 1771//1025
f 1709//1026 1708//1026 1704//1026 1703//1026
f 355//1027 340//1027 914//1027 912//1027
f 1688//57 1686//57 1683//57 1690//57
f 669//577 816//577 818//577 662//577
f 1055//45 1058//45 1056//45 1057//45
f 1502//1028 1521//1028 1509//1028 1498//1028
f 577//863 579//863 748//863 749//863
f 557//1029 555//1029 552//1029 559//1029
f 463//1030 548//1030 547//1030 466//1030
f 1036//1031 1033//1031 1028//1031 1026//1031
f 848//1007 860//1007 854//1007 846//1007
f 945//535 944//535 947//535 948//535
f 603//124 598//124 597//124 602//124
f 1340//1032 1342//1032 1703//1032 1701//1032
f 251//1033 247//1033 246//1033 249//1033
f 1178//1034 1180//1034 1799//1034 1797//1034
f 586//1035 581//1035 585//1035 588//1035
f 229//1036 383//1036 382//1036 232//1036
f 982//1037 981//1037 983//1037 984//1037
f 483//1038 486//1038 484//1038 485//1038
f 269//177 272//177 1450//177 1451//177
f 254//1039 256//1039 1569//1039 751//1039
f 1104//1040 1108//1040 1107//1040 1102//1040
f 335//1041 334//1041 337//1041 338//1041
f 333//667 911//667 1193//667 923//667
f 311//1042 315//1042 314//1042 309//1042
f 1444//781 1680//781 1681//781 1442//781
f 803//1043 806//1043 1343//1043 1339//1043
f 1208//720 1204//720 1207//720 1209//720
f 1465//811 1460//811 1464//811 1468//811
f 1243//1044 1539//1044 1540//1044 1246//1044
f 993//1045 992//1045 978//1045 979//1045
f 1642//1046 1638//1046 1637//1046 1640//1046
f 168//1047 162//1047 166//1047 171//1047
f 963//1048 960//1048 962//1048 965//1048
f 694//1049 1679//1049 1673//1049 687//1049
f 1815//76 1813//76 1812//76 1814//76
f 532//1050 535//1050 537//1050 534//1050
f 764//1051 767//1051 1769//1051 1767//1051
f 148//1052 150//1052 1015//1052 1016//1052
f 381//1053 487//1053 489//1053 377//1053
f 175//1054 178//1054 960//1054 963//1054
f 1035//1055 1037//1055 1385//1055 1386//1055
f 1805//1056 1804//1056 1800//1056 1799//1056
f 418//1057 739//1057 738//1057 518//1057
f 916//1058 913//1058 915//1058 917//1058
f 158//1040 161//1040 159//1040 160//1040
f 1057//41 1060//41 1315//41 1316//41
f 1598//81 1597//81 1600//81 1601//81
f 1214//1059 1217//1059 1219//1059 1216//1059
f 660//35 835//35 823//35 664//35
f 1186//1060 1805//1060 1799//1060 1180//1060
f 335//1041 338//1041 909//1041 910//1041
f 843//489 839//489 842//489 845//489
f 716//1007 737//1007 736//1007 719//1007
f 286//1061 1443//1061 1431//1061 290//1061
f 420//1062 419//1062 405//1062 406//1062
f 580//1063 602//1063 604//1063 584//1063
f 366//1064 1636//1064 1647//1064 369//1064
f 1024//1065 1379//1065 1381//1065 1027//1065
f 1651//1066 1648//1066 1650//1066 1652//1066
f 860//1067 859//1067 855//1067 854//1067
f 392//1063 592//1063 605//1063 395//1063
f 1701//1068 1703//1068 1704//1068 1702//1068
f 1445//118 1447//118 1448//118 1446//118
f 176//319 172//319 171//319 174//319
f 987//1069 990//1069 1244//1069 1248//1069
f 811//1070 805//1070 809//1070 814//1070
f 764//1071 763//1071 766//1071 767//1071
f 311//1072 1192//1072 1181//1072 315//1072
f 895//667 1201//667 1195//667 899//667
f 1307//1073 1671//1073 1672//1073 1310//1073
f 336//1074 922//1074 914//1074 340//1074
f 618//184 1785//184 1784//184 778//184
f 933//167 928//167 932//167 936//167
f 1183//334 1185//334 1817//334 1599//334
f 279//1075 448//1075 447//1075 282//1075
f 1459//784 1463//784 1462//784 1457//784
f 801//1076 803//1076 1339//1076 1340//1076
f 180//1077 177//1077 166//1077 164//1077
f 713//1078 715//1078 728//1078 726//1078
f 1751//319 1750//319 1752//319 1753//319
f 777//1079 775//1079 770//1079 779//1079
f 434//1080 1507//1080 1508//1080 427//1080
f 432//1081 426//1081 430//1081 435//1081
f 422//1082 1512//1082 1523//1082 976//1082
f 161//1083 1100//1083 1092//1083 165//1083
f 1314//1084 1313//1084 1311//1084 1315//1084
f 255//1085 252//1085 241//1085 239//1085
f 1300//1086 1676//1086 1677//1086 1298//1086
f 433//1087 432//1087 435//1087 436//1087
f 684//1088 687//1088 1673//1088 1671//1088
f 991//1089 993//1089 1527//1089 1528//1089
f 820//1090 808//1090 1702//1090 1705//1090
f 986//1091 983//1091 980//1091 989//1091
f 1470//811 1468//811 1464//811 1472//811
f 244//1092 243//1092 246//1092 247//1092
f 975//1093 978//1093 980//1093 977//1093
f 368//1094 367//1094 370//1094 371//1094
f 396//1095 387//1095 399//1095 401//1095
f 96//1096 99//1096 1000//1096 1001//1096
f 1532//1097 1526//1097 1535//1097 1533//1097
f 437//1098 1137//1098 1136//1098 440//1098
f 856//1099 853//1099 855//1099 857//1099
f 50//1100 53//1100 51//1100 49//1100
f 261//1101 265//1101 264//1101 259//1101
f 958//59 957//59 949//59 950//59
f 350//1102 349//1102 352//1102 353//1102
f 1840//76 1833//76 1841//76 344//76
f 1545//1103 1544//1103 1542//1103 1547//1103
f 1055//45 1057//45 1316//45 1317//45
f 1319//152 1322//152 1321//152 1318//152
f 630//154 628//154 617//154 615//154
f 810//22 812//22 1338//22 1104//22
f 210//81 213//81 1612//81 1613//81
f 861//1104 864//1104 862//1104 863//1104
f 1537//1105 1535//1105 1526//1105 1525//1105
f 329//1106 331//1106 1177//1106 1178//1106
f 304//1107 707//1107 706//1107 468//1107
f 577//863 580//863 578//863 579//863
f 1240//1108 1238//1108 1229//1108 1228//1108
f 1591//1109 1590//1109 1588//1109 1593//1109
f 150//1110 153//1110 1014//1110 1015//1110
f 231//1111 215//1111 1617//1111 1615//1111
f 279//1112 282//1112 280//1112 281//1112
f 359//1113 362//1113 1648//1113 1651//1113
f 183//45 186//45 184//45 185//45
f 2141//26 2146//26 2147//26 2142//26
f 124//1114 558//1114 557//1114 127//1114
f 1653//1115 1652//1115 1650//1115 1655//1115
f 608//121 600//121 1586//121 1589//121
f 1589//106 1586//106 1588//106 1590//106
f 904//574 897//574 896//574 902//574
f 1019//1116 1032//1116 1284//1116 1267//1116
f 174//1117 171//1117 166//1117 177//1117
f 381//1118 377//1118 376//1118 379//1118
f 1449//1119 1446//1119 1448//1119 1450//1119
f 445//1120 429//1120 977//1120 981//1120
f 1379//1121 1382//1121 1384//1121 1381//1121
f 236//1122 240//1122 239//1122 234//1122
f 1241//671 1239//671 1238//671 1240//671
f 1517//319 1516//319 1519//319 1520//319
f 1711//722 1713//722 1714//722 1485//722
f 286//1123 290//1123 289//1123 284//1123
f 774//1124 1775//1124 1769//1124 767//1124
f 781//1125 780//1125 768//1125 769//1125
f 1267//1126 1270//1126 1269//1126 1266//1126
f 485//1127 484//1127 470//1127 471//1127
f 309//1128 314//1128 316//1128 312//1128
f 1707//1129 1706//1129 1704//1129 1708//1129
f 256//1130 255//1130 239//1130 240//1130
f 819//1131 818//1131 809//1131 807//1131
f 355//1132 354//1132 339//1132 340//1132
f 443//1133 445//1133 981//1133 982//1133
f 792//535 791//535 794//535 795//535
f 308//37 894//37 1192//37 311//37
f 1580//1134 1595//1134 1587//1134 1576//1134
f 1346//1135 1341//1135 1344//1135 1349//1135
f 1595//1109 1593//1109 1588//1109 1587//1109
f 790//59 793//59 791//59 792//59
f 1305//909 1675//909 1676//909 1303//909
f 301//1136 297//1136 296//1136 299//1136
f 331//1137 330//1137 314//1137 315//1137
f 704//1138 689//1138 1308//1138 1312//1138
f 468//1139 706//1139 708//1139 471//1139
f 1613//81 1612//81 1604//81 1602//81
f 804//1140 1701//1140 1702//1140 808//1140
f 293//1141 287//1141 291//1141 296//1141
f 1553//534 1787//534 1778//534 1557//534
f 944//535 949//535 951//535 947//535
f 183//84 1073//84 1290//84 1054//84
f 1647//1142 1649//1142 1650//1142 1648//1142
f 1001//1143 1000//1143 998//1143 1003//1143
f 380//1144 364//1144 1025//1144 1029//1144
f 350//1145 353//1145 1040//1145 1043//1145
f 1486//1146 1505//1146 1493//1146 1482//1146
f 943//67 1225//67 1771//67 1241//67
f 1306//1147 1309//1147 1311//1147 1308//1147
f 357//1148 359//1148 1651//1148 1380//1148
f 810//1040 1104//1040 1102//1040 1103//1040
f 183//27 185//27 1072//27 1073//27
f 1610//780 1608//780 1604//780 1612//780
f 1512//1149 1511//1149 1513//1149 1514//1149
f 2112//20 2117//20 2118//20 2113//20
f 204//1150 206//1150 1039//1150 356//1150
f 1549//1151 1547//1151 1542//1151 1541//1151
f 133//1152 856//1152 857//1152 129//1152
f 1444//781 1442//781 1441//781 1443//781
f 1511//1153 1508//1153 1510//1153 1513//1153
f 1645//1154 1643//1154 1634//1154 1633//1154
f 838//132 841//132 840//132 837//132
f 749//1155 748//1155 741//1155 742//1155
f 991//1156 1528//1156 1539//1156 1243//1156
f 261//1157 1489//1157 1477//1157 265//1157
f 375//1158 371//1158 370//1158 373//1158
f 765//1159 769//1159 768//1159 763//1159
f 457//1007 554//1007 860//1007 848//1007
f 424//1160 423//1160 426//1160 427//1160
f 803//1161 802//1161 805//1161 806//1161
f 1183//91 1599//91 1597//91 1598//91
f 268//1162 262//1162 266//1162 271//1162
f 1773//1163 1770//1163 1774//1163 1561//1163
f 398//1164 1154//1164 1153//1164 503//1164
f 343//1165 337//1165 341//1165 346//1165
f 1192//1166 1191//1166 1182//1166 1181//1166
f 801//1167 1340//1167 1701//1167 804//1167
f 1679//1168 1678//1168 1674//1168 1673//1168
f 1100//1169 1098//1169 1093//1169 1092//1169
f 539//1170 541//1170 1151//1170 1152//1170
f 912//1171 914//1171 915//1171 913//1171
f 380//1172 379//1172 363//1172 364//1172
f 1349//1173 1344//1173 1351//1173 1352//1173
f 1726//319 1728//319 1727//319 1499//319
f 580//863 584//863 583//863 578//863
f 369//1174 362//1174 361//1174 367//1174
f 911//667 899//667 1195//667 1193//667
f 958//67 950//67 1228//67 1226//67
f 185//41 188//41 1071//41 1072//41
f 1222//1175 1221//1175 1219//1175 1223//1175
f 1338//602 1337//602 1333//602 1332//602
f 2104//490 2112//490 2113//490 2106//490
f 199//1176 196//1176 191//1176 202//1176
f 183//601 1054//601 1053//601 186//601
f 1256//1177 1246//1177 1540//1177 1543//1177
f 1215//1178 1767//1178 1768//1178 1218//1178
f 1007//1179 1010//1179 1012//1179 1009//1179
f 1103//603 1102//603 1105//603 1106//603
f 1184//1180 1179//1180 1182//1180 1187//1180
f 483//1181 485//1181 712//1181 713//1181
f 1528//1182 1527//1182 1529//1182 1530//1182
f 1797//1183 1799//1183 1800//1183 1798//1183
f 1425//76 1422//76 1424//76 292//76
f 431//1184 1496//1184 1507//1184 434//1184
f 332//1185 328//1185 327//1185 330//1185
f 1502//1186 1498//1186 1497//1186 1500//1186
f 349//1187 346//1187 341//1187 352//1187
f 810//1040 1103//1040 1354//1040 813//1040
f 1580//1109 1576//1109 1575//1109 1578//1109
f 812//602 811//602 814//602 815//602
f 632//154 1801//154 1802//154 629//154
f 678//35 680//35 821//35 705//35
f 179//1188 783//1188 959//1188 182//1188
f 793//1189 786//1189 785//1189 791//1189
f 1178//1190 1177//1190 1179//1190 1180//1190
f 281//1191 265//1191 1477//1191 1475//1191
f 418//1192 421//1192 419//1192 420//1192
f 1710//721 1712//721 1713//721 1711//721
f 279//1193 1356//1193 1355//1193 448//1193
f 160//603 159//603 162//603 163//603
f 1340//1194 1339//1194 1341//1194 1342//1194
f 1691//781 1690//781 1683//781 1682//781
f 790//67 974//67 973//67 793//67
f 236//1195 1583//1195 1571//1195 240//1195
f 1312//1196 1308//1196 1311//1196 1313//1196
f 182//1197 959//1197 960//1197 178//1197
f 698//1198 695//1198 690//1198 701//1198
f 360//1199 1023//1199 1025//1199 364//1199
f 919//163 918//163 920//163 921//163
f 923//578 1193//578 1194//578 921//578
f 942//167 931//167 954//167 955//167
f 659//55 662//55 818//55 819//55
f 204//1200 356//1200 354//1200 355//1200
f 1543//1201 1540//1201 1542//1201 1544//1201
f 1568//104 1567//104 1556//104 1557//104
f 226//106 1589//106 1590//106 222//106
f 1485//722 1484//722 1487//722 1488//722
f 72//1202 75//1202 588//1202 589//1202
f 1031//1203 1030//1203 1028//1203 1033//1203
f 1810//76 1812//76 1811//76 1623//76
f 1035//1204 1279//1204 1278//1204 1038//1204
f 596//348 600//348 599//348 594//348
f 211//1205 215//1205 214//1205 209//1205
f 440//1206 436//1206 435//1206 438//1206
f 1822//76 1824//76 1823//76 1639//76
f 325//1207 328//1207 1798//1207 1801//1207
f 325//1208 324//1208 327//1208 328//1208
f 425//1209 975//1209 977//1209 429//1209
f 1684//57 1681//57 1683//57 1686//57
f 1279//1210 1399//1210 1400//1210 1282//1210
f 1585//106 1587//106 1588//106 1586//106
f 1396//1211 1393//1211 1384//1211 1382//1211
f 1006//1212 1004//1212 1003//1212 1005//1212
f 992//1213 989//1213 980//1213 978//1213
f 981//1214 977//1214 980//1214 983//1214
f 1771//1215 1768//1215 1770//1215 1772//1215
f 235//796 238//796 1566//796 1567//796
f 1623//76 1626//76 1624//76 1625//76
f 254//1216 257//1216 255//1216 256//1216
f 1035//1217 1386//1217 1399//1217 1279//1217
f 1187//1218 1182//1218 1189//1218 1190//1218
f 838//192 1445//192 1446//192 841//192
f 439//1219 438//1219 441//1219 442//1219
f 457//1007 459//1007 553//1007 554//1007
f 1049//575 1052//575 1291//575 1294//575
f 994//1220 1242//1220 1244//1220 990//1220
f 234//1221 239//1221 241//1221 237//1221
f 1677//1222 1674//1222 1678//1222 1421//1222
f 378//1223 381//1223 379//1223 380//1223
f 179//1224 182//1224 180//1224 181//1224
f 457//189 848//189 847//189 460//189
f 1615//1225 1617//1225 1618//1225 1616//1225
f 1775//1226 1774//1226 1770//1226 1769//1226
f 94//1227 96//1227 1001//1227 1002//1227
f 1675//1228 1672//1228 1674//1228 1676//1228
f 1021//1229 1011//1229 1030//1229 1031//1229
f 109//1230 105//1230 104//1230 107//1230
f 258//325 1474//325 1710//325 1490//325
f 206//1231 190//1231 1041//1231 1039//1231
f 1385//1232 1381//1232 1384//1232 1387//1232
f 1120//1040 1119//1040 1107//1040 1108//1040
f 150//1233 149//1233 152//1233 153//1233
f 1237//319 1233//319 1232//319 1235//319
f 684//1234 683//1234 686//1234 687//1234
f 1440//177 1436//177 1435//177 1438//177
f 219//1134 222//1134 1590//1134 1591//1134
f 608//348 607//348 599//348 600//348
f 538//1235 534//1235 537//1235 540//1235
f 483//1236 563//1236 562//1236 486//1236
f 424//1237 427//1237 1508//1237 1511//1237
f 334//1238 339//1238 341//1238 337//1238
f 181//1239 180//1239 164//1239 165//1239
f 320//163 1199//163 1200//163 313//163
f 1455//1009 1453//1009 1448//1009 1447//1009
f 192//152 1070//152 1069//152 195//152
f 494//1240 496//1240 874//1240 875//1240
f 306//1241 305//1241 289//1241 290//1241
f 354//1242 352//1242 341//1242 339//1242
f 991//1243 994//1243 992//1243 993//1243
f 1811//76 1813//76 1820//76 1818//76
f 1496//1244 1495//1244 1497//1244 1498//1244
f 1347//721 1346//721 1349//721 1350//721
f 973//1245 971//1245 962//1245 961//1245
f 1467//811 1461//811 1460//811 1465//811
f 356//1246 353//1246 352//1246 354//1246
f 443//1247 982//1247 995//1247 533//1247
f 790//59 792//59 957//59 958//59
f 378//1248 380//1248 1029//1248 1008//1248
f 813//1249 1354//1249 1343//1249 806//1249
f 1496//1250 1498//1250 1509//1250 1507//1250
f 1579//40 1578//40 1581//40 1582//40
f 790//67 958//67 1226//67 974//67
f 1803//1251 1802//1251 1800//1251 1804//1251
f 648//167 939//167 938//167 651//167
f 310//578 313//578 1200//578 1201//578
f 993//1252 979//1252 1524//1252 1527//1252
f 1539//1253 1541//1253 1542//1253 1540//1253
f 279//1254 281//1254 1475//1254 1356//1254
f 694//1255 687//1255 686//1255 692//1255
f 1438//1256 1435//1256 1432//1256 1441//1256
f 1392//1257 1388//1257 1387//1257 1390//1257
f 256//1258 240//1258 1571//1258 1569//1258
f 911//37 910//37 898//37 899//37
f 703//1259 701//1259 690//1259 688//1259
f 1705//1260 1702//1260 1704//1260 1706//1260
f 964//319 966//319 1756//319 1757//319
f 1183//334 1186//334 1184//334 1185//334
f 987//1261 986//1261 989//1261 990//1261
f 1006//1262 1257//1262 1258//1262 1004//1262
f 1631//1263 1633//1263 1634//1263 1632//1263
f 310//578 309//578 312//578 313//578
f 1505//1264 1503//1264 1494//1264 1493//1264
f 1380//1265 1651//1265 1652//1265 1383//1265
f 1317//1266 1316//1266 1309//1266 1310//1266
f 609//74 1203//74 1202//74 612//74
f 1090//1267 1092//1267 1093//1267 1091//1267
f 357//1268 360//1268 358//1268 359//1268
f 991//1269 1243//1269 1242//1269 994//1269
f 994//1270 990//1270 989//1270 992//1270
f 1443//1271 1441//1271 1432//1271 1431//1271
f 1392//1272 1409//1272 1401//1272 1388//1272
f 463//1273 1362//1273 1370//1273 548//1273
f 1626//1274 1645//1274 1633//1274 1622//1274
f 438//1275 435//1275 430//1275 441//1275
f 1290//909 1292//909 1293//909 1291//909
f 847//489 845//489 842//489 849//489
f 463//1276 466//1276 464//1276 465//1276
f 1486//1277 1482//1277 1481//1277 1484//1277
f 446//1278 442//1278 441//1278 444//1278
f 1037//1279 1036//1279 1026//1279 1027//1279
f 1512//1280 1514//1280 1525//1280 1523//1280
f 1451//177 1450//177 1448//177 1453//177
f 642//167 644//167 941//167 942//167
f 1065//152 1068//152 1325//152 1326//152
f 459//1281 462//1281 549//1281 553//1281
f 219//1134 218//1134 221//1134 222//1134
f 176//319 1742//319 1744//319 172//319
f 1776//38 1778//38 1779//38 1777//38
f 1189//1282 1191//1282 904//1282 901//1282
f 969//672 968//672 971//672 972//672
f 1642//1283 1657//1283 1649//1283 1638//1283
f 1304//1284 1302//1284 1293//1284 1292//1284
f 1023//1285 1026//1285 1028//1285 1025//1285
f 943//59 946//59 944//59 945//59
f 894//129 897//129 1191//129 1192//129
f 401//1286 502//1286 504//1286 397//1286
f 398//1287 400//1287 1171//1287 1154//1287
f 1403//1288 1400//1288 1402//1288 1404//1288
f 578//1289 583//1289 585//1289 581//1289
f 968//1290 965//1290 962//1290 971//1290
f 422//1291 425//1291 423//1291 424//1291
f 1058//84 1304//84 1292//84 1062//84
f 1120//22 1108//22 1332//22 1330//22
f 820//1292 819//1292 807//1292 808//1292
f 633//974 1075//974 1074//974 636//974
f 1458//50 1461//50 1708//50 1709//50
f 1584//38 1582//38 1581//38 1583//38
f 179//1293 784//1293 782//1293 783//1293
f 1066//155 1314//155 1315//155 1060//155
f 774//1294 767//1294 766//1294 772//1294
f 1019//1295 1022//1295 1020//1295 1021//1295
f 1592//184 1591//184 1593//184 1594//184
f 194//492 197//492 1081//492 1082//492
f 778//40 776//40 775//40 777//40
f 959//1296 961//1296 962//1296 960//1296
f 383//1297 1165//1297 1167//1297 386//1297
f 439//1298 442//1298 534//1298 538//1298
f 976//1299 979//1299 978//1299 975//1299
f 844//1007 846//1007 854//1007 852//1007
f 344//76 343//76 346//76 347//76
f 1629//1300 1627//1300 1618//1300 1617//1300
f 1053//1301 1051//1301 1042//1301 1041//1301
f 158//1040 160//1040 1119//1040 1120//1040
f 678//35 705//35 703//35 704//35
f 1307//1302 1310//1302 1309//1302 1306//1302
f 173//579 175//579 963//579 964//579
f 332//1303 1797//1303 1798//1303 328//1303
f 1024//1304 1027//1304 1026//1304 1023//1304
f 175//1305 174//1305 177//1305 178//1305
f 284//1306 289//1306 291//1306 287//1306
f 1577//184 1580//184 1578//184 1579//184
f 924//167 953//167 952//167 927//167
f 2256//17 2181//17 2183//17 2257//17
f 697//63 699//63 825//63 826//63
f 508//1307 504//1307 507//1307 510//1307
f 1636//1308 1638//1308 1649//1308 1647//1308
f 1225//1309 1224//1309 1217//1309 1218//1309
f 420//1310 406//1310 752//1310 756//1310
f 1316//1311 1315//1311 1311//1311 1309//1311
f 443//1312 446//1312 444//1312 445//1312
f 161//1313 165//1313 164//1313 159//1313
f 403//1314 750//1314 752//1314 406//1314
f 498//1315 873//1315 874//1315 496//1315
f 682//1316 684//1316 1671//1316 1307//1316
f 400//1317 386//1317 1167//1317 1171//1317
f 465//1318 464//1318 450//1318 451//1318
f 1220//1319 1216//1319 1219//1319 1221//1319
f 1605//780 1600//780 1604//780 1608//780
f 244//1320 247//1320 1544//1320 1545//1320
f 379//1321 376//1321 365//1321 363//1321
f 1714//319 1716//319 1715//319 1483//319
f 358//1322 363//1322 365//1322 361//1322
f 359//1323 358//1323 361//1323 362//1323
f 1397//1324 1396//1324 1382//1324 1383//1324
f 357//1325 1380//1325 1379//1325 1024//1325
f 434//1326 427//1326 426//1326 432//1326
f 360//1327 364//1327 363//1327 358//1327
f 800//1328 788//1328 1091//1328 1094//1328
f 333//667 923//667 922//667 336//667
f 206//1329 205//1329 189//1329 190//1329
f 697//63 700//63 698//63 699//63
f 2120//19 2125//19 2126//19 2121//19
f 2144//14 2149//14 2150//14 2145//14
f 1881//36 1886//36 1887//36 1882//36
f 1889//32 1894//32 1895//32 1890//32
f 1857//46 1856//46 1858//46 1859//46
f 1577//184 1781//184 1788//184 1596//184
f 697//63 1689//63 1688//63 700//63
f 294//1330 293//1330 296//1330 297//1330
f 317//167 935//167 933//167 934//167
f 2293//13 2298//13 2299//13 2294//13
f 2333//818 2338//818 2339//818 2334//818
f 2340//17 2267//17 2269//17 2341//17
f 2285//19 2290//19 2291//19 2286//19
f 2269//46 2268//46 2270//46 2271//46
f 2330//16 2335//16 2336//16 2331//16
f 2314//31 2319//31 2320//31 2315//31
f 2324//21 2329//21 2330//21 2325//21
f 2306//26 2311//26 2312//26 2307//26
f 2316//31 2321//31 2322//31 2317//31
f 2298//32 2303//32 2304//32 2299//32
f 2329//16 2334//16 2335//16 2330//16
f 2308//14 2313//14 2314//14 2309//14
f 2303//26 2308//26 2309//26 2304//26
f 2299//32 2304//32 2305//32 2300//32
f 2261//813 2262//813 2263//813
f 2295//13 2300//13 2301//13 2296//13
f 2321//61 2326//61 2327//61 2322//61
f 2291//36 2296//36 2297//36 2292//36
f 2271//814 2270//814 2272//814
f 2261//813 2273//813 2262//813
f 2290//36 2295//36 2296//36 2291//36
f 2270//814 2277//814 2272//814
f 2261//813 2278//813 2273//813
f 2265//46 2264//46 2266//46 2267//46
f 2267//46 2266//46 2268//46 2269//46
f 2300//32 2305//32 2306//32 2301//32
f 2277//814 2282//814 2272//814
f 2261//813 2283//813 2278//813
f 2328//16 2333//16 2334//16 2329//16
f 2273//20 2278//20 2279//20 2274//20
f 2282//814 2287//814 2272//814
f 2261//813 2288//813 2283//813
f 2287//814 2292//814 2272//814
f 2261//813 2293//813 2288//813
f 2280//24 2285//24 2286//24 2281//24
f 2313//31 2318//31 2319//31 2314//31
f 2274//20 2279//20 2280//20 2275//20
f 2283//19 2288//19 2289//19 2284//19
f 2292//814 2297//814 2272//814
f 2261//813 2298//813 2293//813
f 2279//24 2284//24 2285//24 2280//24
f 2320//61 2325//61 2326//61 2321//61
f 2297//814 2302//814 2272//814
f 2261//813 2303//813 2298//813
f 2266//490 2275//490 2276//490 2268//490
f 2275//20 2280//20 2281//20 2276//20
f 2284//19 2289//19 2290//19 2285//19
f 2302//814 2307//814 2272//814
f 2261//813 2308//813 2303//813
f 2263//46 2262//46 2264//46 2265//46
f 2307//814 2312//814 2272//814
f 2261//813 2313//813 2308//813
f 2276//20 2281//20 2282//20 2277//20
f 2312//814 2317//814 2272//814
f 2261//813 2318//813 2313//813
f 2305//26 2310//26 2311//26 2306//26
f 2268//490 2276//490 2277//490 2270//490
f 2317//814 2322//814 2272//814
f 2261//813 2323//813 2318//813
f 2310//14 2315//14 2316//14 2311//14
f 2304//26 2309//26 2310//26 2305//26
f 2289//36 2294//36 2295//36 2290//36
f 2322//814 2327//814 2272//814
f 2261//813 2328//813 2323//813
f 2309//14 2314//14 2315//14 2310//14
f 2334//818 2339//818 2340//818 2335//818
f 2327//814 2332//814 2272//814
f 2261//813 2333//813 2328//813
f 2296//13 2301//13 2302//13 2297//13
f 2281//24 2286//24 2287//24 2282//24
f 2323//21 2328//21 2329//21 2324//21
f 2332//814 2337//814 2272//814
f 2261//813 2338//813 2333//813
f 2325//21 2330//21 2331//21 2326//21
f 2319//61 2324//61 2325//61 2320//61
f 2288//36 2293//36 2294//36 2289//36
f 2337//814 2342//814 2272//814
f 2261//813 2263//813 2338//813
f 2331//16 2336//16 2337//16 2332//16
f 2335//818 2340//818 2341//818 2336//818
f 2342//814 2271//814 2272//814
f 2326//21 2331//21 2332//21 2327//21
f 2339//17 2265//17 2267//17 2340//17
f 2318//61 2323//61 2324//61 2319//61
f 2315//31 2320//31 2321//31 2316//31
f 2336//818 2341//818 2342//818 2337//818
f 2264//490 2274//490 2275//490 2266//490
f 2341//17 2269//17 2271//17 2342//17
f 2311//14 2316//14 2317//14 2312//14
f 2338//17 2263//17 2265//17 2339//17
f 2301//32 2306//32 2307//32 2302//32
f 2294//13 2299//13 2300//13 2295//13
f 2286//19 2291//19 2292//19 2287//19
f 2278//24 2283//24 2284//24 2279//24
f 2262//490 2273//490 2274//490 2264//490
